{
        "Aaron Finch": {
                "team_name": "royal-challengers-bangalore",
                "stats": {
                        "Matches": "0",
                        "Runs": "0",
                        "Wickets": "0"
                },
                "details": {
                        "Role": "",
                        "Batting Style": "Right-handed",
                        "Bowling Style": "",
                        "Nationality": "Australian",
                        "Nickname": "",
                        "DOB": "17 November 1986",
                        "IPL Debut": ""
                },
                "Batting and Fielding": [
                        {
                                "Batting and Fielding": "Career",
                                "Mat": 75,
                                "No": 7,
                                "Runs": 1737,
                                "HS": "88",
                                "Ave": 26.31,
                                "BF": 1329,
                                "SR": 130.69,
                                "100": 0,
                                "50": 13,
                                "4s": 176,
                                "6s": 67,
                                "CT": 24,
                                "ST": 0
                        },
                        {
                                "Batting and Fielding": "2018",
                                "Mat": 10,
                                "No": 1,
                                "Runs": 134,
                                "HS": "46",
                                "Ave": 16.75,
                                "BF": 100,
                                "SR": 134.0,
                                "100": 0,
                                "50": 0,
                                "4s": 6,
                                "6s": 8,
                                "CT": 4,
                                "ST": 0
                        },
                        {
                                "Batting and Fielding": "2017",
                                "Mat": 13,
                                "No": 1,
                                "Runs": 299,
                                "HS": "72",
                                "Ave": 24.91,
                                "BF": 180,
                                "SR": 166.11,
                                "100": 0,
                                "50": 2,
                                "4s": 25,
                                "6s": 19,
                                "CT": 5,
                                "ST": 0
                        },
                        {
                                "Batting and Fielding": "2016",
                                "Mat": 13,
                                "No": 2,
                                "Runs": 393,
                                "HS": "74",
                                "Ave": 39.3,
                                "BF": 299,
                                "SR": 131.43,
                                "100": 0,
                                "50": 5,
                                "4s": 45,
                                "6s": 11,
                                "CT": 3,
                                "ST": 0
                        },
                        {
                                "Batting and Fielding": "2015",
                                "Mat": 3,
                                "No": 1,
                                "Runs": 23,
                                "HS": "10",
                                "Ave": 11.5,
                                "BF": 33,
                                "SR": 69.69,
                                "100": 0,
                                "50": 0,
                                "4s": 4,
                                "6s": 0,
                                "CT": 0,
                                "ST": 0
                        },
                        {
                                "Batting and Fielding": "2014",
                                "Mat": 13,
                                "No": 2,
                                "Runs": 309,
                                "HS": "88",
                                "Ave": 28.09,
                                "BF": 263,
                                "SR": 117.49,
                                "100": 0,
                                "50": 2,
                                "4s": 31,
                                "6s": 9,
                                "CT": 6,
                                "ST": 0
                        },
                        {
                                "Batting and Fielding": "2013",
                                "Mat": 14,
                                "No": 0,
                                "Runs": 456,
                                "HS": "67",
                                "Ave": 32.57,
                                "BF": 336,
                                "SR": 135.71,
                                "100": 0,
                                "50": 4,
                                "4s": 54,
                                "6s": 16,
                                "CT": 2,
                                "ST": 0
                        },
                        {
                                "Batting and Fielding": "2012",
                                "Mat": 2,
                                "No": 0,
                                "Runs": 55,
                                "HS": "30",
                                "Ave": 27.5,
                                "BF": 51,
                                "SR": 107.84,
                                "100": 0,
                                "50": 0,
                                "4s": 8,
                                "6s": 0,
                                "CT": 0,
                                "ST": 0
                        },
                        {
                                "Batting and Fielding": "2011",
                                "Mat": 6,
                                "No": 0,
                                "Runs": 47,
                                "HS": "25",
                                "Ave": 7.83,
                                "BF": 46,
                                "SR": 102.17,
                                "100": 0,
                                "50": 0,
                                "4s": 3,
                                "6s": 3,
                                "CT": 4,
                                "ST": 0
                        },
                        {
                                "Batting and Fielding": "2010",
                                "Mat": 1,
                                "No": 0,
                                "Runs": 21,
                                "HS": "21",
                                "Ave": 21.0,
                                "BF": 21,
                                "SR": 100.0,
                                "100": 0,
                                "50": 0,
                                "4s": 0,
                                "6s": 1,
                                "CT": 0,
                                "ST": 0
                        }
                ],
                "Bowling": [
                        {
                                "Bowling": "Career",
                                "Mat": 75,
                                "Balls": 43,
                                "Runs": 67,
                                "WKTS": 1,
                                "BBM": "1/11",
                                "Ave": "67.00",
                                "Econ": "9.34",
                                "SR": "43.00",
                                "4W": 0,
                                "5W": 0
                        },
                        {
                                "Bowling": "2018",
                                "Mat": 10,
                                "Balls": 0,
                                "Runs": 0,
                                "WKTS": 0,
                                "BBM": "0/0",
                                "Ave": "-",
                                "Econ": "-",
                                "SR": "-",
                                "4W": 0,
                                "5W": 0
                        },
                        {
                                "Bowling": "2017",
                                "Mat": 13,
                                "Balls": 0,
                                "Runs": 0,
                                "WKTS": 0,
                                "BBM": "0/0",
                                "Ave": "-",
                                "Econ": "-",
                                "SR": "-",
                                "4W": 0,
                                "5W": 0
                        },
                        {
                                "Bowling": "2016",
                                "Mat": 13,
                                "Balls": 0,
                                "Runs": 0,
                                "WKTS": 0,
                                "BBM": "0/0",
                                "Ave": "-",
                                "Econ": "-",
                                "SR": "-",
                                "4W": 0,
                                "5W": 0
                        },
                        {
                                "Bowling": "2015",
                                "Mat": 3,
                                "Balls": 0,
                                "Runs": 0,
                                "WKTS": 0,
                                "BBM": "0/0",
                                "Ave": "-",
                                "Econ": "-",
                                "SR": "-",
                                "4W": 0,
                                "5W": 0
                        },
                        {
                                "Bowling": "2014",
                                "Mat": 13,
                                "Balls": 0,
                                "Runs": 0,
                                "WKTS": 0,
                                "BBM": "0/0",
                                "Ave": "-",
                                "Econ": "-",
                                "SR": "-",
                                "4W": 0,
                                "5W": 0
                        },
                        {
                                "Bowling": "2013",
                                "Mat": 14,
                                "Balls": 24,
                                "Runs": 49,
                                "WKTS": 1,
                                "BBM": "1/11",
                                "Ave": "49.00",
                                "Econ": "12.25",
                                "SR": "24.00",
                                "4W": 0,
                                "5W": 0
                        },
                        {
                                "Bowling": "2012",
                                "Mat": 2,
                                "Balls": 0,
                                "Runs": 0,
                                "WKTS": 0,
                                "BBM": "0/0",
                                "Ave": "-",
                                "Econ": "-",
                                "SR": "-",
                                "4W": 0,
                                "5W": 0
                        },
                        {
                                "Bowling": "2011",
                                "Mat": 6,
                                "Balls": 12,
                                "Runs": 13,
                                "WKTS": 0,
                                "BBM": "0/0",
                                "Ave": "-",
                                "Econ": "6.50",
                                "SR": "-",
                                "4W": 0,
                                "5W": 0
                        },
                        {
                                "Bowling": "2010",
                                "Mat": 1,
                                "Balls": 7,
                                "Runs": 5,
                                "WKTS": 0,
                                "BBM": "0/5",
                                "Ave": "-",
                                "Econ": "4.28",
                                "SR": "-",
                                "4W": 0,
                                "5W": 0
                        }
                ]
        }
}