{
        "AB de Villiers": {
                "team_name": "royal-challengers-bangalore",
                "stats": {
                        "Matches": "13",
                        "Runs": "442",
                        "Wickets": "0"
                },
                "details": {
                        "Role": "",
                        "Batting Style": "Right-handed",
                        "Bowling Style": "",
                        "Nationality": "South African",
                        "Nickname": "",
                        "DOB": "17 February 1984",
                        "IPL Debut": ""
                },
                "Batting and Fielding": [
                        {
                                "Batting and Fielding": "Career",
                                "Mat": 154,
                                "No": 32,
                                "Runs": 4395,
                                "HS": "133",
                                "Ave": 39.95,
                                "BF": 2906,
                                "SR": 151.23,
                                "100": 3,
                                "50": 33,
                                "4s": 357,
                                "6s": 212,
                                "CT": 93,
                                "ST": 7
                        },
                        {
                                "Batting and Fielding": "2019",
                                "Mat": 13,
                                "No": 3,
                                "Runs": 442,
                                "HS": "82",
                                "Ave": 44.2,
                                "BF": 287,
                                "SR": 154.0,
                                "100": 0,
                                "50": 5,
                                "4s": 31,
                                "6s": 26,
                                "CT": 6,
                                "ST": 0
                        },
                        {
                                "Batting and Fielding": "2018",
                                "Mat": 12,
                                "No": 2,
                                "Runs": 480,
                                "HS": "90",
                                "Ave": 53.33,
                                "BF": 275,
                                "SR": 174.54,
                                "100": 0,
                                "50": 6,
                                "4s": 39,
                                "6s": 30,
                                "CT": 6,
                                "ST": 0
                        },
                        {
                                "Batting and Fielding": "2017",
                                "Mat": 9,
                                "No": 1,
                                "Runs": 216,
                                "HS": "89",
                                "Ave": 27.0,
                                "BF": 163,
                                "SR": 132.51,
                                "100": 0,
                                "50": 1,
                                "4s": 12,
                                "6s": 16,
                                "CT": 6,
                                "ST": 0
                        },
                        {
                                "Batting and Fielding": "2016",
                                "Mat": 16,
                                "No": 3,
                                "Runs": 687,
                                "HS": "129",
                                "Ave": 52.84,
                                "BF": 407,
                                "SR": 168.79,
                                "100": 1,
                                "50": 6,
                                "4s": 57,
                                "6s": 37,
                                "CT": 19,
                                "ST": 0
                        },
                        {
                                "Batting and Fielding": "2015",
                                "Mat": 16,
                                "No": 3,
                                "Runs": 513,
                                "HS": "133",
                                "Ave": 46.63,
                                "BF": 293,
                                "SR": 175.08,
                                "100": 1,
                                "50": 2,
                                "4s": 60,
                                "6s": 22,
                                "CT": 8,
                                "ST": 0
                        },
                        {
                                "Batting and Fielding": "2014",
                                "Mat": 14,
                                "No": 2,
                                "Runs": 395,
                                "HS": "89",
                                "Ave": 35.9,
                                "BF": 249,
                                "SR": 158.63,
                                "100": 0,
                                "50": 3,
                                "4s": 26,
                                "6s": 24,
                                "CT": 7,
                                "ST": 0
                        },
                        {
                                "Batting and Fielding": "2013",
                                "Mat": 14,
                                "No": 4,
                                "Runs": 360,
                                "HS": "64",
                                "Ave": 36.0,
                                "BF": 219,
                                "SR": 164.38,
                                "100": 0,
                                "50": 2,
                                "4s": 34,
                                "6s": 15,
                                "CT": 8,
                                "ST": 0
                        },
                        {
                                "Batting and Fielding": "2012",
                                "Mat": 16,
                                "No": 5,
                                "Runs": 319,
                                "HS": "64",
                                "Ave": 39.87,
                                "BF": 198,
                                "SR": 161.11,
                                "100": 0,
                                "50": 3,
                                "4s": 26,
                                "6s": 15,
                                "CT": 4,
                                "ST": 5
                        },
                        {
                                "Batting and Fielding": "2011",
                                "Mat": 16,
                                "No": 4,
                                "Runs": 312,
                                "HS": "65",
                                "Ave": 34.66,
                                "BF": 243,
                                "SR": 128.39,
                                "100": 0,
                                "50": 2,
                                "4s": 21,
                                "6s": 14,
                                "CT": 7,
                                "ST": 2
                        },
                        {
                                "Batting and Fielding": "2010",
                                "Mat": 7,
                                "No": 0,
                                "Runs": 111,
                                "HS": "45",
                                "Ave": 15.85,
                                "BF": 119,
                                "SR": 93.27,
                                "100": 0,
                                "50": 0,
                                "4s": 7,
                                "6s": 0,
                                "CT": 6,
                                "ST": 0
                        },
                        {
                                "Batting and Fielding": "2009",
                                "Mat": 15,
                                "No": 4,
                                "Runs": 465,
                                "HS": "105",
                                "Ave": 51.66,
                                "BF": 355,
                                "SR": 130.98,
                                "100": 1,
                                "50": 3,
                                "4s": 39,
                                "6s": 12,
                                "CT": 13,
                                "ST": 0
                        },
                        {
                                "Batting and Fielding": "2008",
                                "Mat": 6,
                                "No": 1,
                                "Runs": 95,
                                "HS": "26",
                                "Ave": 19.0,
                                "BF": 98,
                                "SR": 96.93,
                                "100": 0,
                                "50": 0,
                                "4s": 5,
                                "6s": 1,
                                "CT": 3,
                                "ST": 0
                        }
                ],
                "Bowling": [
                        {
                                "Bowling": "Career",
                                "Mat": 154,
                                "Balls": 0,
                                "Runs": 0,
                                "WKTS": 0,
                                "BBM": "0/0",
                                "Ave": "-",
                                "Econ": "-",
                                "SR": "-",
                                "4W": 0,
                                "5W": 0
                        },
                        {
                                "Bowling": "2019",
                                "Mat": 13,
                                "Balls": 0,
                                "Runs": 0,
                                "WKTS": 0,
                                "BBM": "0/0",
                                "Ave": "-",
                                "Econ": "-",
                                "SR": "-",
                                "4W": 0,
                                "5W": 0
                        },
                        {
                                "Bowling": "2018",
                                "Mat": 12,
                                "Balls": 0,
                                "Runs": 0,
                                "WKTS": 0,
                                "BBM": "0/0",
                                "Ave": "-",
                                "Econ": "-",
                                "SR": "-",
                                "4W": 0,
                                "5W": 0
                        },
                        {
                                "Bowling": "2017",
                                "Mat": 9,
                                "Balls": 0,
                                "Runs": 0,
                                "WKTS": 0,
                                "BBM": "0/0",
                                "Ave": "-",
                                "Econ": "-",
                                "SR": "-",
                                "4W": 0,
                                "5W": 0
                        },
                        {
                                "Bowling": "2016",
                                "Mat": 16,
                                "Balls": 0,
                                "Runs": 0,
                                "WKTS": 0,
                                "BBM": "0/0",
                                "Ave": "-",
                                "Econ": "-",
                                "SR": "-",
                                "4W": 0,
                                "5W": 0
                        },
                        {
                                "Bowling": "2015",
                                "Mat": 16,
                                "Balls": 0,
                                "Runs": 0,
                                "WKTS": 0,
                                "BBM": "0/0",
                                "Ave": "-",
                                "Econ": "-",
                                "SR": "-",
                                "4W": 0,
                                "5W": 0
                        },
                        {
                                "Bowling": "2014",
                                "Mat": 14,
                                "Balls": 0,
                                "Runs": 0,
                                "WKTS": 0,
                                "BBM": "0/0",
                                "Ave": "-",
                                "Econ": "-",
                                "SR": "-",
                                "4W": 0,
                                "5W": 0
                        },
                        {
                                "Bowling": "2013",
                                "Mat": 14,
                                "Balls": 0,
                                "Runs": 0,
                                "WKTS": 0,
                                "BBM": "0/0",
                                "Ave": "-",
                                "Econ": "-",
                                "SR": "-",
                                "4W": 0,
                                "5W": 0
                        },
                        {
                                "Bowling": "2012",
                                "Mat": 16,
                                "Balls": 0,
                                "Runs": 0,
                                "WKTS": 0,
                                "BBM": "0/0",
                                "Ave": "-",
                                "Econ": "-",
                                "SR": "-",
                                "4W": 0,
                                "5W": 0
                        },
                        {
                                "Bowling": "2011",
                                "Mat": 16,
                                "Balls": 0,
                                "Runs": 0,
                                "WKTS": 0,
                                "BBM": "0/0",
                                "Ave": "-",
                                "Econ": "-",
                                "SR": "-",
                                "4W": 0,
                                "5W": 0
                        },
                        {
                                "Bowling": "2010",
                                "Mat": 7,
                                "Balls": 0,
                                "Runs": 0,
                                "WKTS": 0,
                                "BBM": "0/0",
                                "Ave": "-",
                                "Econ": "-",
                                "SR": "-",
                                "4W": 0,
                                "5W": 0
                        },
                        {
                                "Bowling": "2009",
                                "Mat": 15,
                                "Balls": 0,
                                "Runs": 0,
                                "WKTS": 0,
                                "BBM": "0/0",
                                "Ave": "-",
                                "Econ": "-",
                                "SR": "-",
                                "4W": 0,
                                "5W": 0
                        },
                        {
                                "Bowling": "2008",
                                "Mat": 6,
                                "Balls": 0,
                                "Runs": 0,
                                "WKTS": 0,
                                "BBM": "0/0",
                                "Ave": "-",
                                "Econ": "-",
                                "SR": "-",
                                "4W": 0,
                                "5W": 0
                        }
                ]
        }
}