{
        "Aditya Tare": {
                "team_name": "mumbai-indians",
                "stats": {
                        "Matches": "0",
                        "Runs": "0",
                        "Wickets": "0"
                },
                "details": {
                        "Role": "",
                        "Batting Style": "Right-handed",
                        "Bowling Style": "",
                        "Nationality": "Indian",
                        "Nickname": "",
                        "DOB": "07 November 1987",
                        "IPL Debut": ""
                },
                "Batting and Fielding": [
                        {
                                "Batting and Fielding": "Career",
                                "Mat": 35,
                                "No": 4,
                                "Runs": 339,
                                "HS": 59,
                                "Ave": 14.12,
                                "BF": 273,
                                "SR": 124.17,
                                "100": 0,
                                "50": 1,
                                "4s": 40,
                                "6s": 11,
                                "CT": 3,
                                "ST": 5
                        },
                        {
                                "Batting and Fielding": "2017",
                                "Mat": 3,
                                "No": 0,
                                "Runs": 18,
                                "HS": 18,
                                "Ave": 6.0,
                                "BF": 23,
                                "SR": 78.26,
                                "100": 0,
                                "50": 0,
                                "4s": 3,
                                "6s": 0,
                                "CT": 0,
                                "ST": 0
                        },
                        {
                                "Batting and Fielding": "2016",
                                "Mat": 3,
                                "No": 0,
                                "Runs": 8,
                                "HS": 8,
                                "Ave": 4.0,
                                "BF": 15,
                                "SR": 53.33,
                                "100": 0,
                                "50": 0,
                                "4s": 1,
                                "6s": 0,
                                "CT": 1,
                                "ST": 0
                        },
                        {
                                "Batting and Fielding": "2015",
                                "Mat": 2,
                                "No": 0,
                                "Runs": 14,
                                "HS": 7,
                                "Ave": 7.0,
                                "BF": 17,
                                "SR": 82.35,
                                "100": 0,
                                "50": 0,
                                "4s": 1,
                                "6s": 0,
                                "CT": 1,
                                "ST": 0
                        },
                        {
                                "Batting and Fielding": "2014",
                                "Mat": 15,
                                "No": 4,
                                "Runs": 126,
                                "HS": 24,
                                "Ave": 15.75,
                                "BF": 98,
                                "SR": 128.57,
                                "100": 0,
                                "50": 0,
                                "4s": 16,
                                "6s": 3,
                                "CT": 0,
                                "ST": 3
                        },
                        {
                                "Batting and Fielding": "2013",
                                "Mat": 5,
                                "No": 0,
                                "Runs": 123,
                                "HS": 59,
                                "Ave": 24.6,
                                "BF": 84,
                                "SR": 146.42,
                                "100": 0,
                                "50": 1,
                                "4s": 14,
                                "6s": 5,
                                "CT": 0,
                                "ST": 0
                        },
                        {
                                "Batting and Fielding": "2010",
                                "Mat": 7,
                                "No": 0,
                                "Runs": 50,
                                "HS": 23,
                                "Ave": 12.5,
                                "BF": 36,
                                "SR": 138.88,
                                "100": 0,
                                "50": 0,
                                "4s": 5,
                                "6s": 3,
                                "CT": 1,
                                "ST": 2
                        }
                ],
                "Bowling": [
                        {
                                "Bowling": "Career",
                                "Mat": 35,
                                "Balls": 0,
                                "Runs": 0,
                                "WKTS": 0,
                                "BBM": "0/0",
                                "Ave": "-",
                                "Econ": "-",
                                "SR": "-",
                                "4W": 0,
                                "5W": 0
                        },
                        {
                                "Bowling": "2017",
                                "Mat": 3,
                                "Balls": 0,
                                "Runs": 0,
                                "WKTS": 0,
                                "BBM": "0/0",
                                "Ave": "-",
                                "Econ": "-",
                                "SR": "-",
                                "4W": 0,
                                "5W": 0
                        },
                        {
                                "Bowling": "2016",
                                "Mat": 3,
                                "Balls": 0,
                                "Runs": 0,
                                "WKTS": 0,
                                "BBM": "0/0",
                                "Ave": "-",
                                "Econ": "-",
                                "SR": "-",
                                "4W": 0,
                                "5W": 0
                        },
                        {
                                "Bowling": "2015",
                                "Mat": 2,
                                "Balls": 0,
                                "Runs": 0,
                                "WKTS": 0,
                                "BBM": "0/0",
                                "Ave": "-",
                                "Econ": "-",
                                "SR": "-",
                                "4W": 0,
                                "5W": 0
                        },
                        {
                                "Bowling": "2014",
                                "Mat": 15,
                                "Balls": 0,
                                "Runs": 0,
                                "WKTS": 0,
                                "BBM": "0/0",
                                "Ave": "-",
                                "Econ": "-",
                                "SR": "-",
                                "4W": 0,
                                "5W": 0
                        },
                        {
                                "Bowling": "2013",
                                "Mat": 5,
                                "Balls": 0,
                                "Runs": 0,
                                "WKTS": 0,
                                "BBM": "0/0",
                                "Ave": "-",
                                "Econ": "-",
                                "SR": "-",
                                "4W": 0,
                                "5W": 0
                        },
                        {
                                "Bowling": "2010",
                                "Mat": 7,
                                "Balls": 0,
                                "Runs": 0,
                                "WKTS": 0,
                                "BBM": "0/0",
                                "Ave": "-",
                                "Econ": "-",
                                "SR": "-",
                                "4W": 0,
                                "5W": 0
                        }
                ]
        }
}