{
        "Ajinkya Rahane": {
                "team_name": "delhi-capitals",
                "stats": {
                        "Matches": "14",
                        "Runs": "393",
                        "Wickets": "0"
                },
                "details": {
                        "Role": "",
                        "Batting Style": "Right-handed",
                        "Bowling Style": "",
                        "Nationality": "Indian",
                        "Nickname": "",
                        "DOB": "06 June 1988",
                        "IPL Debut": ""
                },
                "Batting and Fielding": [
                        {
                                "Batting and Fielding": "Career",
                                "Mat": 140,
                                "No": 16,
                                "Runs": 3820,
                                "HS": "105",
                                "Ave": 32.93,
                                "BF": 3133,
                                "SR": 121.92,
                                "100": 2,
                                "50": 27,
                                "4s": 404,
                                "6s": 74,
                                "CT": 55,
                                "ST": 0
                        },
                        {
                                "Batting and Fielding": "2019",
                                "Mat": 14,
                                "No": 1,
                                "Runs": 393,
                                "HS": "105",
                                "Ave": 32.75,
                                "BF": 285,
                                "SR": 137.89,
                                "100": 1,
                                "50": 1,
                                "4s": 45,
                                "6s": 9,
                                "CT": 5,
                                "ST": 0
                        },
                        {
                                "Batting and Fielding": "2018",
                                "Mat": 15,
                                "No": 1,
                                "Runs": 370,
                                "HS": "65",
                                "Ave": 28.46,
                                "BF": 313,
                                "SR": 118.21,
                                "100": 0,
                                "50": 1,
                                "4s": 39,
                                "6s": 5,
                                "CT": 4,
                                "ST": 0
                        },
                        {
                                "Batting and Fielding": "2017",
                                "Mat": 16,
                                "No": 1,
                                "Runs": 382,
                                "HS": "60",
                                "Ave": 25.46,
                                "BF": 323,
                                "SR": 118.26,
                                "100": 0,
                                "50": 2,
                                "4s": 35,
                                "6s": 9,
                                "CT": 7,
                                "ST": 0
                        },
                        {
                                "Batting and Fielding": "2016",
                                "Mat": 14,
                                "No": 3,
                                "Runs": 480,
                                "HS": "74",
                                "Ave": 43.63,
                                "BF": 379,
                                "SR": 126.64,
                                "100": 0,
                                "50": 6,
                                "4s": 54,
                                "6s": 9,
                                "CT": 7,
                                "ST": 0
                        },
                        {
                                "Batting and Fielding": "2015",
                                "Mat": 14,
                                "No": 2,
                                "Runs": 540,
                                "HS": "91",
                                "Ave": 49.09,
                                "BF": 413,
                                "SR": 130.75,
                                "100": 0,
                                "50": 4,
                                "4s": 53,
                                "6s": 13,
                                "CT": 3,
                                "ST": 0
                        },
                        {
                                "Batting and Fielding": "2014",
                                "Mat": 13,
                                "No": 0,
                                "Runs": 339,
                                "HS": "72",
                                "Ave": 28.25,
                                "BF": 291,
                                "SR": 116.49,
                                "100": 0,
                                "50": 3,
                                "4s": 38,
                                "6s": 3,
                                "CT": 6,
                                "ST": 0
                        },
                        {
                                "Batting and Fielding": "2013",
                                "Mat": 18,
                                "No": 4,
                                "Runs": 488,
                                "HS": "68",
                                "Ave": 34.85,
                                "BF": 458,
                                "SR": 106.55,
                                "100": 0,
                                "50": 4,
                                "4s": 42,
                                "6s": 11,
                                "CT": 10,
                                "ST": 0
                        },
                        {
                                "Batting and Fielding": "2012",
                                "Mat": 16,
                                "No": 2,
                                "Runs": 560,
                                "HS": "103",
                                "Ave": 40.0,
                                "BF": 433,
                                "SR": 129.33,
                                "100": 1,
                                "50": 3,
                                "4s": 73,
                                "6s": 10,
                                "CT": 11,
                                "ST": 0
                        },
                        {
                                "Batting and Fielding": "2011",
                                "Mat": 10,
                                "No": 1,
                                "Runs": 120,
                                "HS": "52",
                                "Ave": 20.0,
                                "BF": 98,
                                "SR": 122.44,
                                "100": 0,
                                "50": 1,
                                "4s": 12,
                                "6s": 2,
                                "CT": 1,
                                "ST": 0
                        },
                        {
                                "Batting and Fielding": "2009",
                                "Mat": 8,
                                "No": 1,
                                "Runs": 144,
                                "HS": "62",
                                "Ave": 24.0,
                                "BF": 123,
                                "SR": 117.07,
                                "100": 0,
                                "50": 2,
                                "4s": 12,
                                "6s": 3,
                                "CT": 1,
                                "ST": 0
                        },
                        {
                                "Batting and Fielding": "2008",
                                "Mat": 2,
                                "No": 0,
                                "Runs": 4,
                                "HS": "4",
                                "Ave": 2.0,
                                "BF": 17,
                                "SR": 23.52,
                                "100": 0,
                                "50": 0,
                                "4s": 1,
                                "6s": 0,
                                "CT": 0,
                                "ST": 0
                        }
                ],
                "Bowling": [
                        {
                                "Bowling": "Career",
                                "Mat": 140,
                                "Balls": 6,
                                "Runs": 5,
                                "WKTS": 1,
                                "BBM": "1/5",
                                "Ave": "5.00",
                                "Econ": "5.00",
                                "SR": "6.00",
                                "4W": 0,
                                "5W": 0
                        },
                        {
                                "Bowling": "2019",
                                "Mat": 14,
                                "Balls": 0,
                                "Runs": 0,
                                "WKTS": 0,
                                "BBM": "0/0",
                                "Ave": "-",
                                "Econ": "-",
                                "SR": "-",
                                "4W": 0,
                                "5W": 0
                        },
                        {
                                "Bowling": "2018",
                                "Mat": 15,
                                "Balls": 0,
                                "Runs": 0,
                                "WKTS": 0,
                                "BBM": "0/0",
                                "Ave": "-",
                                "Econ": "-",
                                "SR": "-",
                                "4W": 0,
                                "5W": 0
                        },
                        {
                                "Bowling": "2017",
                                "Mat": 16,
                                "Balls": 0,
                                "Runs": 0,
                                "WKTS": 0,
                                "BBM": "0/0",
                                "Ave": "-",
                                "Econ": "-",
                                "SR": "-",
                                "4W": 0,
                                "5W": 0
                        },
                        {
                                "Bowling": "2016",
                                "Mat": 14,
                                "Balls": 0,
                                "Runs": 0,
                                "WKTS": 0,
                                "BBM": "0/0",
                                "Ave": "-",
                                "Econ": "-",
                                "SR": "-",
                                "4W": 0,
                                "5W": 0
                        },
                        {
                                "Bowling": "2015",
                                "Mat": 14,
                                "Balls": 0,
                                "Runs": 0,
                                "WKTS": 0,
                                "BBM": "0/0",
                                "Ave": "-",
                                "Econ": "-",
                                "SR": "-",
                                "4W": 0,
                                "5W": 0
                        },
                        {
                                "Bowling": "2014",
                                "Mat": 13,
                                "Balls": 0,
                                "Runs": 0,
                                "WKTS": 0,
                                "BBM": "0/0",
                                "Ave": "-",
                                "Econ": "-",
                                "SR": "-",
                                "4W": 0,
                                "5W": 0
                        },
                        {
                                "Bowling": "2013",
                                "Mat": 18,
                                "Balls": 0,
                                "Runs": 0,
                                "WKTS": 0,
                                "BBM": "0/0",
                                "Ave": "-",
                                "Econ": "-",
                                "SR": "-",
                                "4W": 0,
                                "5W": 0
                        },
                        {
                                "Bowling": "2012",
                                "Mat": 16,
                                "Balls": 0,
                                "Runs": 0,
                                "WKTS": 0,
                                "BBM": "0/0",
                                "Ave": "-",
                                "Econ": "-",
                                "SR": "-",
                                "4W": 0,
                                "5W": 0
                        },
                        {
                                "Bowling": "2011",
                                "Mat": 10,
                                "Balls": 0,
                                "Runs": 0,
                                "WKTS": 0,
                                "BBM": "0/0",
                                "Ave": "-",
                                "Econ": "-",
                                "SR": "-",
                                "4W": 0,
                                "5W": 0
                        },
                        {
                                "Bowling": "2009",
                                "Mat": 8,
                                "Balls": 6,
                                "Runs": 5,
                                "WKTS": 1,
                                "BBM": "1/5",
                                "Ave": "5.00",
                                "Econ": "5.00",
                                "SR": "6.00",
                                "4W": 0,
                                "5W": 0
                        },
                        {
                                "Bowling": "2008",
                                "Mat": 2,
                                "Balls": 0,
                                "Runs": 0,
                                "WKTS": 0,
                                "BBM": "0/0",
                                "Ave": "-",
                                "Econ": "-",
                                "SR": "-",
                                "4W": 0,
                                "5W": 0
                        }
                ]
        }
}