{
        "Ambati Rayudu": {
                "team_name": "chennai-super-kings",
                "stats": {
                        "Matches": "17",
                        "Runs": "282",
                        "Wickets": "0"
                },
                "details": {
                        "Role": "",
                        "Batting Style": "Right-handed",
                        "Bowling Style": "",
                        "Nationality": "Indian",
                        "Nickname": "",
                        "DOB": "23 September 1985",
                        "IPL Debut": ""
                },
                "Batting and Fielding": [
                        {
                                "Batting and Fielding": "Career",
                                "Mat": 147,
                                "No": 25,
                                "Runs": 3300,
                                "HS": "100",
                                "Ave": 28.69,
                                "BF": 2620,
                                "SR": 125.95,
                                "100": 1,
                                "50": 18,
                                "4s": 278,
                                "6s": 120,
                                "CT": 53,
                                "ST": 2
                        },
                        {
                                "Batting and Fielding": "2019",
                                "Mat": 17,
                                "No": 5,
                                "Runs": 282,
                                "HS": "57",
                                "Ave": 23.5,
                                "BF": 303,
                                "SR": 93.06,
                                "100": 0,
                                "50": 1,
                                "4s": 20,
                                "6s": 7,
                                "CT": 6,
                                "ST": 0
                        },
                        {
                                "Batting and Fielding": "2018",
                                "Mat": 16,
                                "No": 2,
                                "Runs": 602,
                                "HS": "100",
                                "Ave": 43.0,
                                "BF": 402,
                                "SR": 149.75,
                                "100": 1,
                                "50": 3,
                                "4s": 53,
                                "6s": 34,
                                "CT": 2,
                                "ST": 0
                        },
                        {
                                "Batting and Fielding": "2017",
                                "Mat": 5,
                                "No": 0,
                                "Runs": 91,
                                "HS": "63",
                                "Ave": 18.2,
                                "BF": 78,
                                "SR": 116.66,
                                "100": 0,
                                "50": 1,
                                "4s": 7,
                                "6s": 3,
                                "CT": 3,
                                "ST": 0
                        },
                        {
                                "Batting and Fielding": "2016",
                                "Mat": 13,
                                "No": 1,
                                "Runs": 334,
                                "HS": "65",
                                "Ave": 30.36,
                                "BF": 278,
                                "SR": 120.14,
                                "100": 0,
                                "50": 2,
                                "4s": 28,
                                "6s": 12,
                                "CT": 4,
                                "ST": 0
                        },
                        {
                                "Batting and Fielding": "2015",
                                "Mat": 15,
                                "No": 5,
                                "Runs": 281,
                                "HS": "53",
                                "Ave": 31.22,
                                "BF": 193,
                                "SR": 145.59,
                                "100": 0,
                                "50": 1,
                                "4s": 18,
                                "6s": 16,
                                "CT": 9,
                                "ST": 0
                        },
                        {
                                "Batting and Fielding": "2014",
                                "Mat": 15,
                                "No": 0,
                                "Runs": 361,
                                "HS": "68",
                                "Ave": 25.78,
                                "BF": 287,
                                "SR": 125.78,
                                "100": 0,
                                "50": 2,
                                "4s": 31,
                                "6s": 8,
                                "CT": 6,
                                "ST": 0
                        },
                        {
                                "Batting and Fielding": "2013",
                                "Mat": 19,
                                "No": 3,
                                "Runs": 265,
                                "HS": "37",
                                "Ave": 18.92,
                                "BF": 231,
                                "SR": 114.71,
                                "100": 0,
                                "50": 0,
                                "4s": 22,
                                "6s": 4,
                                "CT": 8,
                                "ST": 0
                        },
                        {
                                "Batting and Fielding": "2012",
                                "Mat": 17,
                                "No": 6,
                                "Runs": 333,
                                "HS": "81",
                                "Ave": 37.0,
                                "BF": 252,
                                "SR": 132.14,
                                "100": 0,
                                "50": 2,
                                "4s": 21,
                                "6s": 14,
                                "CT": 2,
                                "ST": 0
                        },
                        {
                                "Batting and Fielding": "2011",
                                "Mat": 16,
                                "No": 2,
                                "Runs": 395,
                                "HS": "63",
                                "Ave": 28.21,
                                "BF": 350,
                                "SR": 112.85,
                                "100": 0,
                                "50": 4,
                                "4s": 44,
                                "6s": 9,
                                "CT": 7,
                                "ST": 1
                        },
                        {
                                "Batting and Fielding": "2010",
                                "Mat": 14,
                                "No": 1,
                                "Runs": 356,
                                "HS": "55",
                                "Ave": 27.38,
                                "BF": 246,
                                "SR": 144.71,
                                "100": 0,
                                "50": 2,
                                "4s": 34,
                                "6s": 13,
                                "CT": 6,
                                "ST": 1
                        }
                ],
                "Bowling": [
                        {
                                "Bowling": "Career",
                                "Mat": 147,
                                "Balls": 18,
                                "Runs": 22,
                                "WKTS": 0,
                                "BBM": "0/0",
                                "Ave": "-",
                                "Econ": "7.33",
                                "SR": "-",
                                "4W": 0,
                                "5W": 0
                        },
                        {
                                "Bowling": "2019",
                                "Mat": 17,
                                "Balls": 0,
                                "Runs": 0,
                                "WKTS": 0,
                                "BBM": "0/0",
                                "Ave": "-",
                                "Econ": "-",
                                "SR": "-",
                                "4W": 0,
                                "5W": 0
                        },
                        {
                                "Bowling": "2018",
                                "Mat": 16,
                                "Balls": 0,
                                "Runs": 0,
                                "WKTS": 0,
                                "BBM": "0/0",
                                "Ave": "-",
                                "Econ": "-",
                                "SR": "-",
                                "4W": 0,
                                "5W": 0
                        },
                        {
                                "Bowling": "2017",
                                "Mat": 5,
                                "Balls": 0,
                                "Runs": 0,
                                "WKTS": 0,
                                "BBM": "0/0",
                                "Ave": "-",
                                "Econ": "-",
                                "SR": "-",
                                "4W": 0,
                                "5W": 0
                        },
                        {
                                "Bowling": "2016",
                                "Mat": 13,
                                "Balls": 0,
                                "Runs": 0,
                                "WKTS": 0,
                                "BBM": "0/0",
                                "Ave": "-",
                                "Econ": "-",
                                "SR": "-",
                                "4W": 0,
                                "5W": 0
                        },
                        {
                                "Bowling": "2015",
                                "Mat": 15,
                                "Balls": 0,
                                "Runs": 0,
                                "WKTS": 0,
                                "BBM": "0/0",
                                "Ave": "-",
                                "Econ": "-",
                                "SR": "-",
                                "4W": 0,
                                "5W": 0
                        },
                        {
                                "Bowling": "2014",
                                "Mat": 15,
                                "Balls": 0,
                                "Runs": 0,
                                "WKTS": 0,
                                "BBM": "0/0",
                                "Ave": "-",
                                "Econ": "-",
                                "SR": "-",
                                "4W": 0,
                                "5W": 0
                        },
                        {
                                "Bowling": "2013",
                                "Mat": 19,
                                "Balls": 0,
                                "Runs": 0,
                                "WKTS": 0,
                                "BBM": "0/0",
                                "Ave": "-",
                                "Econ": "-",
                                "SR": "-",
                                "4W": 0,
                                "5W": 0
                        },
                        {
                                "Bowling": "2012",
                                "Mat": 17,
                                "Balls": 0,
                                "Runs": 0,
                                "WKTS": 0,
                                "BBM": "0/0",
                                "Ave": "-",
                                "Econ": "-",
                                "SR": "-",
                                "4W": 0,
                                "5W": 0
                        },
                        {
                                "Bowling": "2011",
                                "Mat": 16,
                                "Balls": 18,
                                "Runs": 22,
                                "WKTS": 0,
                                "BBM": "0/0",
                                "Ave": "-",
                                "Econ": "7.33",
                                "SR": "-",
                                "4W": 0,
                                "5W": 0
                        },
                        {
                                "Bowling": "2010",
                                "Mat": 14,
                                "Balls": 0,
                                "Runs": 0,
                                "WKTS": 0,
                                "BBM": "0/0",
                                "Ave": "-",
                                "Econ": "-",
                                "SR": "-",
                                "4W": 0,
                                "5W": 0
                        }
                ]
        }
}