{
        "Amit Mishra": {
                "team_name": "delhi-capitals",
                "stats": {
                        "Matches": "11",
                        "Runs": "21",
                        "Wickets": "11"
                },
                "details": {
                        "Role": "",
                        "Batting Style": "Right-handed",
                        "Bowling Style": "",
                        "Nationality": "Indian",
                        "Nickname": "",
                        "DOB": "24 November 1982",
                        "IPL Debut": ""
                },
                "Batting and Fielding": [
                        {
                                "Batting and Fielding": "Career",
                                "Mat": 147,
                                "No": 25,
                                "Runs": 362,
                                "HS": "31",
                                "Ave": "11.67",
                                "BF": 389,
                                "SR": 93.05,
                                "100": 0,
                                "50": 0,
                                "4s": 29,
                                "6s": 5,
                                "CT": 22,
                                "ST": 0
                        },
                        {
                                "Batting and Fielding": "2019",
                                "Mat": 11,
                                "No": 2,
                                "Runs": 21,
                                "HS": "8",
                                "Ave": "10.50",
                                "BF": 24,
                                "SR": 87.5,
                                "100": 0,
                                "50": 0,
                                "4s": 2,
                                "6s": 0,
                                "CT": 1,
                                "ST": 0
                        },
                        {
                                "Batting and Fielding": "2018",
                                "Mat": 10,
                                "No": 1,
                                "Runs": 1,
                                "HS": "1",
                                "Ave": "-",
                                "BF": 2,
                                "SR": 50.0,
                                "100": 0,
                                "50": 0,
                                "4s": 0,
                                "6s": 0,
                                "CT": 0,
                                "ST": 0
                        },
                        {
                                "Batting and Fielding": "2017",
                                "Mat": 14,
                                "No": 5,
                                "Runs": 49,
                                "HS": "13",
                                "Ave": "49.00",
                                "BF": 52,
                                "SR": 94.23,
                                "100": 0,
                                "50": 0,
                                "4s": 2,
                                "6s": 2,
                                "CT": 3,
                                "ST": 0
                        },
                        {
                                "Batting and Fielding": "2016",
                                "Mat": 14,
                                "No": 0,
                                "Runs": 4,
                                "HS": "3",
                                "Ave": "2.00",
                                "BF": 14,
                                "SR": 28.57,
                                "100": 0,
                                "50": 0,
                                "4s": 0,
                                "6s": 0,
                                "CT": 3,
                                "ST": 0
                        },
                        {
                                "Batting and Fielding": "2015",
                                "Mat": 12,
                                "No": 2,
                                "Runs": 8,
                                "HS": "4",
                                "Ave": "4.00",
                                "BF": 12,
                                "SR": 66.66,
                                "100": 0,
                                "50": 0,
                                "4s": 0,
                                "6s": 0,
                                "CT": 2,
                                "ST": 0
                        },
                        {
                                "Batting and Fielding": "2014",
                                "Mat": 10,
                                "No": 1,
                                "Runs": 4,
                                "HS": "4",
                                "Ave": "4.00",
                                "BF": 7,
                                "SR": 57.14,
                                "100": 0,
                                "50": 0,
                                "4s": 0,
                                "6s": 0,
                                "CT": 0,
                                "ST": 0
                        },
                        {
                                "Batting and Fielding": "2013",
                                "Mat": 17,
                                "No": 2,
                                "Runs": 89,
                                "HS": "30",
                                "Ave": "14.83",
                                "BF": 96,
                                "SR": 92.7,
                                "100": 0,
                                "50": 0,
                                "4s": 9,
                                "6s": 0,
                                "CT": 2,
                                "ST": 0
                        },
                        {
                                "Batting and Fielding": "2012",
                                "Mat": 14,
                                "No": 2,
                                "Runs": 16,
                                "HS": "8",
                                "Ave": "5.33",
                                "BF": 20,
                                "SR": 80.0,
                                "100": 0,
                                "50": 0,
                                "4s": 1,
                                "6s": 0,
                                "CT": 1,
                                "ST": 0
                        },
                        {
                                "Batting and Fielding": "2011",
                                "Mat": 14,
                                "No": 5,
                                "Runs": 68,
                                "HS": "25",
                                "Ave": "17.00",
                                "BF": 49,
                                "SR": 138.77,
                                "100": 0,
                                "50": 0,
                                "4s": 9,
                                "6s": 1,
                                "CT": 2,
                                "ST": 0
                        },
                        {
                                "Batting and Fielding": "2010",
                                "Mat": 14,
                                "No": 3,
                                "Runs": 39,
                                "HS": "12",
                                "Ave": "9.75",
                                "BF": 51,
                                "SR": 76.47,
                                "100": 0,
                                "50": 0,
                                "4s": 1,
                                "6s": 0,
                                "CT": 4,
                                "ST": 0
                        },
                        {
                                "Batting and Fielding": "2009",
                                "Mat": 11,
                                "No": 2,
                                "Runs": 26,
                                "HS": "13",
                                "Ave": "8.66",
                                "BF": 20,
                                "SR": 130.0,
                                "100": 0,
                                "50": 0,
                                "4s": 2,
                                "6s": 2,
                                "CT": 2,
                                "ST": 0
                        },
                        {
                                "Batting and Fielding": "2008",
                                "Mat": 6,
                                "No": 0,
                                "Runs": 37,
                                "HS": "31",
                                "Ave": "12.33",
                                "BF": 42,
                                "SR": 88.09,
                                "100": 0,
                                "50": 0,
                                "4s": 3,
                                "6s": 0,
                                "CT": 2,
                                "ST": 0
                        }
                ],
                "Bowling": [
                        {
                                "Bowling": "Career",
                                "Mat": 147,
                                "Balls": 3101,
                                "Runs": 3799,
                                "WKTS": 157,
                                "BBM": "5/17",
                                "Ave": 24.19,
                                "Econ": 7.35,
                                "SR": 19.75,
                                "4W": 3,
                                "5W": 1
                        },
                        {
                                "Bowling": "2019",
                                "Mat": 11,
                                "Balls": 240,
                                "Runs": 270,
                                "WKTS": 11,
                                "BBM": "3/17",
                                "Ave": 24.54,
                                "Econ": 6.75,
                                "SR": 21.81,
                                "4W": 0,
                                "5W": 0
                        },
                        {
                                "Bowling": "2018",
                                "Mat": 10,
                                "Balls": 222,
                                "Runs": 264,
                                "WKTS": 12,
                                "BBM": "3/19",
                                "Ave": 22.0,
                                "Econ": 7.13,
                                "SR": 18.5,
                                "4W": 0,
                                "5W": 0
                        },
                        {
                                "Bowling": "2017",
                                "Mat": 14,
                                "Balls": 233,
                                "Runs": 343,
                                "WKTS": 10,
                                "BBM": "3/11",
                                "Ave": 34.3,
                                "Econ": 8.83,
                                "SR": 23.3,
                                "4W": 0,
                                "5W": 0
                        },
                        {
                                "Bowling": "2016",
                                "Mat": 14,
                                "Balls": 276,
                                "Runs": 344,
                                "WKTS": 13,
                                "BBM": "4/11",
                                "Ave": 26.46,
                                "Econ": 7.47,
                                "SR": 21.23,
                                "4W": 1,
                                "5W": 0
                        },
                        {
                                "Bowling": "2015",
                                "Mat": 12,
                                "Balls": 241,
                                "Runs": 310,
                                "WKTS": 9,
                                "BBM": "2/32",
                                "Ave": 34.44,
                                "Econ": 7.71,
                                "SR": 26.77,
                                "4W": 0,
                                "5W": 0
                        },
                        {
                                "Bowling": "2014",
                                "Mat": 10,
                                "Balls": 225,
                                "Runs": 340,
                                "WKTS": 7,
                                "BBM": "2/23",
                                "Ave": 48.57,
                                "Econ": 9.06,
                                "SR": 32.14,
                                "4W": 0,
                                "5W": 0
                        },
                        {
                                "Bowling": "2013",
                                "Mat": 17,
                                "Balls": 372,
                                "Runs": 394,
                                "WKTS": 21,
                                "BBM": "4/19",
                                "Ave": 18.76,
                                "Econ": 6.35,
                                "SR": 17.71,
                                "4W": 1,
                                "5W": 0
                        },
                        {
                                "Bowling": "2012",
                                "Mat": 14,
                                "Balls": 282,
                                "Runs": 377,
                                "WKTS": 13,
                                "BBM": "3/32",
                                "Ave": 29.0,
                                "Econ": 8.02,
                                "SR": 21.69,
                                "4W": 0,
                                "5W": 0
                        },
                        {
                                "Bowling": "2011",
                                "Mat": 14,
                                "Balls": 320,
                                "Runs": 358,
                                "WKTS": 19,
                                "BBM": "4/9",
                                "Ave": 18.84,
                                "Econ": 6.71,
                                "SR": 16.84,
                                "4W": 1,
                                "5W": 0
                        },
                        {
                                "Bowling": "2010",
                                "Mat": 14,
                                "Balls": 318,
                                "Runs": 363,
                                "WKTS": 17,
                                "BBM": "3/25",
                                "Ave": 21.35,
                                "Econ": 6.84,
                                "SR": 18.7,
                                "4W": 0,
                                "5W": 0
                        },
                        {
                                "Bowling": "2009",
                                "Mat": 11,
                                "Balls": 253,
                                "Runs": 294,
                                "WKTS": 14,
                                "BBM": "3/14",
                                "Ave": 21.0,
                                "Econ": 6.97,
                                "SR": 18.07,
                                "4W": 0,
                                "5W": 0
                        },
                        {
                                "Bowling": "2008",
                                "Mat": 6,
                                "Balls": 119,
                                "Runs": 142,
                                "WKTS": 11,
                                "BBM": "5/17",
                                "Ave": 12.9,
                                "Econ": 7.15,
                                "SR": 10.81,
                                "4W": 0,
                                "5W": 1
                        }
                ]
        }
}