{
        "Andre Russell": {
                "team_name": "kolkata-knight-riders",
                "stats": {
                        "Matches": "14",
                        "Runs": "510",
                        "Wickets": "11"
                },
                "details": {
                        "Role": "",
                        "Batting Style": "Right-handed",
                        "Bowling Style": "",
                        "Nationality": "West Indian",
                        "Nickname": "",
                        "DOB": "29 April 1988",
                        "IPL Debut": ""
                },
                "Batting and Fielding": [
                        {
                                "Batting and Fielding": "Career",
                                "Mat": 64,
                                "No": 10,
                                "Runs": 1400,
                                "HS": "88",
                                "Ave": 33.33,
                                "BF": 751,
                                "SR": 186.41,
                                "100": 0,
                                "50": 8,
                                "4s": 96,
                                "6s": 120,
                                "CT": 21,
                                "ST": 0
                        },
                        {
                                "Batting and Fielding": "2019",
                                "Mat": 14,
                                "No": 4,
                                "Runs": 510,
                                "HS": "80",
                                "Ave": 56.66,
                                "BF": 249,
                                "SR": 204.81,
                                "100": 0,
                                "50": 4,
                                "4s": 31,
                                "6s": 52,
                                "CT": 4,
                                "ST": 0
                        },
                        {
                                "Batting and Fielding": "2018",
                                "Mat": 16,
                                "No": 3,
                                "Runs": 316,
                                "HS": "88",
                                "Ave": 28.72,
                                "BF": 171,
                                "SR": 184.79,
                                "100": 0,
                                "50": 1,
                                "4s": 17,
                                "6s": 31,
                                "CT": 8,
                                "ST": 0
                        },
                        {
                                "Batting and Fielding": "2016",
                                "Mat": 12,
                                "No": 1,
                                "Runs": 188,
                                "HS": "39",
                                "Ave": 26.85,
                                "BF": 114,
                                "SR": 164.91,
                                "100": 0,
                                "50": 0,
                                "4s": 10,
                                "6s": 15,
                                "CT": 2,
                                "ST": 0
                        },
                        {
                                "Batting and Fielding": "2015",
                                "Mat": 13,
                                "No": 2,
                                "Runs": 326,
                                "HS": "66",
                                "Ave": 36.22,
                                "BF": 169,
                                "SR": 192.89,
                                "100": 0,
                                "50": 3,
                                "4s": 35,
                                "6s": 19,
                                "CT": 6,
                                "ST": 0
                        },
                        {
                                "Batting and Fielding": "2014",
                                "Mat": 2,
                                "No": 0,
                                "Runs": 2,
                                "HS": "1",
                                "Ave": 1.0,
                                "BF": 8,
                                "SR": 25.0,
                                "100": 0,
                                "50": 0,
                                "4s": 0,
                                "6s": 0,
                                "CT": 0,
                                "ST": 0
                        },
                        {
                                "Batting and Fielding": "2013",
                                "Mat": 3,
                                "No": 0,
                                "Runs": 11,
                                "HS": "7",
                                "Ave": 5.5,
                                "BF": 14,
                                "SR": 78.57,
                                "100": 0,
                                "50": 0,
                                "4s": 0,
                                "6s": 0,
                                "CT": 1,
                                "ST": 0
                        },
                        {
                                "Batting and Fielding": "2012",
                                "Mat": 4,
                                "No": 0,
                                "Runs": 47,
                                "HS": "31",
                                "Ave": 23.5,
                                "BF": 26,
                                "SR": 180.76,
                                "100": 0,
                                "50": 0,
                                "4s": 3,
                                "6s": 3,
                                "CT": 0,
                                "ST": 0
                        }
                ],
                "Bowling": [
                        {
                                "Bowling": "Career",
                                "Mat": 64,
                                "Balls": 1039,
                                "Runs": 1538,
                                "WKTS": 55,
                                "BBM": "4/20",
                                "Ave": "27.96",
                                "Econ": 8.88,
                                "SR": "18.89",
                                "4W": 1,
                                "5W": 0
                        },
                        {
                                "Bowling": "2019",
                                "Mat": 14,
                                "Balls": 181,
                                "Runs": 287,
                                "WKTS": 11,
                                "BBM": "2/21",
                                "Ave": "26.09",
                                "Econ": 9.51,
                                "SR": "16.45",
                                "4W": 0,
                                "5W": 0
                        },
                        {
                                "Bowling": "2018",
                                "Mat": 16,
                                "Balls": 227,
                                "Runs": 355,
                                "WKTS": 13,
                                "BBM": "3/31",
                                "Ave": "27.30",
                                "Econ": 9.38,
                                "SR": "17.46",
                                "4W": 0,
                                "5W": 0
                        },
                        {
                                "Bowling": "2016",
                                "Mat": 12,
                                "Balls": 219,
                                "Runs": 291,
                                "WKTS": 15,
                                "BBM": "4/20",
                                "Ave": "19.40",
                                "Econ": 7.97,
                                "SR": "14.60",
                                "4W": 1,
                                "5W": 0
                        },
                        {
                                "Bowling": "2015",
                                "Mat": 13,
                                "Balls": 244,
                                "Runs": 324,
                                "WKTS": 14,
                                "BBM": "3/32",
                                "Ave": "23.14",
                                "Econ": 7.96,
                                "SR": "17.42",
                                "4W": 0,
                                "5W": 0
                        },
                        {
                                "Bowling": "2014",
                                "Mat": 2,
                                "Balls": 30,
                                "Runs": 52,
                                "WKTS": 1,
                                "BBM": "1/25",
                                "Ave": "52.00",
                                "Econ": 10.4,
                                "SR": "30.00",
                                "4W": 0,
                                "5W": 0
                        },
                        {
                                "Bowling": "2013",
                                "Mat": 3,
                                "Balls": 42,
                                "Runs": 68,
                                "WKTS": 0,
                                "BBM": "0/13",
                                "Ave": "-",
                                "Econ": 9.71,
                                "SR": "-",
                                "4W": 0,
                                "5W": 0
                        },
                        {
                                "Bowling": "2012",
                                "Mat": 4,
                                "Balls": 96,
                                "Runs": 161,
                                "WKTS": 1,
                                "BBM": "1/51",
                                "Ave": "161.00",
                                "Econ": 10.06,
                                "SR": "96.00",
                                "4W": 0,
                                "5W": 0
                        }
                ]
        }
}