{
        "Andrew Tye": {
                "team_name": "rajasthan-royals",
                "stats": {
                        "Matches": "6",
                        "Runs": "0",
                        "Wickets": "3"
                },
                "details": {
                        "Role": "",
                        "Batting Style": "Right-handed",
                        "Bowling Style": "",
                        "Nationality": "Australian",
                        "Nickname": "",
                        "DOB": "12 December 1986",
                        "IPL Debut": ""
                },
                "Batting and Fielding": [
                        {
                                "Batting and Fielding": "Career",
                                "Mat": 26,
                                "No": 4,
                                "Runs": 85,
                                "HS": "25",
                                "Ave": "10.62",
                                "BF": 70,
                                "SR": 121.42,
                                "100": 0,
                                "50": 0,
                                "4s": 6,
                                "6s": 4,
                                "CT": 7,
                                "ST": 0
                        },
                        {
                                "Batting and Fielding": "2019",
                                "Mat": 6,
                                "No": 1,
                                "Runs": 0,
                                "HS": "0",
                                "Ave": "-",
                                "BF": 2,
                                "SR": 0.0,
                                "100": 0,
                                "50": 0,
                                "4s": 0,
                                "6s": 0,
                                "CT": 2,
                                "ST": 0
                        },
                        {
                                "Batting and Fielding": "2018",
                                "Mat": 14,
                                "No": 2,
                                "Runs": 32,
                                "HS": "14",
                                "Ave": "5.33",
                                "BF": 38,
                                "SR": 84.21,
                                "100": 0,
                                "50": 0,
                                "4s": 2,
                                "6s": 1,
                                "CT": 5,
                                "ST": 0
                        },
                        {
                                "Batting and Fielding": "2017",
                                "Mat": 6,
                                "No": 1,
                                "Runs": 53,
                                "HS": "25",
                                "Ave": "26.50",
                                "BF": 30,
                                "SR": 176.66,
                                "100": 0,
                                "50": 0,
                                "4s": 4,
                                "6s": 3,
                                "CT": 0,
                                "ST": 0
                        }
                ],
                "Bowling": [
                        {
                                "Bowling": "Career",
                                "Mat": 26,
                                "Balls": 594,
                                "Runs": 822,
                                "WKTS": 39,
                                "BBM": "5/17",
                                "Ave": 21.07,
                                "Econ": 8.3,
                                "SR": 15.23,
                                "4W": 3,
                                "5W": 1
                        },
                        {
                                "Bowling": "2019",
                                "Mat": 6,
                                "Balls": 132,
                                "Runs": 233,
                                "WKTS": 3,
                                "BBM": "1/37",
                                "Ave": 77.66,
                                "Econ": 10.59,
                                "SR": 44.0,
                                "4W": 0,
                                "5W": 0
                        },
                        {
                                "Bowling": "2018",
                                "Mat": 14,
                                "Balls": 336,
                                "Runs": 448,
                                "WKTS": 24,
                                "BBM": "4/16",
                                "Ave": 18.66,
                                "Econ": 8.0,
                                "SR": 14.0,
                                "4W": 3,
                                "5W": 0
                        },
                        {
                                "Bowling": "2017",
                                "Mat": 6,
                                "Balls": 126,
                                "Runs": 141,
                                "WKTS": 12,
                                "BBM": "5/17",
                                "Ave": 11.75,
                                "Econ": 6.71,
                                "SR": 10.5,
                                "4W": 0,
                                "5W": 1
                        }
                ]
        }
}