{
        "Ankit Rajpoot": {
                "team_name": "rajasthan-royals",
                "stats": {
                        "Matches": "4",
                        "Runs": "0",
                        "Wickets": "3"
                },
                "details": {
                        "Role": "",
                        "Batting Style": "Right-handed",
                        "Bowling Style": "",
                        "Nationality": "Indian",
                        "Nickname": "",
                        "DOB": "04 December 1993",
                        "IPL Debut": ""
                },
                "Batting and Fielding": [
                        {
                                "Batting and Fielding": "Career",
                                "Mat": 23,
                                "No": 1,
                                "Runs": 17,
                                "HS": "8",
                                "Ave": "4.25",
                                "BF": 31,
                                "SR": "54.83",
                                "100": 0,
                                "50": 0,
                                "4s": 2,
                                "6s": 0,
                                "CT": 4,
                                "ST": 0
                        },
                        {
                                "Batting and Fielding": "2019",
                                "Mat": 4,
                                "No": 0,
                                "Runs": 0,
                                "HS": "0",
                                "Ave": "-",
                                "BF": 0,
                                "SR": "-",
                                "100": 0,
                                "50": 0,
                                "4s": 0,
                                "6s": 0,
                                "CT": 1,
                                "ST": 0
                        },
                        {
                                "Batting and Fielding": "2018",
                                "Mat": 8,
                                "No": 0,
                                "Runs": 11,
                                "HS": "8",
                                "Ave": "3.66",
                                "BF": 18,
                                "SR": "61.11",
                                "100": 0,
                                "50": 0,
                                "4s": 1,
                                "6s": 0,
                                "CT": 2,
                                "ST": 0
                        },
                        {
                                "Batting and Fielding": "2017",
                                "Mat": 5,
                                "No": 0,
                                "Runs": 4,
                                "HS": "4",
                                "Ave": "4.00",
                                "BF": 7,
                                "SR": "57.14",
                                "100": 0,
                                "50": 0,
                                "4s": 1,
                                "6s": 0,
                                "CT": 1,
                                "ST": 0
                        },
                        {
                                "Batting and Fielding": "2016",
                                "Mat": 4,
                                "No": 0,
                                "Runs": 0,
                                "HS": "0",
                                "Ave": "-",
                                "BF": 0,
                                "SR": "-",
                                "100": 0,
                                "50": 0,
                                "4s": 0,
                                "6s": 0,
                                "CT": 0,
                                "ST": 0
                        },
                        {
                                "Batting and Fielding": "2013",
                                "Mat": 2,
                                "No": 1,
                                "Runs": 2,
                                "HS": "2",
                                "Ave": "-",
                                "BF": 6,
                                "SR": "33.33",
                                "100": 0,
                                "50": 0,
                                "4s": 0,
                                "6s": 0,
                                "CT": 0,
                                "ST": 0
                        }
                ],
                "Bowling": [
                        {
                                "Bowling": "Career",
                                "Mat": 23,
                                "Balls": 427,
                                "Runs": 615,
                                "WKTS": 22,
                                "BBM": "5/14",
                                "Ave": 27.95,
                                "Econ": 8.64,
                                "SR": 19.4,
                                "4W": 0,
                                "5W": 1
                        },
                        {
                                "Bowling": "2019",
                                "Mat": 4,
                                "Balls": 96,
                                "Runs": 152,
                                "WKTS": 3,
                                "BBM": "2/33",
                                "Ave": 50.66,
                                "Econ": 9.5,
                                "SR": 32.0,
                                "4W": 0,
                                "5W": 0
                        },
                        {
                                "Bowling": "2018",
                                "Mat": 8,
                                "Balls": 157,
                                "Runs": 223,
                                "WKTS": 11,
                                "BBM": "5/14",
                                "Ave": 20.27,
                                "Econ": 8.52,
                                "SR": 14.27,
                                "4W": 0,
                                "5W": 1
                        },
                        {
                                "Bowling": "2017",
                                "Mat": 5,
                                "Balls": 84,
                                "Runs": 107,
                                "WKTS": 4,
                                "BBM": "3/37",
                                "Ave": 26.75,
                                "Econ": 7.64,
                                "SR": 21.0,
                                "4W": 0,
                                "5W": 0
                        },
                        {
                                "Bowling": "2016",
                                "Mat": 4,
                                "Balls": 66,
                                "Runs": 98,
                                "WKTS": 3,
                                "BBM": "1/14",
                                "Ave": 32.66,
                                "Econ": 8.9,
                                "SR": 22.0,
                                "4W": 0,
                                "5W": 0
                        },
                        {
                                "Bowling": "2013",
                                "Mat": 2,
                                "Balls": 24,
                                "Runs": 35,
                                "WKTS": 1,
                                "BBM": "1/25",
                                "Ave": 35.0,
                                "Econ": 8.75,
                                "SR": 24.0,
                                "4W": 0,
                                "5W": 0
                        }
                ]
        }
}