{
        "Arshdeep Singh": {
                "team_name": "kings-xi-punjab",
                "stats": {
                        "Matches": "3",
                        "Runs": "0",
                        "Wickets": "3"
                },
                "details": {
                        "Role": "",
                        "Batting Style": "Left-handed",
                        "Bowling Style": "",
                        "Nationality": "Indian",
                        "Nickname": "",
                        "DOB": "05 February 1999",
                        "IPL Debut": ""
                },
                "Batting and Fielding": [
                        {
                                "Batting and Fielding": "Career",
                                "Mat": 3,
                                "No": 0,
                                "Runs": 0,
                                "HS": "0",
                                "Ave": "-",
                                "BF": 0,
                                "SR": "-",
                                "100": 0,
                                "50": 0,
                                "4s": 0,
                                "6s": 0,
                                "CT": 0,
                                "ST": 0
                        },
                        {
                                "Batting and Fielding": "2019",
                                "Mat": 3,
                                "No": 0,
                                "Runs": 0,
                                "HS": "0",
                                "Ave": "-",
                                "BF": 0,
                                "SR": "-",
                                "100": 0,
                                "50": 0,
                                "4s": 0,
                                "6s": 0,
                                "CT": 0,
                                "ST": 0
                        }
                ],
                "Bowling": [
                        {
                                "Bowling": "Career",
                                "Mat": 3,
                                "Balls": 60,
                                "Runs": 109,
                                "WKTS": 3,
                                "BBM": "2/43",
                                "Ave": 36.33,
                                "Econ": 10.9,
                                "SR": 20.0,
                                "4W": 0,
                                "5W": 0
                        },
                        {
                                "Bowling": "2019",
                                "Mat": 3,
                                "Balls": 60,
                                "Runs": 109,
                                "WKTS": 3,
                                "BBM": "2/43",
                                "Ave": 36.33,
                                "Econ": 10.9,
                                "SR": 20.0,
                                "4W": 0,
                                "5W": 0
                        }
                ]
        }
}