{
        "Avesh Khan": {
                "team_name": "delhi-capitals",
                "stats": {
                        "Matches": "1",
                        "Runs": "4",
                        "Wickets": "0"
                },
                "details": {
                        "Role": "",
                        "Batting Style": "Right-handed",
                        "Bowling Style": "",
                        "Nationality": "Indian",
                        "Nickname": "",
                        "DOB": "13 December 1996",
                        "IPL Debut": ""
                },
                "Batting and Fielding": [
                        {
                                "Batting and Fielding": "Career",
                                "Mat": 8,
                                "No": 1,
                                "Runs": 4,
                                "HS": "4",
                                "Ave": "-",
                                "BF": 3,
                                "SR": "133.33",
                                "100": 0,
                                "50": 0,
                                "4s": 1,
                                "6s": 0,
                                "CT": 4,
                                "ST": 0
                        },
                        {
                                "Batting and Fielding": "2019",
                                "Mat": 1,
                                "No": 1,
                                "Runs": 4,
                                "HS": "4",
                                "Ave": "-",
                                "BF": 3,
                                "SR": "133.33",
                                "100": 0,
                                "50": 0,
                                "4s": 1,
                                "6s": 0,
                                "CT": 1,
                                "ST": 0
                        },
                        {
                                "Batting and Fielding": "2018",
                                "Mat": 6,
                                "No": 0,
                                "Runs": 0,
                                "HS": "0",
                                "Ave": "-",
                                "BF": 0,
                                "SR": "-",
                                "100": 0,
                                "50": 0,
                                "4s": 0,
                                "6s": 0,
                                "CT": 3,
                                "ST": 0
                        },
                        {
                                "Batting and Fielding": "2017",
                                "Mat": 1,
                                "No": 0,
                                "Runs": 0,
                                "HS": "0",
                                "Ave": "-",
                                "BF": 0,
                                "SR": "-",
                                "100": 0,
                                "50": 0,
                                "4s": 0,
                                "6s": 0,
                                "CT": 0,
                                "ST": 0
                        }
                ],
                "Bowling": [
                        {
                                "Bowling": "Career",
                                "Mat": 8,
                                "Balls": 156,
                                "Runs": 257,
                                "WKTS": 5,
                                "BBM": "2/29",
                                "Ave": "51.40",
                                "Econ": 9.88,
                                "SR": "31.20",
                                "4W": 0,
                                "5W": 0
                        },
                        {
                                "Bowling": "2019",
                                "Mat": 1,
                                "Balls": 18,
                                "Runs": 30,
                                "WKTS": 0,
                                "BBM": "0/30",
                                "Ave": "-",
                                "Econ": 10.0,
                                "SR": "-",
                                "4W": 0,
                                "5W": 0
                        },
                        {
                                "Bowling": "2018",
                                "Mat": 6,
                                "Balls": 114,
                                "Runs": 204,
                                "WKTS": 4,
                                "BBM": "2/29",
                                "Ave": "51.00",
                                "Econ": 10.73,
                                "SR": "28.50",
                                "4W": 0,
                                "5W": 0
                        },
                        {
                                "Bowling": "2017",
                                "Mat": 1,
                                "Balls": 24,
                                "Runs": 23,
                                "WKTS": 1,
                                "BBM": "1/23",
                                "Ave": "23.00",
                                "Econ": 5.75,
                                "SR": "24.00",
                                "4W": 0,
                                "5W": 0
                        }
                ]
        }
}