{
        "Axar Patel": {
                "team_name": "delhi-capitals",
                "stats": {
                        "Matches": "14",
                        "Runs": "110",
                        "Wickets": "10"
                },
                "details": {
                        "Role": "",
                        "Batting Style": "Left-handed",
                        "Bowling Style": "",
                        "Nationality": "Indian",
                        "Nickname": "",
                        "DOB": "20 January 1994",
                        "IPL Debut": ""
                },
                "Batting and Fielding": [
                        {
                                "Batting and Fielding": "Career",
                                "Mat": 82,
                                "No": 21,
                                "Runs": 796,
                                "HS": "44",
                                "Ave": 18.95,
                                "BF": 630,
                                "SR": 126.34,
                                "100": 0,
                                "50": 0,
                                "4s": 47,
                                "6s": 35,
                                "CT": 34,
                                "ST": 0
                        },
                        {
                                "Batting and Fielding": "2019",
                                "Mat": 14,
                                "No": 6,
                                "Runs": 110,
                                "HS": "26",
                                "Ave": 18.33,
                                "BF": 88,
                                "SR": 125.0,
                                "100": 0,
                                "50": 0,
                                "4s": 10,
                                "6s": 3,
                                "CT": 9,
                                "ST": 0
                        },
                        {
                                "Batting and Fielding": "2018",
                                "Mat": 9,
                                "No": 2,
                                "Runs": 80,
                                "HS": "19",
                                "Ave": 13.33,
                                "BF": 69,
                                "SR": 115.94,
                                "100": 0,
                                "50": 0,
                                "4s": 3,
                                "6s": 4,
                                "CT": 2,
                                "ST": 0
                        },
                        {
                                "Batting and Fielding": "2017",
                                "Mat": 14,
                                "No": 5,
                                "Runs": 227,
                                "HS": "44",
                                "Ave": 28.37,
                                "BF": 162,
                                "SR": 140.12,
                                "100": 0,
                                "50": 0,
                                "4s": 11,
                                "6s": 11,
                                "CT": 7,
                                "ST": 0
                        },
                        {
                                "Batting and Fielding": "2016",
                                "Mat": 14,
                                "No": 3,
                                "Runs": 111,
                                "HS": "36",
                                "Ave": 15.85,
                                "BF": 77,
                                "SR": 144.15,
                                "100": 0,
                                "50": 0,
                                "4s": 4,
                                "6s": 8,
                                "CT": 2,
                                "ST": 0
                        },
                        {
                                "Batting and Fielding": "2015",
                                "Mat": 14,
                                "No": 3,
                                "Runs": 206,
                                "HS": "40",
                                "Ave": 22.88,
                                "BF": 174,
                                "SR": 118.39,
                                "100": 0,
                                "50": 0,
                                "4s": 13,
                                "6s": 8,
                                "CT": 7,
                                "ST": 0
                        },
                        {
                                "Batting and Fielding": "2014",
                                "Mat": 17,
                                "No": 2,
                                "Runs": 62,
                                "HS": "42",
                                "Ave": 10.33,
                                "BF": 60,
                                "SR": 103.33,
                                "100": 0,
                                "50": 0,
                                "4s": 6,
                                "6s": 1,
                                "CT": 7,
                                "ST": 0
                        }
                ],
                "Bowling": [
                        {
                                "Bowling": "Career",
                                "Mat": 82,
                                "Balls": 1713,
                                "Runs": 2129,
                                "WKTS": 71,
                                "BBM": "4/21",
                                "Ave": 29.98,
                                "Econ": 7.45,
                                "SR": 24.12,
                                "4W": 1,
                                "5W": 0
                        },
                        {
                                "Bowling": "2019",
                                "Mat": 14,
                                "Balls": 306,
                                "Runs": 364,
                                "WKTS": 10,
                                "BBM": "2/22",
                                "Ave": 36.4,
                                "Econ": 7.13,
                                "SR": 30.6,
                                "4W": 0,
                                "5W": 0
                        },
                        {
                                "Bowling": "2018",
                                "Mat": 9,
                                "Balls": 156,
                                "Runs": 218,
                                "WKTS": 3,
                                "BBM": "1/21",
                                "Ave": 72.66,
                                "Econ": 8.38,
                                "SR": 52.0,
                                "4W": 0,
                                "5W": 0
                        },
                        {
                                "Bowling": "2017",
                                "Mat": 14,
                                "Balls": 288,
                                "Runs": 362,
                                "WKTS": 15,
                                "BBM": "3/11",
                                "Ave": 24.13,
                                "Econ": 7.54,
                                "SR": 19.2,
                                "4W": 0,
                                "5W": 0
                        },
                        {
                                "Bowling": "2016",
                                "Mat": 14,
                                "Balls": 287,
                                "Runs": 388,
                                "WKTS": 13,
                                "BBM": "4/21",
                                "Ave": 29.84,
                                "Econ": 8.11,
                                "SR": 22.07,
                                "4W": 1,
                                "5W": 0
                        },
                        {
                                "Bowling": "2015",
                                "Mat": 14,
                                "Balls": 280,
                                "Runs": 392,
                                "WKTS": 13,
                                "BBM": "2/11",
                                "Ave": 30.15,
                                "Econ": 8.4,
                                "SR": 21.53,
                                "4W": 0,
                                "5W": 0
                        },
                        {
                                "Bowling": "2014",
                                "Mat": 17,
                                "Balls": 396,
                                "Runs": 405,
                                "WKTS": 17,
                                "BBM": "3/24",
                                "Ave": 23.82,
                                "Econ": 6.13,
                                "SR": 23.29,
                                "4W": 0,
                                "5W": 0
                        }
                ]
        }
}