{
        "Basil Thampi": {
                "team_name": "sunrisers-hyderabad",
                "stats": {
                        "Matches": "3",
                        "Runs": "1",
                        "Wickets": "0"
                },
                "details": {
                        "Role": "",
                        "Batting Style": "Right-handed",
                        "Bowling Style": "",
                        "Nationality": "Indian",
                        "Nickname": "",
                        "DOB": "11 September 1993",
                        "IPL Debut": ""
                },
                "Batting and Fielding": [
                        {
                                "Batting and Fielding": "Career",
                                "Mat": 19,
                                "No": 7,
                                "Runs": 32,
                                "HS": "13",
                                "Ave": "32.00",
                                "BF": 35,
                                "SR": 91.42,
                                "100": 0,
                                "50": 0,
                                "4s": 1,
                                "6s": 1,
                                "CT": 4,
                                "ST": 0
                        },
                        {
                                "Batting and Fielding": "2019",
                                "Mat": 3,
                                "No": 1,
                                "Runs": 1,
                                "HS": "1",
                                "Ave": "-",
                                "BF": 1,
                                "SR": 100.0,
                                "100": 0,
                                "50": 0,
                                "4s": 0,
                                "6s": 0,
                                "CT": 0,
                                "ST": 0
                        },
                        {
                                "Batting and Fielding": "2018",
                                "Mat": 4,
                                "No": 1,
                                "Runs": 3,
                                "HS": "3",
                                "Ave": "3.00",
                                "BF": 6,
                                "SR": 50.0,
                                "100": 0,
                                "50": 0,
                                "4s": 0,
                                "6s": 0,
                                "CT": 2,
                                "ST": 0
                        },
                        {
                                "Batting and Fielding": "2017",
                                "Mat": 12,
                                "No": 5,
                                "Runs": 28,
                                "HS": "13",
                                "Ave": "-",
                                "BF": 28,
                                "SR": 100.0,
                                "100": 0,
                                "50": 0,
                                "4s": 1,
                                "6s": 1,
                                "CT": 2,
                                "ST": 0
                        }
                ],
                "Bowling": [
                        {
                                "Bowling": "Career",
                                "Mat": 19,
                                "Balls": 401,
                                "Runs": 648,
                                "WKTS": 16,
                                "BBM": "3/29",
                                "Ave": "40.50",
                                "Econ": 9.69,
                                "SR": "25.06",
                                "4W": 0,
                                "5W": 0
                        },
                        {
                                "Bowling": "2019",
                                "Mat": 3,
                                "Balls": 72,
                                "Runs": 110,
                                "WKTS": 0,
                                "BBM": "0/29",
                                "Ave": "-",
                                "Econ": 9.16,
                                "SR": "-",
                                "4W": 0,
                                "5W": 0
                        },
                        {
                                "Bowling": "2018",
                                "Mat": 4,
                                "Balls": 61,
                                "Runs": 114,
                                "WKTS": 5,
                                "BBM": "2/4",
                                "Ave": "22.80",
                                "Econ": 11.21,
                                "SR": "12.20",
                                "4W": 0,
                                "5W": 0
                        },
                        {
                                "Bowling": "2017",
                                "Mat": 12,
                                "Balls": 268,
                                "Runs": 424,
                                "WKTS": 11,
                                "BBM": "3/29",
                                "Ave": "38.54",
                                "Econ": 9.49,
                                "SR": "24.36",
                                "4W": 0,
                                "5W": 0
                        }
                ]
        }
}