{
        "Bhuvneshwar Kumar": {
                "team_name": "sunrisers-hyderabad",
                "stats": {
                        "Matches": "15",
                        "Runs": "12",
                        "Wickets": "13"
                },
                "details": {
                        "Role": "",
                        "Batting Style": "Right-handed",
                        "Bowling Style": "",
                        "Nationality": "Indian",
                        "Nickname": "",
                        "DOB": "05 December 1990",
                        "IPL Debut": ""
                },
                "Batting and Fielding": [
                        {
                                "Batting and Fielding": "Career",
                                "Mat": 117,
                                "No": 19,
                                "Runs": 183,
                                "HS": "24",
                                "Ave": "7.62",
                                "BF": 192,
                                "SR": 95.31,
                                "100": 0,
                                "50": 0,
                                "4s": 17,
                                "6s": 3,
                                "CT": 27,
                                "ST": 0
                        },
                        {
                                "Batting and Fielding": "2019",
                                "Mat": 15,
                                "No": 2,
                                "Runs": 12,
                                "HS": "7",
                                "Ave": "4.00",
                                "BF": 19,
                                "SR": 63.15,
                                "100": 0,
                                "50": 0,
                                "4s": 1,
                                "6s": 0,
                                "CT": 4,
                                "ST": 0
                        },
                        {
                                "Batting and Fielding": "2018",
                                "Mat": 12,
                                "No": 2,
                                "Runs": 13,
                                "HS": "7",
                                "Ave": "6.50",
                                "BF": 16,
                                "SR": 81.25,
                                "100": 0,
                                "50": 0,
                                "4s": 1,
                                "6s": 0,
                                "CT": 2,
                                "ST": 0
                        },
                        {
                                "Batting and Fielding": "2017",
                                "Mat": 14,
                                "No": 1,
                                "Runs": 4,
                                "HS": "4",
                                "Ave": "4.00",
                                "BF": 4,
                                "SR": 100.0,
                                "100": 0,
                                "50": 0,
                                "4s": 0,
                                "6s": 0,
                                "CT": 4,
                                "ST": 0
                        },
                        {
                                "Batting and Fielding": "2016",
                                "Mat": 17,
                                "No": 2,
                                "Runs": 43,
                                "HS": "21",
                                "Ave": "7.16",
                                "BF": 27,
                                "SR": 159.25,
                                "100": 0,
                                "50": 0,
                                "4s": 6,
                                "6s": 1,
                                "CT": 6,
                                "ST": 0
                        },
                        {
                                "Batting and Fielding": "2015",
                                "Mat": 14,
                                "No": 2,
                                "Runs": 17,
                                "HS": "11",
                                "Ave": "17.00",
                                "BF": 10,
                                "SR": 170.0,
                                "100": 0,
                                "50": 0,
                                "4s": 2,
                                "6s": 1,
                                "CT": 5,
                                "ST": 0
                        },
                        {
                                "Batting and Fielding": "2014",
                                "Mat": 14,
                                "No": 1,
                                "Runs": 1,
                                "HS": "1",
                                "Ave": "1.00",
                                "BF": 4,
                                "SR": 25.0,
                                "100": 0,
                                "50": 0,
                                "4s": 0,
                                "6s": 0,
                                "CT": 2,
                                "ST": 0
                        },
                        {
                                "Batting and Fielding": "2013",
                                "Mat": 16,
                                "No": 2,
                                "Runs": 52,
                                "HS": "24",
                                "Ave": "7.42",
                                "BF": 71,
                                "SR": 73.23,
                                "100": 0,
                                "50": 0,
                                "4s": 3,
                                "6s": 1,
                                "CT": 2,
                                "ST": 0
                        },
                        {
                                "Batting and Fielding": "2012",
                                "Mat": 11,
                                "No": 6,
                                "Runs": 40,
                                "HS": "11",
                                "Ave": "13.33",
                                "BF": 40,
                                "SR": 100.0,
                                "100": 0,
                                "50": 0,
                                "4s": 4,
                                "6s": 0,
                                "CT": 0,
                                "ST": 0
                        },
                        {
                                "Batting and Fielding": "2011",
                                "Mat": 4,
                                "No": 1,
                                "Runs": 1,
                                "HS": "1",
                                "Ave": "-",
                                "BF": 1,
                                "SR": 100.0,
                                "100": 0,
                                "50": 0,
                                "4s": 0,
                                "6s": 0,
                                "CT": 2,
                                "ST": 0
                        }
                ],
                "Bowling": [
                        {
                                "Bowling": "Career",
                                "Mat": 117,
                                "Balls": 2612,
                                "Runs": 3154,
                                "WKTS": 133,
                                "BBM": "5/19",
                                "Ave": 23.71,
                                "Econ": 7.24,
                                "SR": 19.63,
                                "4W": 2,
                                "5W": 1
                        },
                        {
                                "Bowling": "2019",
                                "Mat": 15,
                                "Balls": 354,
                                "Runs": 461,
                                "WKTS": 13,
                                "BBM": "2/24",
                                "Ave": 35.46,
                                "Econ": 7.81,
                                "SR": 27.23,
                                "4W": 0,
                                "5W": 0
                        },
                        {
                                "Bowling": "2018",
                                "Mat": 12,
                                "Balls": 277,
                                "Runs": 354,
                                "WKTS": 9,
                                "BBM": "3/26",
                                "Ave": 39.33,
                                "Econ": 7.66,
                                "SR": 30.77,
                                "4W": 0,
                                "5W": 0
                        },
                        {
                                "Bowling": "2017",
                                "Mat": 14,
                                "Balls": 314,
                                "Runs": 369,
                                "WKTS": 26,
                                "BBM": "5/19",
                                "Ave": 14.19,
                                "Econ": 7.05,
                                "SR": 12.07,
                                "4W": 0,
                                "5W": 1
                        },
                        {
                                "Bowling": "2016",
                                "Mat": 17,
                                "Balls": 396,
                                "Runs": 490,
                                "WKTS": 23,
                                "BBM": "4/29",
                                "Ave": 21.3,
                                "Econ": 7.42,
                                "SR": 17.21,
                                "4W": 1,
                                "5W": 0
                        },
                        {
                                "Bowling": "2015",
                                "Mat": 14,
                                "Balls": 310,
                                "Runs": 407,
                                "WKTS": 18,
                                "BBM": "3/26",
                                "Ave": 22.61,
                                "Econ": 7.87,
                                "SR": 17.22,
                                "4W": 0,
                                "5W": 0
                        },
                        {
                                "Bowling": "2014",
                                "Mat": 14,
                                "Balls": 319,
                                "Runs": 354,
                                "WKTS": 20,
                                "BBM": "4/14",
                                "Ave": 17.7,
                                "Econ": 6.65,
                                "SR": 15.95,
                                "4W": 1,
                                "5W": 0
                        },
                        {
                                "Bowling": "2013",
                                "Mat": 16,
                                "Balls": 342,
                                "Runs": 371,
                                "WKTS": 13,
                                "BBM": "3/18",
                                "Ave": 28.53,
                                "Econ": 6.5,
                                "SR": 26.3,
                                "4W": 0,
                                "5W": 0
                        },
                        {
                                "Bowling": "2012",
                                "Mat": 11,
                                "Balls": 234,
                                "Runs": 281,
                                "WKTS": 8,
                                "BBM": "2/9",
                                "Ave": 35.12,
                                "Econ": 7.2,
                                "SR": 29.25,
                                "4W": 0,
                                "5W": 0
                        },
                        {
                                "Bowling": "2011",
                                "Mat": 4,
                                "Balls": 66,
                                "Runs": 67,
                                "WKTS": 3,
                                "BBM": "2/14",
                                "Ave": 22.33,
                                "Econ": 6.09,
                                "SR": 22.0,
                                "4W": 0,
                                "5W": 0
                        }
                ]
        }
}