{
        "Billy Stanlake": {
                "team_name": "sunrisers-hyderabad",
                "stats": {
                        "Matches": "0",
                        "Runs": "0",
                        "Wickets": "0"
                },
                "details": {
                        "Role": "",
                        "Batting Style": "Left-handed",
                        "Bowling Style": "",
                        "Nationality": "Australian",
                        "Nickname": "",
                        "DOB": "04 November 1994",
                        "IPL Debut": ""
                },
                "Batting and Fielding": [
                        {
                                "Batting and Fielding": "Career",
                                "Mat": 6,
                                "No": 1,
                                "Runs": 5,
                                "HS": "5",
                                "Ave": "-",
                                "BF": 2,
                                "SR": "250.00",
                                "100": 0,
                                "50": 0,
                                "4s": 1,
                                "6s": 0,
                                "CT": 1,
                                "ST": 0
                        },
                        {
                                "Batting and Fielding": "2018",
                                "Mat": 4,
                                "No": 1,
                                "Runs": 5,
                                "HS": "5",
                                "Ave": "-",
                                "BF": 2,
                                "SR": "250.00",
                                "100": 0,
                                "50": 0,
                                "4s": 1,
                                "6s": 0,
                                "CT": 0,
                                "ST": 0
                        },
                        {
                                "Batting and Fielding": "2017",
                                "Mat": 2,
                                "No": 0,
                                "Runs": 0,
                                "HS": "0",
                                "Ave": "-",
                                "BF": 0,
                                "SR": "-",
                                "100": 0,
                                "50": 0,
                                "4s": 0,
                                "6s": 0,
                                "CT": 1,
                                "ST": 0
                        }
                ],
                "Bowling": [
                        {
                                "Bowling": "Career",
                                "Mat": 6,
                                "Balls": 144,
                                "Runs": 200,
                                "WKTS": 7,
                                "BBM": "2/21",
                                "Ave": 28.57,
                                "Econ": 8.33,
                                "SR": 20.57,
                                "4W": 0,
                                "5W": 0
                        },
                        {
                                "Bowling": "2018",
                                "Mat": 4,
                                "Balls": 96,
                                "Runs": 130,
                                "WKTS": 5,
                                "BBM": "2/21",
                                "Ave": 26.0,
                                "Econ": 8.12,
                                "SR": 19.2,
                                "4W": 0,
                                "5W": 0
                        },
                        {
                                "Bowling": "2017",
                                "Mat": 2,
                                "Balls": 48,
                                "Runs": 70,
                                "WKTS": 2,
                                "BBM": "2/29",
                                "Ave": 35.0,
                                "Econ": 8.75,
                                "SR": 24.0,
                                "4W": 0,
                                "5W": 0
                        }
                ]
        }
}