{
        "Chris Jordan": {
                "team_name": "kings-xi-punjab",
                "stats": {
                        "Matches": "0",
                        "Runs": "0",
                        "Wickets": "0"
                },
                "details": {
                        "Role": "",
                        "Batting Style": "Right-handed",
                        "Bowling Style": "",
                        "Nationality": "English",
                        "Nickname": "",
                        "DOB": "04 October 1988",
                        "IPL Debut": ""
                },
                "Batting and Fielding": [
                        {
                                "Batting and Fielding": "Career",
                                "Mat": 11,
                                "No": 0,
                                "Runs": 3,
                                "HS": "3",
                                "Ave": "1.50",
                                "BF": 5,
                                "SR": "60.00",
                                "100": 0,
                                "50": 0,
                                "4s": 0,
                                "6s": 0,
                                "CT": 4,
                                "ST": 0
                        },
                        {
                                "Batting and Fielding": "2018",
                                "Mat": 1,
                                "No": 0,
                                "Runs": 0,
                                "HS": "0",
                                "Ave": "-",
                                "BF": 0,
                                "SR": "-",
                                "100": 0,
                                "50": 0,
                                "4s": 0,
                                "6s": 0,
                                "CT": 0,
                                "ST": 0
                        },
                        {
                                "Batting and Fielding": "2017",
                                "Mat": 1,
                                "No": 0,
                                "Runs": 0,
                                "HS": "0",
                                "Ave": "0.00",
                                "BF": 1,
                                "SR": "0.00",
                                "100": 0,
                                "50": 0,
                                "4s": 0,
                                "6s": 0,
                                "CT": 0,
                                "ST": 0
                        },
                        {
                                "Batting and Fielding": "2016",
                                "Mat": 9,
                                "No": 0,
                                "Runs": 3,
                                "HS": "3",
                                "Ave": "3.00",
                                "BF": 4,
                                "SR": "75.00",
                                "100": 0,
                                "50": 0,
                                "4s": 0,
                                "6s": 0,
                                "CT": 4,
                                "ST": 0
                        }
                ],
                "Bowling": [
                        {
                                "Bowling": "Career",
                                "Mat": 11,
                                "Balls": 198,
                                "Runs": 298,
                                "WKTS": 12,
                                "BBM": "4/11",
                                "Ave": "24.83",
                                "Econ": 9.03,
                                "SR": "16.50",
                                "4W": 1,
                                "5W": 0
                        },
                        {
                                "Bowling": "2018",
                                "Mat": 1,
                                "Balls": 24,
                                "Runs": 31,
                                "WKTS": 0,
                                "BBM": "0/31",
                                "Ave": "-",
                                "Econ": 7.75,
                                "SR": "-",
                                "4W": 0,
                                "5W": 0
                        },
                        {
                                "Bowling": "2017",
                                "Mat": 1,
                                "Balls": 6,
                                "Runs": 9,
                                "WKTS": 1,
                                "BBM": "1/9",
                                "Ave": "9.00",
                                "Econ": 9.0,
                                "SR": "6.00",
                                "4W": 0,
                                "5W": 0
                        },
                        {
                                "Bowling": "2016",
                                "Mat": 9,
                                "Balls": 168,
                                "Runs": 258,
                                "WKTS": 11,
                                "BBM": "4/11",
                                "Ave": "23.45",
                                "Econ": 9.21,
                                "SR": "15.27",
                                "4W": 1,
                                "5W": 0
                        }
                ]
        }
}