{
        "Chris Lynn": {
                "team_name": "mumbai-indians",
                "stats": {
                        "Matches": "13",
                        "Runs": "405",
                        "Wickets": "0"
                },
                "details": {
                        "Role": "",
                        "Batting Style": "Right-handed",
                        "Bowling Style": "",
                        "Nationality": "Australian",
                        "Nickname": "",
                        "DOB": "10 April 1990",
                        "IPL Debut": ""
                },
                "Batting and Fielding": [
                        {
                                "Batting and Fielding": "Career",
                                "Mat": 41,
                                "No": 3,
                                "Runs": 1280,
                                "HS": "93",
                                "Ave": 33.68,
                                "BF": 910,
                                "SR": 140.65,
                                "100": 0,
                                "50": 10,
                                "4s": 128,
                                "6s": 63,
                                "CT": 10,
                                "ST": 0
                        },
                        {
                                "Batting and Fielding": "2019",
                                "Mat": 13,
                                "No": 0,
                                "Runs": 405,
                                "HS": "82",
                                "Ave": 31.15,
                                "BF": 290,
                                "SR": 139.65,
                                "100": 0,
                                "50": 4,
                                "4s": 41,
                                "6s": 22,
                                "CT": 1,
                                "ST": 0
                        },
                        {
                                "Batting and Fielding": "2018",
                                "Mat": 16,
                                "No": 1,
                                "Runs": 491,
                                "HS": "74",
                                "Ave": 32.73,
                                "BF": 377,
                                "SR": 130.23,
                                "100": 0,
                                "50": 3,
                                "4s": 56,
                                "6s": 18,
                                "CT": 3,
                                "ST": 0
                        },
                        {
                                "Batting and Fielding": "2017",
                                "Mat": 7,
                                "No": 1,
                                "Runs": 295,
                                "HS": "93",
                                "Ave": 49.16,
                                "BF": 163,
                                "SR": 180.98,
                                "100": 0,
                                "50": 3,
                                "4s": 25,
                                "6s": 19,
                                "CT": 2,
                                "ST": 0
                        },
                        {
                                "Batting and Fielding": "2016",
                                "Mat": 2,
                                "No": 1,
                                "Runs": 25,
                                "HS": "15",
                                "Ave": 25.0,
                                "BF": 22,
                                "SR": 113.63,
                                "100": 0,
                                "50": 0,
                                "4s": 0,
                                "6s": 1,
                                "CT": 1,
                                "ST": 0
                        },
                        {
                                "Batting and Fielding": "2014",
                                "Mat": 2,
                                "No": 0,
                                "Runs": 58,
                                "HS": "45",
                                "Ave": 29.0,
                                "BF": 49,
                                "SR": 118.36,
                                "100": 0,
                                "50": 0,
                                "4s": 5,
                                "6s": 3,
                                "CT": 2,
                                "ST": 0
                        },
                        {
                                "Batting and Fielding": "2012",
                                "Mat": 1,
                                "No": 0,
                                "Runs": 6,
                                "HS": "6",
                                "Ave": 6.0,
                                "BF": 9,
                                "SR": 66.66,
                                "100": 0,
                                "50": 0,
                                "4s": 1,
                                "6s": 0,
                                "CT": 1,
                                "ST": 0
                        }
                ],
                "Bowling": [
                        {
                                "Bowling": "Career",
                                "Mat": 41,
                                "Balls": 0,
                                "Runs": 0,
                                "WKTS": 0,
                                "BBM": "0/0",
                                "Ave": "-",
                                "Econ": "-",
                                "SR": "-",
                                "4W": 0,
                                "5W": 0
                        },
                        {
                                "Bowling": "2019",
                                "Mat": 13,
                                "Balls": 0,
                                "Runs": 0,
                                "WKTS": 0,
                                "BBM": "0/0",
                                "Ave": "-",
                                "Econ": "-",
                                "SR": "-",
                                "4W": 0,
                                "5W": 0
                        },
                        {
                                "Bowling": "2018",
                                "Mat": 16,
                                "Balls": 0,
                                "Runs": 0,
                                "WKTS": 0,
                                "BBM": "0/0",
                                "Ave": "-",
                                "Econ": "-",
                                "SR": "-",
                                "4W": 0,
                                "5W": 0
                        },
                        {
                                "Bowling": "2017",
                                "Mat": 7,
                                "Balls": 0,
                                "Runs": 0,
                                "WKTS": 0,
                                "BBM": "0/0",
                                "Ave": "-",
                                "Econ": "-",
                                "SR": "-",
                                "4W": 0,
                                "5W": 0
                        },
                        {
                                "Bowling": "2016",
                                "Mat": 2,
                                "Balls": 0,
                                "Runs": 0,
                                "WKTS": 0,
                                "BBM": "0/0",
                                "Ave": "-",
                                "Econ": "-",
                                "SR": "-",
                                "4W": 0,
                                "5W": 0
                        },
                        {
                                "Bowling": "2014",
                                "Mat": 2,
                                "Balls": 0,
                                "Runs": 0,
                                "WKTS": 0,
                                "BBM": "0/0",
                                "Ave": "-",
                                "Econ": "-",
                                "SR": "-",
                                "4W": 0,
                                "5W": 0
                        },
                        {
                                "Bowling": "2012",
                                "Mat": 1,
                                "Balls": 0,
                                "Runs": 0,
                                "WKTS": 0,
                                "BBM": "0/0",
                                "Ave": "-",
                                "Econ": "-",
                                "SR": "-",
                                "4W": 0,
                                "5W": 0
                        }
                ]
        }
}