{
        "Chris Gayle": {
                "team_name": "kings-xi-punjab",
                "stats": {
                        "Matches": "13",
                        "Runs": "490",
                        "Wickets": "0"
                },
                "details": {
                        "Role": "",
                        "Batting Style": "Left-handed",
                        "Bowling Style": "",
                        "Nationality": "West Indian",
                        "Nickname": "",
                        "DOB": "21 September 1979",
                        "IPL Debut": ""
                },
                "Batting and Fielding": [
                        {
                                "Batting and Fielding": "Career",
                                "Mat": 125,
                                "No": 15,
                                "Runs": 4484,
                                "HS": "175",
                                "Ave": 41.13,
                                "BF": 2969,
                                "SR": 151.02,
                                "100": 6,
                                "50": 28,
                                "4s": 369,
                                "6s": 326,
                                "CT": 25,
                                "ST": 0
                        },
                        {
                                "Batting and Fielding": "2019",
                                "Mat": 13,
                                "No": 1,
                                "Runs": 490,
                                "HS": "99",
                                "Ave": 40.83,
                                "BF": 319,
                                "SR": 153.6,
                                "100": 0,
                                "50": 4,
                                "4s": 45,
                                "6s": 34,
                                "CT": 0,
                                "ST": 0
                        },
                        {
                                "Batting and Fielding": "2018",
                                "Mat": 11,
                                "No": 2,
                                "Runs": 368,
                                "HS": "104",
                                "Ave": 40.88,
                                "BF": 252,
                                "SR": 146.03,
                                "100": 1,
                                "50": 3,
                                "4s": 30,
                                "6s": 27,
                                "CT": 2,
                                "ST": 0
                        },
                        {
                                "Batting and Fielding": "2017",
                                "Mat": 9,
                                "No": 0,
                                "Runs": 200,
                                "HS": "77",
                                "Ave": 22.22,
                                "BF": 163,
                                "SR": 122.69,
                                "100": 0,
                                "50": 1,
                                "4s": 15,
                                "6s": 14,
                                "CT": 2,
                                "ST": 0
                        },
                        {
                                "Batting and Fielding": "2016",
                                "Mat": 10,
                                "No": 0,
                                "Runs": 227,
                                "HS": "76",
                                "Ave": 22.7,
                                "BF": 150,
                                "SR": 151.33,
                                "100": 0,
                                "50": 2,
                                "4s": 17,
                                "6s": 21,
                                "CT": 4,
                                "ST": 0
                        },
                        {
                                "Batting and Fielding": "2015",
                                "Mat": 14,
                                "No": 2,
                                "Runs": 491,
                                "HS": "117",
                                "Ave": 40.91,
                                "BF": 333,
                                "SR": 147.44,
                                "100": 1,
                                "50": 2,
                                "4s": 39,
                                "6s": 38,
                                "CT": 1,
                                "ST": 0
                        },
                        {
                                "Batting and Fielding": "2014",
                                "Mat": 9,
                                "No": 0,
                                "Runs": 196,
                                "HS": "46",
                                "Ave": 21.77,
                                "BF": 184,
                                "SR": 106.52,
                                "100": 0,
                                "50": 0,
                                "4s": 18,
                                "6s": 12,
                                "CT": 2,
                                "ST": 0
                        },
                        {
                                "Batting and Fielding": "2013",
                                "Mat": 16,
                                "No": 4,
                                "Runs": 708,
                                "HS": "175",
                                "Ave": 59.0,
                                "BF": 453,
                                "SR": 156.29,
                                "100": 1,
                                "50": 4,
                                "4s": 57,
                                "6s": 51,
                                "CT": 3,
                                "ST": 0
                        },
                        {
                                "Batting and Fielding": "2012",
                                "Mat": 15,
                                "No": 2,
                                "Runs": 733,
                                "HS": "128",
                                "Ave": 61.08,
                                "BF": 456,
                                "SR": 160.74,
                                "100": 1,
                                "50": 7,
                                "4s": 46,
                                "6s": 59,
                                "CT": 2,
                                "ST": 0
                        },
                        {
                                "Batting and Fielding": "2011",
                                "Mat": 12,
                                "No": 3,
                                "Runs": 608,
                                "HS": "107",
                                "Ave": 67.55,
                                "BF": 332,
                                "SR": 183.13,
                                "100": 2,
                                "50": 3,
                                "4s": 57,
                                "6s": 44,
                                "CT": 2,
                                "ST": 0
                        },
                        {
                                "Batting and Fielding": "2010",
                                "Mat": 9,
                                "No": 0,
                                "Runs": 292,
                                "HS": "88",
                                "Ave": 32.44,
                                "BF": 184,
                                "SR": 158.69,
                                "100": 0,
                                "50": 2,
                                "4s": 30,
                                "6s": 16,
                                "CT": 2,
                                "ST": 0
                        },
                        {
                                "Batting and Fielding": "2009",
                                "Mat": 7,
                                "No": 1,
                                "Runs": 171,
                                "HS": "44",
                                "Ave": 28.5,
                                "BF": 143,
                                "SR": 119.58,
                                "100": 0,
                                "50": 0,
                                "4s": 15,
                                "6s": 10,
                                "CT": 5,
                                "ST": 0
                        }
                ],
                "Bowling": [
                        {
                                "Bowling": "Career",
                                "Mat": 125,
                                "Balls": 549,
                                "Runs": 724,
                                "WKTS": 18,
                                "BBM": "3/21",
                                "Ave": "40.22",
                                "Econ": "7.91",
                                "SR": "30.50",
                                "4W": 0,
                                "5W": 0
                        },
                        {
                                "Bowling": "2019",
                                "Mat": 13,
                                "Balls": 0,
                                "Runs": 0,
                                "WKTS": 0,
                                "BBM": "0/0",
                                "Ave": "-",
                                "Econ": "-",
                                "SR": "-",
                                "4W": 0,
                                "5W": 0
                        },
                        {
                                "Bowling": "2018",
                                "Mat": 11,
                                "Balls": 0,
                                "Runs": 0,
                                "WKTS": 0,
                                "BBM": "0/0",
                                "Ave": "-",
                                "Econ": "-",
                                "SR": "-",
                                "4W": 0,
                                "5W": 0
                        },
                        {
                                "Bowling": "2017",
                                "Mat": 9,
                                "Balls": 0,
                                "Runs": 0,
                                "WKTS": 0,
                                "BBM": "0/0",
                                "Ave": "-",
                                "Econ": "-",
                                "SR": "-",
                                "4W": 0,
                                "5W": 0
                        },
                        {
                                "Bowling": "2016",
                                "Mat": 10,
                                "Balls": 60,
                                "Runs": 63,
                                "WKTS": 2,
                                "BBM": "2/11",
                                "Ave": "31.50",
                                "Econ": "6.30",
                                "SR": "30.00",
                                "4W": 0,
                                "5W": 0
                        },
                        {
                                "Bowling": "2015",
                                "Mat": 14,
                                "Balls": 12,
                                "Runs": 15,
                                "WKTS": 0,
                                "BBM": "0/0",
                                "Ave": "-",
                                "Econ": "7.50",
                                "SR": "-",
                                "4W": 0,
                                "5W": 0
                        },
                        {
                                "Bowling": "2014",
                                "Mat": 9,
                                "Balls": 0,
                                "Runs": 0,
                                "WKTS": 0,
                                "BBM": "0/0",
                                "Ave": "-",
                                "Econ": "-",
                                "SR": "-",
                                "4W": 0,
                                "5W": 0
                        },
                        {
                                "Bowling": "2013",
                                "Mat": 16,
                                "Balls": 24,
                                "Runs": 40,
                                "WKTS": 3,
                                "BBM": "2/5",
                                "Ave": "13.33",
                                "Econ": "10.00",
                                "SR": "8.00",
                                "4W": 0,
                                "5W": 0
                        },
                        {
                                "Bowling": "2012",
                                "Mat": 15,
                                "Balls": 28,
                                "Runs": 66,
                                "WKTS": 0,
                                "BBM": "0/0",
                                "Ave": "-",
                                "Econ": "14.14",
                                "SR": "-",
                                "4W": 0,
                                "5W": 0
                        },
                        {
                                "Bowling": "2011",
                                "Mat": 12,
                                "Balls": 216,
                                "Runs": 244,
                                "WKTS": 8,
                                "BBM": "3/21",
                                "Ave": "30.50",
                                "Econ": "6.77",
                                "SR": "27.00",
                                "4W": 0,
                                "5W": 0
                        },
                        {
                                "Bowling": "2010",
                                "Mat": 9,
                                "Balls": 96,
                                "Runs": 152,
                                "WKTS": 4,
                                "BBM": "1/9",
                                "Ave": "38.00",
                                "Econ": "9.50",
                                "SR": "24.00",
                                "4W": 0,
                                "5W": 0
                        },
                        {
                                "Bowling": "2009",
                                "Mat": 7,
                                "Balls": 113,
                                "Runs": 144,
                                "WKTS": 1,
                                "BBM": "1/21",
                                "Ave": "144.00",
                                "Econ": "7.64",
                                "SR": "113.00",
                                "4W": 0,
                                "5W": 0
                        }
                ]
        }
}