{
        "Dale Steyn": {
                "team_name": "royal-challengers-bangalore",
                "stats": {
                        "Matches": "2",
                        "Runs": "0",
                        "Wickets": "4"
                },
                "details": {
                        "Role": "",
                        "Batting Style": "Left-handed",
                        "Bowling Style": "",
                        "Nationality": "South African",
                        "Nickname": "",
                        "DOB": "27 June 1983",
                        "IPL Debut": ""
                },
                "Batting and Fielding": [
                        {
                                "Batting and Fielding": "Career",
                                "Mat": 92,
                                "No": 14,
                                "Runs": 166,
                                "HS": "19",
                                "Ave": "7.54",
                                "BF": 158,
                                "SR": "105.06",
                                "100": 0,
                                "50": 0,
                                "4s": 14,
                                "6s": 3,
                                "CT": 24,
                                "ST": 0
                        },
                        {
                                "Batting and Fielding": "2019",
                                "Mat": 2,
                                "No": 1,
                                "Runs": 0,
                                "HS": "0",
                                "Ave": "-",
                                "BF": 0,
                                "SR": "-",
                                "100": 0,
                                "50": 0,
                                "4s": 0,
                                "6s": 0,
                                "CT": 0,
                                "ST": 0
                        },
                        {
                                "Batting and Fielding": "2016",
                                "Mat": 1,
                                "No": 0,
                                "Runs": 1,
                                "HS": "1",
                                "Ave": "1.00",
                                "BF": 2,
                                "SR": "50.00",
                                "100": 0,
                                "50": 0,
                                "4s": 0,
                                "6s": 0,
                                "CT": 0,
                                "ST": 0
                        },
                        {
                                "Batting and Fielding": "2015",
                                "Mat": 6,
                                "No": 2,
                                "Runs": 20,
                                "HS": "19",
                                "Ave": "20.00",
                                "BF": 13,
                                "SR": "153.84",
                                "100": 0,
                                "50": 0,
                                "4s": 3,
                                "6s": 0,
                                "CT": 2,
                                "ST": 0
                        },
                        {
                                "Batting and Fielding": "2014",
                                "Mat": 14,
                                "No": 1,
                                "Runs": 22,
                                "HS": "12",
                                "Ave": "7.33",
                                "BF": 26,
                                "SR": "84.61",
                                "100": 0,
                                "50": 0,
                                "4s": 1,
                                "6s": 0,
                                "CT": 7,
                                "ST": 0
                        },
                        {
                                "Batting and Fielding": "2013",
                                "Mat": 17,
                                "No": 6,
                                "Runs": 53,
                                "HS": "18",
                                "Ave": "26.50",
                                "BF": 36,
                                "SR": "147.22",
                                "100": 0,
                                "50": 0,
                                "4s": 5,
                                "6s": 2,
                                "CT": 3,
                                "ST": 0
                        },
                        {
                                "Batting and Fielding": "2012",
                                "Mat": 12,
                                "No": 1,
                                "Runs": 19,
                                "HS": "7",
                                "Ave": "3.80",
                                "BF": 21,
                                "SR": "90.47",
                                "100": 0,
                                "50": 0,
                                "4s": 0,
                                "6s": 1,
                                "CT": 4,
                                "ST": 0
                        },
                        {
                                "Batting and Fielding": "2011",
                                "Mat": 12,
                                "No": 1,
                                "Runs": 36,
                                "HS": "13",
                                "Ave": "9.00",
                                "BF": 35,
                                "SR": "102.85",
                                "100": 0,
                                "50": 0,
                                "4s": 3,
                                "6s": 0,
                                "CT": 1,
                                "ST": 0
                        },
                        {
                                "Batting and Fielding": "2010",
                                "Mat": 15,
                                "No": 0,
                                "Runs": 13,
                                "HS": "8",
                                "Ave": "3.25",
                                "BF": 17,
                                "SR": "76.47",
                                "100": 0,
                                "50": 0,
                                "4s": 2,
                                "6s": 0,
                                "CT": 1,
                                "ST": 0
                        },
                        {
                                "Batting and Fielding": "2009",
                                "Mat": 3,
                                "No": 1,
                                "Runs": 0,
                                "HS": "0",
                                "Ave": "0.00",
                                "BF": 3,
                                "SR": "0.00",
                                "100": 0,
                                "50": 0,
                                "4s": 0,
                                "6s": 0,
                                "CT": 2,
                                "ST": 0
                        },
                        {
                                "Batting and Fielding": "2008",
                                "Mat": 10,
                                "No": 1,
                                "Runs": 2,
                                "HS": "1",
                                "Ave": "2.00",
                                "BF": 5,
                                "SR": "40.00",
                                "100": 0,
                                "50": 0,
                                "4s": 0,
                                "6s": 0,
                                "CT": 4,
                                "ST": 0
                        }
                ],
                "Bowling": [
                        {
                                "Bowling": "Career",
                                "Mat": 92,
                                "Balls": 2106,
                                "Runs": 2375,
                                "WKTS": 96,
                                "BBM": "3/8",
                                "Ave": "24.73",
                                "Econ": 6.76,
                                "SR": "21.93",
                                "4W": 0,
                                "5W": 0
                        },
                        {
                                "Bowling": "2019",
                                "Mat": 2,
                                "Balls": 48,
                                "Runs": 69,
                                "WKTS": 4,
                                "BBM": "2/29",
                                "Ave": "17.25",
                                "Econ": 8.62,
                                "SR": "12.00",
                                "4W": 0,
                                "5W": 0
                        },
                        {
                                "Bowling": "2016",
                                "Mat": 1,
                                "Balls": 12,
                                "Runs": 17,
                                "WKTS": 0,
                                "BBM": "0/17",
                                "Ave": "-",
                                "Econ": 8.5,
                                "SR": "-",
                                "4W": 0,
                                "5W": 0
                        },
                        {
                                "Bowling": "2015",
                                "Mat": 6,
                                "Balls": 114,
                                "Runs": 170,
                                "WKTS": 3,
                                "BBM": "2/38",
                                "Ave": "56.66",
                                "Econ": 8.94,
                                "SR": "38.00",
                                "4W": 0,
                                "5W": 0
                        },
                        {
                                "Bowling": "2014",
                                "Mat": 14,
                                "Balls": 336,
                                "Runs": 431,
                                "WKTS": 11,
                                "BBM": "2/20",
                                "Ave": "39.18",
                                "Econ": 7.69,
                                "SR": "30.54",
                                "4W": 0,
                                "5W": 0
                        },
                        {
                                "Bowling": "2013",
                                "Mat": 17,
                                "Balls": 407,
                                "Runs": 384,
                                "WKTS": 19,
                                "BBM": "3/11",
                                "Ave": "20.21",
                                "Econ": 5.66,
                                "SR": "21.42",
                                "4W": 0,
                                "5W": 0
                        },
                        {
                                "Bowling": "2012",
                                "Mat": 12,
                                "Balls": 280,
                                "Runs": 285,
                                "WKTS": 18,
                                "BBM": "3/8",
                                "Ave": "15.83",
                                "Econ": 6.1,
                                "SR": "15.55",
                                "4W": 0,
                                "5W": 0
                        },
                        {
                                "Bowling": "2011",
                                "Mat": 12,
                                "Balls": 273,
                                "Runs": 299,
                                "WKTS": 14,
                                "BBM": "3/16",
                                "Ave": "21.35",
                                "Econ": 6.57,
                                "SR": "19.50",
                                "4W": 0,
                                "5W": 0
                        },
                        {
                                "Bowling": "2010",
                                "Mat": 15,
                                "Balls": 354,
                                "Runs": 406,
                                "WKTS": 15,
                                "BBM": "3/18",
                                "Ave": "27.06",
                                "Econ": 6.88,
                                "SR": "23.60",
                                "4W": 0,
                                "5W": 0
                        },
                        {
                                "Bowling": "2009",
                                "Mat": 3,
                                "Balls": 54,
                                "Runs": 62,
                                "WKTS": 2,
                                "BBM": "1/21",
                                "Ave": "31.00",
                                "Econ": 6.88,
                                "SR": "27.00",
                                "4W": 0,
                                "5W": 0
                        },
                        {
                                "Bowling": "2008",
                                "Mat": 10,
                                "Balls": 228,
                                "Runs": 252,
                                "WKTS": 10,
                                "BBM": "3/27",
                                "Ave": "25.20",
                                "Econ": 6.63,
                                "SR": "22.80",
                                "4W": 0,
                                "5W": 0
                        }
                ]
        }
}