{
        "David Warner": {
                "team_name": "sunrisers-hyderabad",
                "stats": {
                        "Matches": "12",
                        "Runs": "692",
                        "Wickets": "0"
                },
                "details": {
                        "Role": "",
                        "Batting Style": "Left-handed",
                        "Bowling Style": "",
                        "Nationality": "Australian",
                        "Nickname": "",
                        "DOB": "27 October 1986",
                        "IPL Debut": ""
                },
                "Batting and Fielding": [
                        {
                                "Batting and Fielding": "Career",
                                "Mat": 126,
                                "No": 17,
                                "Runs": 4706,
                                "HS": "126",
                                "Ave": 43.17,
                                "BF": 3305,
                                "SR": 142.39,
                                "100": 4,
                                "50": 44,
                                "4s": 458,
                                "6s": 181,
                                "CT": 54,
                                "ST": 0
                        },
                        {
                                "Batting and Fielding": "2019",
                                "Mat": 12,
                                "No": 2,
                                "Runs": 692,
                                "HS": "100",
                                "Ave": 69.2,
                                "BF": 481,
                                "SR": 143.86,
                                "100": 1,
                                "50": 8,
                                "4s": 57,
                                "6s": 21,
                                "CT": 2,
                                "ST": 0
                        },
                        {
                                "Batting and Fielding": "2017",
                                "Mat": 14,
                                "No": 3,
                                "Runs": 641,
                                "HS": "126",
                                "Ave": 58.27,
                                "BF": 452,
                                "SR": 141.81,
                                "100": 1,
                                "50": 4,
                                "4s": 63,
                                "6s": 26,
                                "CT": 10,
                                "ST": 0
                        },
                        {
                                "Batting and Fielding": "2016",
                                "Mat": 17,
                                "No": 3,
                                "Runs": 848,
                                "HS": "93",
                                "Ave": 60.57,
                                "BF": 560,
                                "SR": 151.42,
                                "100": 0,
                                "50": 9,
                                "4s": 88,
                                "6s": 31,
                                "CT": 4,
                                "ST": 0
                        },
                        {
                                "Batting and Fielding": "2015",
                                "Mat": 14,
                                "No": 1,
                                "Runs": 562,
                                "HS": "91",
                                "Ave": 43.23,
                                "BF": 359,
                                "SR": 156.54,
                                "100": 0,
                                "50": 7,
                                "4s": 65,
                                "6s": 21,
                                "CT": 8,
                                "ST": 0
                        },
                        {
                                "Batting and Fielding": "2014",
                                "Mat": 14,
                                "No": 3,
                                "Runs": 528,
                                "HS": "90",
                                "Ave": 48.0,
                                "BF": 375,
                                "SR": 140.8,
                                "100": 0,
                                "50": 6,
                                "4s": 39,
                                "6s": 24,
                                "CT": 8,
                                "ST": 0
                        },
                        {
                                "Batting and Fielding": "2013",
                                "Mat": 16,
                                "No": 3,
                                "Runs": 410,
                                "HS": "77",
                                "Ave": 31.53,
                                "BF": 323,
                                "SR": 126.93,
                                "100": 0,
                                "50": 4,
                                "4s": 41,
                                "6s": 14,
                                "CT": 6,
                                "ST": 0
                        },
                        {
                                "Batting and Fielding": "2012",
                                "Mat": 8,
                                "No": 1,
                                "Runs": 256,
                                "HS": "109",
                                "Ave": 36.57,
                                "BF": 156,
                                "SR": 164.1,
                                "100": 1,
                                "50": 1,
                                "4s": 28,
                                "6s": 14,
                                "CT": 1,
                                "ST": 0
                        },
                        {
                                "Batting and Fielding": "2011",
                                "Mat": 13,
                                "No": 0,
                                "Runs": 324,
                                "HS": "77",
                                "Ave": 24.92,
                                "BF": 276,
                                "SR": 117.39,
                                "100": 0,
                                "50": 3,
                                "4s": 34,
                                "6s": 11,
                                "CT": 4,
                                "ST": 0
                        },
                        {
                                "Batting and Fielding": "2010",
                                "Mat": 11,
                                "No": 1,
                                "Runs": 282,
                                "HS": "107",
                                "Ave": 28.2,
                                "BF": 191,
                                "SR": 147.64,
                                "100": 1,
                                "50": 1,
                                "4s": 27,
                                "6s": 14,
                                "CT": 8,
                                "ST": 0
                        },
                        {
                                "Batting and Fielding": "2009",
                                "Mat": 7,
                                "No": 0,
                                "Runs": 163,
                                "HS": "51",
                                "Ave": 23.28,
                                "BF": 132,
                                "SR": 123.48,
                                "100": 0,
                                "50": 1,
                                "4s": 16,
                                "6s": 5,
                                "CT": 3,
                                "ST": 0
                        }
                ],
                "Bowling": [
                        {
                                "Bowling": "Career",
                                "Mat": 126,
                                "Balls": 0,
                                "Runs": 0,
                                "WKTS": 0,
                                "BBM": "0/0",
                                "Ave": "-",
                                "Econ": "-",
                                "SR": "-",
                                "4W": 0,
                                "5W": 0
                        },
                        {
                                "Bowling": "2019",
                                "Mat": 12,
                                "Balls": 0,
                                "Runs": 0,
                                "WKTS": 0,
                                "BBM": "0/0",
                                "Ave": "-",
                                "Econ": "-",
                                "SR": "-",
                                "4W": 0,
                                "5W": 0
                        },
                        {
                                "Bowling": "2017",
                                "Mat": 14,
                                "Balls": 0,
                                "Runs": 0,
                                "WKTS": 0,
                                "BBM": "0/0",
                                "Ave": "-",
                                "Econ": "-",
                                "SR": "-",
                                "4W": 0,
                                "5W": 0
                        },
                        {
                                "Bowling": "2016",
                                "Mat": 17,
                                "Balls": 0,
                                "Runs": 0,
                                "WKTS": 0,
                                "BBM": "0/0",
                                "Ave": "-",
                                "Econ": "-",
                                "SR": "-",
                                "4W": 0,
                                "5W": 0
                        },
                        {
                                "Bowling": "2015",
                                "Mat": 14,
                                "Balls": 0,
                                "Runs": 0,
                                "WKTS": 0,
                                "BBM": "0/0",
                                "Ave": "-",
                                "Econ": "-",
                                "SR": "-",
                                "4W": 0,
                                "5W": 0
                        },
                        {
                                "Bowling": "2014",
                                "Mat": 14,
                                "Balls": 0,
                                "Runs": 0,
                                "WKTS": 0,
                                "BBM": "0/0",
                                "Ave": "-",
                                "Econ": "-",
                                "SR": "-",
                                "4W": 0,
                                "5W": 0
                        },
                        {
                                "Bowling": "2013",
                                "Mat": 16,
                                "Balls": 0,
                                "Runs": 0,
                                "WKTS": 0,
                                "BBM": "0/0",
                                "Ave": "-",
                                "Econ": "-",
                                "SR": "-",
                                "4W": 0,
                                "5W": 0
                        },
                        {
                                "Bowling": "2012",
                                "Mat": 8,
                                "Balls": 0,
                                "Runs": 0,
                                "WKTS": 0,
                                "BBM": "0/0",
                                "Ave": "-",
                                "Econ": "-",
                                "SR": "-",
                                "4W": 0,
                                "5W": 0
                        },
                        {
                                "Bowling": "2011",
                                "Mat": 13,
                                "Balls": 0,
                                "Runs": 0,
                                "WKTS": 0,
                                "BBM": "0/0",
                                "Ave": "-",
                                "Econ": "-",
                                "SR": "-",
                                "4W": 0,
                                "5W": 0
                        },
                        {
                                "Bowling": "2010",
                                "Mat": 11,
                                "Balls": 0,
                                "Runs": 0,
                                "WKTS": 0,
                                "BBM": "0/0",
                                "Ave": "-",
                                "Econ": "-",
                                "SR": "-",
                                "4W": 0,
                                "5W": 0
                        },
                        {
                                "Bowling": "2009",
                                "Mat": 7,
                                "Balls": 0,
                                "Runs": 0,
                                "WKTS": 0,
                                "BBM": "0/0",
                                "Ave": "-",
                                "Econ": "-",
                                "SR": "-",
                                "4W": 0,
                                "5W": 0
                        }
                ]
        }
}