{
        "David Miller": {
                "team_name": "rajasthan-royals",
                "stats": {
                        "Matches": "10",
                        "Runs": "213",
                        "Wickets": "0"
                },
                "details": {
                        "Role": "",
                        "Batting Style": "Left-handed",
                        "Bowling Style": "",
                        "Nationality": "South African",
                        "Nickname": "",
                        "DOB": "10 June 1989",
                        "IPL Debut": ""
                },
                "Batting and Fielding": [
                        {
                                "Batting and Fielding": "Career",
                                "Mat": 79,
                                "No": 23,
                                "Runs": 1850,
                                "HS": "101",
                                "Ave": 34.25,
                                "BF": 1333,
                                "SR": 138.78,
                                "100": 1,
                                "50": 9,
                                "4s": 126,
                                "6s": 87,
                                "CT": 49,
                                "ST": 0
                        },
                        {
                                "Batting and Fielding": "2019",
                                "Mat": 10,
                                "No": 2,
                                "Runs": 213,
                                "HS": "59",
                                "Ave": 26.62,
                                "BF": 164,
                                "SR": 129.87,
                                "100": 0,
                                "50": 1,
                                "4s": 19,
                                "6s": 7,
                                "CT": 7,
                                "ST": 0
                        },
                        {
                                "Batting and Fielding": "2018",
                                "Mat": 3,
                                "No": 1,
                                "Runs": 74,
                                "HS": "26",
                                "Ave": 37.0,
                                "BF": 64,
                                "SR": 115.62,
                                "100": 0,
                                "50": 0,
                                "4s": 3,
                                "6s": 2,
                                "CT": 0,
                                "ST": 0
                        },
                        {
                                "Batting and Fielding": "2017",
                                "Mat": 5,
                                "No": 1,
                                "Runs": 83,
                                "HS": "30",
                                "Ave": 27.66,
                                "BF": 80,
                                "SR": 103.75,
                                "100": 0,
                                "50": 0,
                                "4s": 4,
                                "6s": 4,
                                "CT": 2,
                                "ST": 0
                        },
                        {
                                "Batting and Fielding": "2016",
                                "Mat": 14,
                                "No": 3,
                                "Runs": 161,
                                "HS": "31",
                                "Ave": 16.1,
                                "BF": 131,
                                "SR": 122.9,
                                "100": 0,
                                "50": 0,
                                "4s": 11,
                                "6s": 4,
                                "CT": 10,
                                "ST": 0
                        },
                        {
                                "Batting and Fielding": "2015",
                                "Mat": 13,
                                "No": 2,
                                "Runs": 357,
                                "HS": "89",
                                "Ave": 32.45,
                                "BF": 266,
                                "SR": 134.21,
                                "100": 0,
                                "50": 2,
                                "4s": 21,
                                "6s": 21,
                                "CT": 7,
                                "ST": 0
                        },
                        {
                                "Batting and Fielding": "2014",
                                "Mat": 16,
                                "No": 6,
                                "Runs": 446,
                                "HS": "66",
                                "Ave": 44.6,
                                "BF": 299,
                                "SR": 149.16,
                                "100": 0,
                                "50": 3,
                                "4s": 34,
                                "6s": 21,
                                "CT": 14,
                                "ST": 0
                        },
                        {
                                "Batting and Fielding": "2013",
                                "Mat": 12,
                                "No": 5,
                                "Runs": 418,
                                "HS": "101",
                                "Ave": 59.71,
                                "BF": 254,
                                "SR": 164.56,
                                "100": 1,
                                "50": 3,
                                "4s": 28,
                                "6s": 24,
                                "CT": 8,
                                "ST": 0
                        },
                        {
                                "Batting and Fielding": "2012",
                                "Mat": 6,
                                "No": 3,
                                "Runs": 98,
                                "HS": "34",
                                "Ave": 32.66,
                                "BF": 75,
                                "SR": 130.66,
                                "100": 0,
                                "50": 0,
                                "4s": 6,
                                "6s": 4,
                                "CT": 1,
                                "ST": 0
                        }
                ],
                "Bowling": [
                        {
                                "Bowling": "Career",
                                "Mat": 79,
                                "Balls": 0,
                                "Runs": 0,
                                "WKTS": 0,
                                "BBM": "0/0",
                                "Ave": "-",
                                "Econ": "-",
                                "SR": "-",
                                "4W": 0,
                                "5W": 0
                        },
                        {
                                "Bowling": "2019",
                                "Mat": 10,
                                "Balls": 0,
                                "Runs": 0,
                                "WKTS": 0,
                                "BBM": "0/0",
                                "Ave": "-",
                                "Econ": "-",
                                "SR": "-",
                                "4W": 0,
                                "5W": 0
                        },
                        {
                                "Bowling": "2018",
                                "Mat": 3,
                                "Balls": 0,
                                "Runs": 0,
                                "WKTS": 0,
                                "BBM": "0/0",
                                "Ave": "-",
                                "Econ": "-",
                                "SR": "-",
                                "4W": 0,
                                "5W": 0
                        },
                        {
                                "Bowling": "2017",
                                "Mat": 5,
                                "Balls": 0,
                                "Runs": 0,
                                "WKTS": 0,
                                "BBM": "0/0",
                                "Ave": "-",
                                "Econ": "-",
                                "SR": "-",
                                "4W": 0,
                                "5W": 0
                        },
                        {
                                "Bowling": "2016",
                                "Mat": 14,
                                "Balls": 0,
                                "Runs": 0,
                                "WKTS": 0,
                                "BBM": "0/0",
                                "Ave": "-",
                                "Econ": "-",
                                "SR": "-",
                                "4W": 0,
                                "5W": 0
                        },
                        {
                                "Bowling": "2015",
                                "Mat": 13,
                                "Balls": 0,
                                "Runs": 0,
                                "WKTS": 0,
                                "BBM": "0/0",
                                "Ave": "-",
                                "Econ": "-",
                                "SR": "-",
                                "4W": 0,
                                "5W": 0
                        },
                        {
                                "Bowling": "2014",
                                "Mat": 16,
                                "Balls": 0,
                                "Runs": 0,
                                "WKTS": 0,
                                "BBM": "0/0",
                                "Ave": "-",
                                "Econ": "-",
                                "SR": "-",
                                "4W": 0,
                                "5W": 0
                        },
                        {
                                "Bowling": "2013",
                                "Mat": 12,
                                "Balls": 0,
                                "Runs": 0,
                                "WKTS": 0,
                                "BBM": "0/0",
                                "Ave": "-",
                                "Econ": "-",
                                "SR": "-",
                                "4W": 0,
                                "5W": 0
                        },
                        {
                                "Bowling": "2012",
                                "Mat": 6,
                                "Balls": 0,
                                "Runs": 0,
                                "WKTS": 0,
                                "BBM": "0/0",
                                "Ave": "-",
                                "Econ": "-",
                                "SR": "-",
                                "4W": 0,
                                "5W": 0
                        }
                ]
        }
}