{
        "Deepak Hooda": {
                "team_name": "kings-xi-punjab",
                "stats": {
                        "Matches": "11",
                        "Runs": "64",
                        "Wickets": "1"
                },
                "details": {
                        "Role": "",
                        "Batting Style": "Right-handed",
                        "Bowling Style": "",
                        "Nationality": "Indian",
                        "Nickname": "",
                        "DOB": "19 April 1995",
                        "IPL Debut": ""
                },
                "Batting and Fielding": [
                        {
                                "Batting and Fielding": "Career",
                                "Mat": 61,
                                "No": 9,
                                "Runs": 524,
                                "HS": "54",
                                "Ave": 14.55,
                                "BF": 412,
                                "SR": 127.18,
                                "100": 0,
                                "50": 1,
                                "4s": 27,
                                "6s": 24,
                                "CT": 22,
                                "ST": 0
                        },
                        {
                                "Batting and Fielding": "2019",
                                "Mat": 11,
                                "No": 1,
                                "Runs": 64,
                                "HS": "20",
                                "Ave": 10.66,
                                "BF": 63,
                                "SR": 101.58,
                                "100": 0,
                                "50": 0,
                                "4s": 5,
                                "6s": 1,
                                "CT": 10,
                                "ST": 0
                        },
                        {
                                "Batting and Fielding": "2018",
                                "Mat": 9,
                                "No": 4,
                                "Runs": 87,
                                "HS": "32",
                                "Ave": 21.75,
                                "BF": 81,
                                "SR": 107.4,
                                "100": 0,
                                "50": 0,
                                "4s": 2,
                                "6s": 3,
                                "CT": 3,
                                "ST": 0
                        },
                        {
                                "Batting and Fielding": "2017",
                                "Mat": 10,
                                "No": 3,
                                "Runs": 78,
                                "HS": "19",
                                "Ave": 26.0,
                                "BF": 52,
                                "SR": 150.0,
                                "100": 0,
                                "50": 0,
                                "4s": 5,
                                "6s": 4,
                                "CT": 5,
                                "ST": 0
                        },
                        {
                                "Batting and Fielding": "2016",
                                "Mat": 17,
                                "No": 1,
                                "Runs": 144,
                                "HS": "34",
                                "Ave": 10.28,
                                "BF": 121,
                                "SR": 119.0,
                                "100": 0,
                                "50": 0,
                                "4s": 9,
                                "6s": 5,
                                "CT": 3,
                                "ST": 0
                        },
                        {
                                "Batting and Fielding": "2015",
                                "Mat": 14,
                                "No": 0,
                                "Runs": 151,
                                "HS": "54",
                                "Ave": 16.77,
                                "BF": 95,
                                "SR": 158.94,
                                "100": 0,
                                "50": 1,
                                "4s": 6,
                                "6s": 11,
                                "CT": 1,
                                "ST": 0
                        }
                ],
                "Bowling": [
                        {
                                "Bowling": "Career",
                                "Mat": 61,
                                "Balls": 223,
                                "Runs": 313,
                                "WKTS": 7,
                                "BBM": "2/16",
                                "Ave": "44.71",
                                "Econ": 8.42,
                                "SR": "31.85",
                                "4W": 0,
                                "5W": 0
                        },
                        {
                                "Bowling": "2019",
                                "Mat": 11,
                                "Balls": 12,
                                "Runs": 21,
                                "WKTS": 1,
                                "BBM": "1/13",
                                "Ave": "21.00",
                                "Econ": 10.5,
                                "SR": "12.00",
                                "4W": 0,
                                "5W": 0
                        },
                        {
                                "Bowling": "2018",
                                "Mat": 9,
                                "Balls": 18,
                                "Runs": 24,
                                "WKTS": 0,
                                "BBM": "0/0",
                                "Ave": "-",
                                "Econ": 8.0,
                                "SR": "-",
                                "4W": 0,
                                "5W": 0
                        },
                        {
                                "Bowling": "2017",
                                "Mat": 10,
                                "Balls": 24,
                                "Runs": 42,
                                "WKTS": 2,
                                "BBM": "1/7",
                                "Ave": "21.00",
                                "Econ": 10.5,
                                "SR": "12.00",
                                "4W": 0,
                                "5W": 0
                        },
                        {
                                "Bowling": "2016",
                                "Mat": 17,
                                "Balls": 78,
                                "Runs": 97,
                                "WKTS": 3,
                                "BBM": "2/16",
                                "Ave": "32.33",
                                "Econ": 7.46,
                                "SR": "26.00",
                                "4W": 0,
                                "5W": 0
                        },
                        {
                                "Bowling": "2015",
                                "Mat": 14,
                                "Balls": 91,
                                "Runs": 129,
                                "WKTS": 1,
                                "BBM": "1/35",
                                "Ave": "129.00",
                                "Econ": 8.5,
                                "SR": "91.00",
                                "4W": 0,
                                "5W": 0
                        }
                ]
        }
}