{
        "Dhawal Kulkarni": {
                "team_name": "mumbai-indians",
                "stats": {
                        "Matches": "10",
                        "Runs": "5",
                        "Wickets": "6"
                },
                "details": {
                        "Role": "",
                        "Batting Style": "Right-handed",
                        "Bowling Style": "",
                        "Nationality": "Indian",
                        "Nickname": "",
                        "DOB": "10 December 1988",
                        "IPL Debut": ""
                },
                "Batting and Fielding": [
                        {
                                "Batting and Fielding": "Career",
                                "Mat": 90,
                                "No": 13,
                                "Runs": 97,
                                "HS": "28",
                                "Ave": "10.77",
                                "BF": 105,
                                "SR": "92.38",
                                "100": 0,
                                "50": 0,
                                "4s": 6,
                                "6s": 2,
                                "CT": 22,
                                "ST": 0
                        },
                        {
                                "Batting and Fielding": "2019",
                                "Mat": 10,
                                "No": 1,
                                "Runs": 5,
                                "HS": "5",
                                "Ave": "-",
                                "BF": 3,
                                "SR": "166.66",
                                "100": 0,
                                "50": 0,
                                "4s": 1,
                                "6s": 0,
                                "CT": 5,
                                "ST": 0
                        },
                        {
                                "Batting and Fielding": "2018",
                                "Mat": 8,
                                "No": 1,
                                "Runs": 6,
                                "HS": "3",
                                "Ave": "6.00",
                                "BF": 7,
                                "SR": "85.71",
                                "100": 0,
                                "50": 0,
                                "4s": 0,
                                "6s": 0,
                                "CT": 1,
                                "ST": 0
                        },
                        {
                                "Batting and Fielding": "2017",
                                "Mat": 6,
                                "No": 0,
                                "Runs": 1,
                                "HS": "1",
                                "Ave": "1.00",
                                "BF": 2,
                                "SR": "50.00",
                                "100": 0,
                                "50": 0,
                                "4s": 0,
                                "6s": 0,
                                "CT": 1,
                                "ST": 0
                        },
                        {
                                "Batting and Fielding": "2016",
                                "Mat": 14,
                                "No": 3,
                                "Runs": 23,
                                "HS": "6",
                                "Ave": "11.50",
                                "BF": 15,
                                "SR": "153.33",
                                "100": 0,
                                "50": 0,
                                "4s": 2,
                                "6s": 0,
                                "CT": 2,
                                "ST": 0
                        },
                        {
                                "Batting and Fielding": "2015",
                                "Mat": 11,
                                "No": 0,
                                "Runs": 4,
                                "HS": "3",
                                "Ave": "2.00",
                                "BF": 11,
                                "SR": "36.36",
                                "100": 0,
                                "50": 0,
                                "4s": 0,
                                "6s": 0,
                                "CT": 5,
                                "ST": 0
                        },
                        {
                                "Batting and Fielding": "2014",
                                "Mat": 8,
                                "No": 2,
                                "Runs": 35,
                                "HS": "28",
                                "Ave": "-",
                                "BF": 25,
                                "SR": "140.00",
                                "100": 0,
                                "50": 0,
                                "4s": 1,
                                "6s": 2,
                                "CT": 2,
                                "ST": 0
                        },
                        {
                                "Batting and Fielding": "2013",
                                "Mat": 6,
                                "No": 1,
                                "Runs": 0,
                                "HS": "0",
                                "Ave": "-",
                                "BF": 0,
                                "SR": "-",
                                "100": 0,
                                "50": 0,
                                "4s": 0,
                                "6s": 0,
                                "CT": 0,
                                "ST": 0
                        },
                        {
                                "Batting and Fielding": "2012",
                                "Mat": 2,
                                "No": 1,
                                "Runs": 10,
                                "HS": "10",
                                "Ave": "-",
                                "BF": 5,
                                "SR": "200.00",
                                "100": 0,
                                "50": 0,
                                "4s": 2,
                                "6s": 0,
                                "CT": 2,
                                "ST": 0
                        },
                        {
                                "Batting and Fielding": "2011",
                                "Mat": 6,
                                "No": 1,
                                "Runs": 2,
                                "HS": "2",
                                "Ave": "2.00",
                                "BF": 4,
                                "SR": "50.00",
                                "100": 0,
                                "50": 0,
                                "4s": 0,
                                "6s": 0,
                                "CT": 1,
                                "ST": 0
                        },
                        {
                                "Batting and Fielding": "2010",
                                "Mat": 1,
                                "No": 0,
                                "Runs": 0,
                                "HS": "0",
                                "Ave": "-",
                                "BF": 0,
                                "SR": "-",
                                "100": 0,
                                "50": 0,
                                "4s": 0,
                                "6s": 0,
                                "CT": 0,
                                "ST": 0
                        },
                        {
                                "Batting and Fielding": "2009",
                                "Mat": 8,
                                "No": 2,
                                "Runs": 9,
                                "HS": "7",
                                "Ave": "4.50",
                                "BF": 17,
                                "SR": "52.94",
                                "100": 0,
                                "50": 0,
                                "4s": 0,
                                "6s": 0,
                                "CT": 1,
                                "ST": 0
                        },
                        {
                                "Batting and Fielding": "2008",
                                "Mat": 10,
                                "No": 1,
                                "Runs": 2,
                                "HS": "2",
                                "Ave": "-",
                                "BF": 16,
                                "SR": "12.50",
                                "100": 0,
                                "50": 0,
                                "4s": 0,
                                "6s": 0,
                                "CT": 2,
                                "ST": 0
                        }
                ],
                "Bowling": [
                        {
                                "Bowling": "Career",
                                "Mat": 90,
                                "Balls": 1745,
                                "Runs": 2404,
                                "WKTS": 86,
                                "BBM": "4/14",
                                "Ave": 27.95,
                                "Econ": 8.26,
                                "SR": 20.29,
                                "4W": 1,
                                "5W": 0
                        },
                        {
                                "Bowling": "2019",
                                "Mat": 10,
                                "Balls": 210,
                                "Runs": 335,
                                "WKTS": 6,
                                "BBM": "1/14",
                                "Ave": 55.83,
                                "Econ": 9.57,
                                "SR": 35.0,
                                "4W": 0,
                                "5W": 0
                        },
                        {
                                "Bowling": "2018",
                                "Mat": 8,
                                "Balls": 119,
                                "Runs": 188,
                                "WKTS": 4,
                                "BBM": "2/32",
                                "Ave": 47.0,
                                "Econ": 9.47,
                                "SR": 29.75,
                                "4W": 0,
                                "5W": 0
                        },
                        {
                                "Bowling": "2017",
                                "Mat": 6,
                                "Balls": 113,
                                "Runs": 173,
                                "WKTS": 3,
                                "BBM": "1/24",
                                "Ave": 57.66,
                                "Econ": 9.18,
                                "SR": 37.66,
                                "4W": 0,
                                "5W": 0
                        },
                        {
                                "Bowling": "2016",
                                "Mat": 14,
                                "Balls": 294,
                                "Runs": 364,
                                "WKTS": 18,
                                "BBM": "4/14",
                                "Ave": 20.22,
                                "Econ": 7.42,
                                "SR": 16.33,
                                "4W": 1,
                                "5W": 0
                        },
                        {
                                "Bowling": "2015",
                                "Mat": 11,
                                "Balls": 210,
                                "Runs": 277,
                                "WKTS": 13,
                                "BBM": "2/9",
                                "Ave": 21.3,
                                "Econ": 7.91,
                                "SR": 16.15,
                                "4W": 0,
                                "5W": 0
                        },
                        {
                                "Bowling": "2014",
                                "Mat": 8,
                                "Balls": 162,
                                "Runs": 221,
                                "WKTS": 6,
                                "BBM": "2/23",
                                "Ave": 36.83,
                                "Econ": 8.18,
                                "SR": 27.0,
                                "4W": 0,
                                "5W": 0
                        },
                        {
                                "Bowling": "2013",
                                "Mat": 6,
                                "Balls": 112,
                                "Runs": 151,
                                "WKTS": 8,
                                "BBM": "3/19",
                                "Ave": 18.87,
                                "Econ": 8.08,
                                "SR": 14.0,
                                "4W": 0,
                                "5W": 0
                        },
                        {
                                "Bowling": "2012",
                                "Mat": 2,
                                "Balls": 48,
                                "Runs": 64,
                                "WKTS": 6,
                                "BBM": "3/18",
                                "Ave": 10.66,
                                "Econ": 8.0,
                                "SR": 8.0,
                                "4W": 0,
                                "5W": 0
                        },
                        {
                                "Bowling": "2011",
                                "Mat": 6,
                                "Balls": 120,
                                "Runs": 149,
                                "WKTS": 5,
                                "BBM": "3/26",
                                "Ave": 29.8,
                                "Econ": 7.45,
                                "SR": 24.0,
                                "4W": 0,
                                "5W": 0
                        },
                        {
                                "Bowling": "2010",
                                "Mat": 1,
                                "Balls": 24,
                                "Runs": 40,
                                "WKTS": 1,
                                "BBM": "1/40",
                                "Ave": 40.0,
                                "Econ": 10.0,
                                "SR": 24.0,
                                "4W": 0,
                                "5W": 0
                        },
                        {
                                "Bowling": "2009",
                                "Mat": 8,
                                "Balls": 156,
                                "Runs": 206,
                                "WKTS": 5,
                                "BBM": "1/21",
                                "Ave": 41.2,
                                "Econ": 7.92,
                                "SR": 31.2,
                                "4W": 0,
                                "5W": 0
                        },
                        {
                                "Bowling": "2008",
                                "Mat": 10,
                                "Balls": 177,
                                "Runs": 236,
                                "WKTS": 11,
                                "BBM": "3/33",
                                "Ave": 21.45,
                                "Econ": 8.0,
                                "SR": 16.09,
                                "4W": 0,
                                "5W": 0
                        }
                ]
        }
}