{
        "Dinesh Karthik": {
                "team_name": "kolkata-knight-riders",
                "stats": {
                        "Matches": "14",
                        "Runs": "253",
                        "Wickets": "0"
                },
                "details": {
                        "Role": "",
                        "Batting Style": "Right-handed",
                        "Bowling Style": "",
                        "Nationality": "Indian",
                        "Nickname": "",
                        "DOB": "01 June 1985",
                        "IPL Debut": ""
                },
                "Batting and Fielding": [
                        {
                                "Batting and Fielding": "Career",
                                "Mat": 182,
                                "No": 28,
                                "Runs": 3654,
                                "HS": "97",
                                "Ave": 27.06,
                                "BF": 2815,
                                "SR": 129.8,
                                "100": 0,
                                "50": 18,
                                "4s": 357,
                                "6s": 101,
                                "CT": 109,
                                "ST": 30
                        },
                        {
                                "Batting and Fielding": "2019",
                                "Mat": 14,
                                "No": 5,
                                "Runs": 253,
                                "HS": "97",
                                "Ave": 31.62,
                                "BF": 173,
                                "SR": 146.24,
                                "100": 0,
                                "50": 2,
                                "4s": 22,
                                "6s": 14,
                                "CT": 7,
                                "ST": 0
                        },
                        {
                                "Batting and Fielding": "2018",
                                "Mat": 16,
                                "No": 6,
                                "Runs": 498,
                                "HS": "52",
                                "Ave": 49.8,
                                "BF": 337,
                                "SR": 147.77,
                                "100": 0,
                                "50": 2,
                                "4s": 49,
                                "6s": 16,
                                "CT": 14,
                                "ST": 4
                        },
                        {
                                "Batting and Fielding": "2017",
                                "Mat": 14,
                                "No": 3,
                                "Runs": 361,
                                "HS": "65",
                                "Ave": 36.1,
                                "BF": 259,
                                "SR": 139.38,
                                "100": 0,
                                "50": 2,
                                "4s": 30,
                                "6s": 11,
                                "CT": 8,
                                "ST": 0
                        },
                        {
                                "Batting and Fielding": "2016",
                                "Mat": 16,
                                "No": 2,
                                "Runs": 335,
                                "HS": "53",
                                "Ave": 25.76,
                                "BF": 266,
                                "SR": 125.93,
                                "100": 0,
                                "50": 3,
                                "4s": 38,
                                "6s": 3,
                                "CT": 11,
                                "ST": 3
                        },
                        {
                                "Batting and Fielding": "2015",
                                "Mat": 16,
                                "No": 0,
                                "Runs": 141,
                                "HS": "28",
                                "Ave": 12.81,
                                "BF": 117,
                                "SR": 120.51,
                                "100": 0,
                                "50": 0,
                                "4s": 15,
                                "6s": 4,
                                "CT": 14,
                                "ST": 4
                        },
                        {
                                "Batting and Fielding": "2014",
                                "Mat": 14,
                                "No": 0,
                                "Runs": 325,
                                "HS": "69",
                                "Ave": 23.21,
                                "BF": 258,
                                "SR": 125.96,
                                "100": 0,
                                "50": 3,
                                "4s": 28,
                                "6s": 11,
                                "CT": 7,
                                "ST": 2
                        },
                        {
                                "Batting and Fielding": "2013",
                                "Mat": 19,
                                "No": 1,
                                "Runs": 510,
                                "HS": "86",
                                "Ave": 28.33,
                                "BF": 411,
                                "SR": 124.08,
                                "100": 0,
                                "50": 2,
                                "4s": 54,
                                "6s": 14,
                                "CT": 12,
                                "ST": 2
                        },
                        {
                                "Batting and Fielding": "2012",
                                "Mat": 17,
                                "No": 1,
                                "Runs": 238,
                                "HS": "44",
                                "Ave": 18.3,
                                "BF": 213,
                                "SR": 111.73,
                                "100": 0,
                                "50": 0,
                                "4s": 30,
                                "6s": 2,
                                "CT": 5,
                                "ST": 2
                        },
                        {
                                "Batting and Fielding": "2011",
                                "Mat": 14,
                                "No": 2,
                                "Runs": 282,
                                "HS": "69",
                                "Ave": 25.63,
                                "BF": 220,
                                "SR": 128.18,
                                "100": 0,
                                "50": 1,
                                "4s": 32,
                                "6s": 7,
                                "CT": 7,
                                "ST": 0
                        },
                        {
                                "Batting and Fielding": "2010",
                                "Mat": 14,
                                "No": 1,
                                "Runs": 278,
                                "HS": "69",
                                "Ave": 21.38,
                                "BF": 237,
                                "SR": 117.29,
                                "100": 0,
                                "50": 1,
                                "4s": 26,
                                "6s": 6,
                                "CT": 6,
                                "ST": 6
                        },
                        {
                                "Batting and Fielding": "2009",
                                "Mat": 15,
                                "No": 5,
                                "Runs": 288,
                                "HS": "52",
                                "Ave": 36.0,
                                "BF": 217,
                                "SR": 132.71,
                                "100": 0,
                                "50": 1,
                                "4s": 20,
                                "6s": 9,
                                "CT": 12,
                                "ST": 5
                        },
                        {
                                "Batting and Fielding": "2008",
                                "Mat": 13,
                                "No": 2,
                                "Runs": 145,
                                "HS": "56",
                                "Ave": 24.16,
                                "BF": 107,
                                "SR": 135.51,
                                "100": 0,
                                "50": 1,
                                "4s": 13,
                                "6s": 4,
                                "CT": 6,
                                "ST": 2
                        }
                ],
                "Bowling": [
                        {
                                "Bowling": "Career",
                                "Mat": 182,
                                "Balls": 0,
                                "Runs": 0,
                                "WKTS": 0,
                                "BBM": "0/0",
                                "Ave": "-",
                                "Econ": "-",
                                "SR": "-",
                                "4W": 0,
                                "5W": 0
                        },
                        {
                                "Bowling": "2019",
                                "Mat": 14,
                                "Balls": 0,
                                "Runs": 0,
                                "WKTS": 0,
                                "BBM": "0/0",
                                "Ave": "-",
                                "Econ": "-",
                                "SR": "-",
                                "4W": 0,
                                "5W": 0
                        },
                        {
                                "Bowling": "2018",
                                "Mat": 16,
                                "Balls": 0,
                                "Runs": 0,
                                "WKTS": 0,
                                "BBM": "0/0",
                                "Ave": "-",
                                "Econ": "-",
                                "SR": "-",
                                "4W": 0,
                                "5W": 0
                        },
                        {
                                "Bowling": "2017",
                                "Mat": 14,
                                "Balls": 0,
                                "Runs": 0,
                                "WKTS": 0,
                                "BBM": "0/0",
                                "Ave": "-",
                                "Econ": "-",
                                "SR": "-",
                                "4W": 0,
                                "5W": 0
                        },
                        {
                                "Bowling": "2016",
                                "Mat": 16,
                                "Balls": 0,
                                "Runs": 0,
                                "WKTS": 0,
                                "BBM": "0/0",
                                "Ave": "-",
                                "Econ": "-",
                                "SR": "-",
                                "4W": 0,
                                "5W": 0
                        },
                        {
                                "Bowling": "2015",
                                "Mat": 16,
                                "Balls": 0,
                                "Runs": 0,
                                "WKTS": 0,
                                "BBM": "0/0",
                                "Ave": "-",
                                "Econ": "-",
                                "SR": "-",
                                "4W": 0,
                                "5W": 0
                        },
                        {
                                "Bowling": "2014",
                                "Mat": 14,
                                "Balls": 0,
                                "Runs": 0,
                                "WKTS": 0,
                                "BBM": "0/0",
                                "Ave": "-",
                                "Econ": "-",
                                "SR": "-",
                                "4W": 0,
                                "5W": 0
                        },
                        {
                                "Bowling": "2013",
                                "Mat": 19,
                                "Balls": 0,
                                "Runs": 0,
                                "WKTS": 0,
                                "BBM": "0/0",
                                "Ave": "-",
                                "Econ": "-",
                                "SR": "-",
                                "4W": 0,
                                "5W": 0
                        },
                        {
                                "Bowling": "2012",
                                "Mat": 17,
                                "Balls": 0,
                                "Runs": 0,
                                "WKTS": 0,
                                "BBM": "0/0",
                                "Ave": "-",
                                "Econ": "-",
                                "SR": "-",
                                "4W": 0,
                                "5W": 0
                        },
                        {
                                "Bowling": "2011",
                                "Mat": 14,
                                "Balls": 0,
                                "Runs": 0,
                                "WKTS": 0,
                                "BBM": "0/0",
                                "Ave": "-",
                                "Econ": "-",
                                "SR": "-",
                                "4W": 0,
                                "5W": 0
                        },
                        {
                                "Bowling": "2010",
                                "Mat": 14,
                                "Balls": 0,
                                "Runs": 0,
                                "WKTS": 0,
                                "BBM": "0/0",
                                "Ave": "-",
                                "Econ": "-",
                                "SR": "-",
                                "4W": 0,
                                "5W": 0
                        },
                        {
                                "Bowling": "2009",
                                "Mat": 15,
                                "Balls": 0,
                                "Runs": 0,
                                "WKTS": 0,
                                "BBM": "0/0",
                                "Ave": "-",
                                "Econ": "-",
                                "SR": "-",
                                "4W": 0,
                                "5W": 0
                        },
                        {
                                "Bowling": "2008",
                                "Mat": 13,
                                "Balls": 0,
                                "Runs": 0,
                                "WKTS": 0,
                                "BBM": "0/0",
                                "Ave": "-",
                                "Econ": "-",
                                "SR": "-",
                                "4W": 0,
                                "5W": 0
                        }
                ]
        }
}