{
        "Dwayne Bravo": {
                "team_name": "chennai-super-kings",
                "stats": {
                        "Matches": "12",
                        "Runs": "80",
                        "Wickets": "11"
                },
                "details": {
                        "Role": "",
                        "Batting Style": "Right-handed",
                        "Bowling Style": "",
                        "Nationality": "West Indian",
                        "Nickname": "",
                        "DOB": "07 October 1983",
                        "IPL Debut": ""
                },
                "Batting and Fielding": [
                        {
                                "Batting and Fielding": "Career",
                                "Mat": 134,
                                "No": 38,
                                "Runs": 1483,
                                "HS": "70",
                                "Ave": "23.17",
                                "BF": 1156,
                                "SR": 128.28,
                                "100": 0,
                                "50": 5,
                                "4s": 116,
                                "6s": 61,
                                "CT": 74,
                                "ST": 0
                        },
                        {
                                "Batting and Fielding": "2019",
                                "Mat": 12,
                                "No": 4,
                                "Runs": 80,
                                "HS": "27",
                                "Ave": "16.00",
                                "BF": 66,
                                "SR": 121.21,
                                "100": 0,
                                "50": 0,
                                "4s": 6,
                                "6s": 3,
                                "CT": 5,
                                "ST": 0
                        },
                        {
                                "Batting and Fielding": "2018",
                                "Mat": 16,
                                "No": 6,
                                "Runs": 141,
                                "HS": "68",
                                "Ave": "35.25",
                                "BF": 91,
                                "SR": 154.94,
                                "100": 0,
                                "50": 1,
                                "4s": 8,
                                "6s": 10,
                                "CT": 9,
                                "ST": 0
                        },
                        {
                                "Batting and Fielding": "2016",
                                "Mat": 15,
                                "No": 5,
                                "Runs": 99,
                                "HS": "22",
                                "Ave": "12.37",
                                "BF": 82,
                                "SR": 120.73,
                                "100": 0,
                                "50": 0,
                                "4s": 11,
                                "6s": 1,
                                "CT": 6,
                                "ST": 0
                        },
                        {
                                "Batting and Fielding": "2015",
                                "Mat": 17,
                                "No": 5,
                                "Runs": 195,
                                "HS": "62",
                                "Ave": "21.66",
                                "BF": 148,
                                "SR": 131.75,
                                "100": 0,
                                "50": 1,
                                "4s": 22,
                                "6s": 5,
                                "CT": 13,
                                "ST": 0
                        },
                        {
                                "Batting and Fielding": "2014",
                                "Mat": 1,
                                "No": 1,
                                "Runs": 8,
                                "HS": "8",
                                "Ave": "-",
                                "BF": 3,
                                "SR": 266.66,
                                "100": 0,
                                "50": 0,
                                "4s": 0,
                                "6s": 1,
                                "CT": 0,
                                "ST": 0
                        },
                        {
                                "Batting and Fielding": "2013",
                                "Mat": 18,
                                "No": 4,
                                "Runs": 121,
                                "HS": "23",
                                "Ave": "15.12",
                                "BF": 106,
                                "SR": 114.15,
                                "100": 0,
                                "50": 0,
                                "4s": 11,
                                "6s": 3,
                                "CT": 14,
                                "ST": 0
                        },
                        {
                                "Batting and Fielding": "2012",
                                "Mat": 19,
                                "No": 8,
                                "Runs": 371,
                                "HS": "48",
                                "Ave": "46.37",
                                "BF": 264,
                                "SR": 140.53,
                                "100": 0,
                                "50": 0,
                                "4s": 20,
                                "6s": 20,
                                "CT": 9,
                                "ST": 0
                        },
                        {
                                "Batting and Fielding": "2011",
                                "Mat": 6,
                                "No": 1,
                                "Runs": 11,
                                "HS": "6",
                                "Ave": "11.00",
                                "BF": 6,
                                "SR": 183.33,
                                "100": 0,
                                "50": 0,
                                "4s": 1,
                                "6s": 1,
                                "CT": 3,
                                "ST": 0
                        },
                        {
                                "Batting and Fielding": "2010",
                                "Mat": 10,
                                "No": 1,
                                "Runs": 61,
                                "HS": "23",
                                "Ave": "8.71",
                                "BF": 53,
                                "SR": 115.09,
                                "100": 0,
                                "50": 0,
                                "4s": 3,
                                "6s": 4,
                                "CT": 4,
                                "ST": 0
                        },
                        {
                                "Batting and Fielding": "2009",
                                "Mat": 11,
                                "No": 2,
                                "Runs": 218,
                                "HS": "70",
                                "Ave": "27.25",
                                "BF": 203,
                                "SR": 107.38,
                                "100": 0,
                                "50": 2,
                                "4s": 15,
                                "6s": 8,
                                "CT": 7,
                                "ST": 0
                        },
                        {
                                "Batting and Fielding": "2008",
                                "Mat": 9,
                                "No": 1,
                                "Runs": 178,
                                "HS": "64",
                                "Ave": "29.66",
                                "BF": 134,
                                "SR": 132.83,
                                "100": 0,
                                "50": 1,
                                "4s": 19,
                                "6s": 5,
                                "CT": 4,
                                "ST": 0
                        }
                ],
                "Bowling": [
                        {
                                "Bowling": "Career",
                                "Mat": 134,
                                "Balls": 2586,
                                "Runs": 3617,
                                "WKTS": 147,
                                "BBM": "4/22",
                                "Ave": "24.60",
                                "Econ": "8.39",
                                "SR": "17.59",
                                "4W": 2,
                                "5W": 0
                        },
                        {
                                "Bowling": "2019",
                                "Mat": 12,
                                "Balls": 247,
                                "Runs": 330,
                                "WKTS": 11,
                                "BBM": "3/33",
                                "Ave": "30.00",
                                "Econ": "8.01",
                                "SR": "22.45",
                                "4W": 0,
                                "5W": 0
                        },
                        {
                                "Bowling": "2018",
                                "Mat": 16,
                                "Balls": 321,
                                "Runs": 533,
                                "WKTS": 14,
                                "BBM": "2/16",
                                "Ave": "38.07",
                                "Econ": "9.96",
                                "SR": "22.92",
                                "4W": 0,
                                "5W": 0
                        },
                        {
                                "Bowling": "2016",
                                "Mat": 15,
                                "Balls": 336,
                                "Runs": 494,
                                "WKTS": 17,
                                "BBM": "4/22",
                                "Ave": "29.05",
                                "Econ": "8.82",
                                "SR": "19.76",
                                "4W": 1,
                                "5W": 0
                        },
                        {
                                "Bowling": "2015",
                                "Mat": 17,
                                "Balls": 314,
                                "Runs": 426,
                                "WKTS": 26,
                                "BBM": "3/22",
                                "Ave": "16.38",
                                "Econ": "8.14",
                                "SR": "12.07",
                                "4W": 0,
                                "5W": 0
                        },
                        {
                                "Bowling": "2014",
                                "Mat": 1,
                                "Balls": 0,
                                "Runs": 0,
                                "WKTS": 0,
                                "BBM": "0/0",
                                "Ave": "-",
                                "Econ": "-",
                                "SR": "-",
                                "4W": 0,
                                "5W": 0
                        },
                        {
                                "Bowling": "2013",
                                "Mat": 18,
                                "Balls": 375,
                                "Runs": 497,
                                "WKTS": 32,
                                "BBM": "4/42",
                                "Ave": "15.53",
                                "Econ": "7.95",
                                "SR": "11.71",
                                "4W": 1,
                                "5W": 0
                        },
                        {
                                "Bowling": "2012",
                                "Mat": 19,
                                "Balls": 346,
                                "Runs": 461,
                                "WKTS": 15,
                                "BBM": "2/10",
                                "Ave": "30.73",
                                "Econ": "7.99",
                                "SR": "23.06",
                                "4W": 0,
                                "5W": 0
                        },
                        {
                                "Bowling": "2011",
                                "Mat": 6,
                                "Balls": 120,
                                "Runs": 157,
                                "WKTS": 6,
                                "BBM": "2/21",
                                "Ave": "26.16",
                                "Econ": "7.85",
                                "SR": "20.00",
                                "4W": 0,
                                "5W": 0
                        },
                        {
                                "Bowling": "2010",
                                "Mat": 10,
                                "Balls": 157,
                                "Runs": 228,
                                "WKTS": 4,
                                "BBM": "2/11",
                                "Ave": "57.00",
                                "Econ": "8.71",
                                "SR": "39.25",
                                "4W": 0,
                                "5W": 0
                        },
                        {
                                "Bowling": "2009",
                                "Mat": 11,
                                "Balls": 199,
                                "Runs": 259,
                                "WKTS": 11,
                                "BBM": "3/34",
                                "Ave": "23.54",
                                "Econ": "7.80",
                                "SR": "18.09",
                                "4W": 0,
                                "5W": 0
                        },
                        {
                                "Bowling": "2008",
                                "Mat": 9,
                                "Balls": 171,
                                "Runs": 232,
                                "WKTS": 11,
                                "BBM": "3/24",
                                "Ave": "21.09",
                                "Econ": "8.14",
                                "SR": "15.54",
                                "4W": 0,
                                "5W": 0
                        }
                ]
        }
}