{
        "Eoin Morgan": {
                "team_name": "kolkata-knight-riders",
                "stats": {
                        "Matches": "0",
                        "Runs": "0",
                        "Wickets": "0"
                },
                "details": {
                        "Role": "",
                        "Batting Style": "Left-handed",
                        "Bowling Style": "",
                        "Nationality": "English",
                        "Nickname": "",
                        "DOB": "10 September 1986",
                        "IPL Debut": ""
                },
                "Batting and Fielding": [
                        {
                                "Batting and Fielding": "Career",
                                "Mat": 52,
                                "No": 5,
                                "Runs": 854,
                                "HS": 66,
                                "Ave": 21.35,
                                "BF": 705,
                                "SR": 121.13,
                                "100": 0,
                                "50": 4,
                                "4s": 72,
                                "6s": 34,
                                "CT": 24,
                                "ST": 0
                        },
                        {
                                "Batting and Fielding": "2017",
                                "Mat": 4,
                                "No": 0,
                                "Runs": 65,
                                "HS": 26,
                                "Ave": 16.25,
                                "BF": 62,
                                "SR": 104.83,
                                "100": 0,
                                "50": 0,
                                "4s": 6,
                                "6s": 2,
                                "CT": 3,
                                "ST": 0
                        },
                        {
                                "Batting and Fielding": "2016",
                                "Mat": 7,
                                "No": 1,
                                "Runs": 123,
                                "HS": 51,
                                "Ave": 24.6,
                                "BF": 105,
                                "SR": 117.14,
                                "100": 0,
                                "50": 1,
                                "4s": 8,
                                "6s": 4,
                                "CT": 3,
                                "ST": 0
                        },
                        {
                                "Batting and Fielding": "2015",
                                "Mat": 9,
                                "No": 1,
                                "Runs": 187,
                                "HS": 63,
                                "Ave": 23.37,
                                "BF": 151,
                                "SR": 123.84,
                                "100": 0,
                                "50": 1,
                                "4s": 11,
                                "6s": 11,
                                "CT": 5,
                                "ST": 0
                        },
                        {
                                "Batting and Fielding": "2013",
                                "Mat": 14,
                                "No": 2,
                                "Runs": 307,
                                "HS": 51,
                                "Ave": 27.9,
                                "BF": 240,
                                "SR": 127.91,
                                "100": 0,
                                "50": 1,
                                "4s": 28,
                                "6s": 13,
                                "CT": 6,
                                "ST": 0
                        },
                        {
                                "Batting and Fielding": "2011",
                                "Mat": 12,
                                "No": 0,
                                "Runs": 137,
                                "HS": 66,
                                "Ave": 15.22,
                                "BF": 117,
                                "SR": 117.09,
                                "100": 0,
                                "50": 1,
                                "4s": 17,
                                "6s": 3,
                                "CT": 3,
                                "ST": 0
                        },
                        {
                                "Batting and Fielding": "2010",
                                "Mat": 6,
                                "No": 1,
                                "Runs": 35,
                                "HS": 17,
                                "Ave": 11.66,
                                "BF": 30,
                                "SR": 116.66,
                                "100": 0,
                                "50": 0,
                                "4s": 2,
                                "6s": 1,
                                "CT": 4,
                                "ST": 0
                        }
                ],
                "Bowling": [
                        {
                                "Bowling": "Career",
                                "Mat": 52,
                                "Balls": 0,
                                "Runs": 0,
                                "WKTS": 0,
                                "BBM": "0/0",
                                "Ave": "-",
                                "Econ": "-",
                                "SR": "-",
                                "4W": 0,
                                "5W": 0
                        },
                        {
                                "Bowling": "2017",
                                "Mat": 4,
                                "Balls": 0,
                                "Runs": 0,
                                "WKTS": 0,
                                "BBM": "0/0",
                                "Ave": "-",
                                "Econ": "-",
                                "SR": "-",
                                "4W": 0,
                                "5W": 0
                        },
                        {
                                "Bowling": "2016",
                                "Mat": 7,
                                "Balls": 0,
                                "Runs": 0,
                                "WKTS": 0,
                                "BBM": "0/0",
                                "Ave": "-",
                                "Econ": "-",
                                "SR": "-",
                                "4W": 0,
                                "5W": 0
                        },
                        {
                                "Bowling": "2015",
                                "Mat": 9,
                                "Balls": 0,
                                "Runs": 0,
                                "WKTS": 0,
                                "BBM": "0/0",
                                "Ave": "-",
                                "Econ": "-",
                                "SR": "-",
                                "4W": 0,
                                "5W": 0
                        },
                        {
                                "Bowling": "2013",
                                "Mat": 14,
                                "Balls": 0,
                                "Runs": 0,
                                "WKTS": 0,
                                "BBM": "0/0",
                                "Ave": "-",
                                "Econ": "-",
                                "SR": "-",
                                "4W": 0,
                                "5W": 0
                        },
                        {
                                "Bowling": "2011",
                                "Mat": 12,
                                "Balls": 0,
                                "Runs": 0,
                                "WKTS": 0,
                                "BBM": "0/0",
                                "Ave": "-",
                                "Econ": "-",
                                "SR": "-",
                                "4W": 0,
                                "5W": 0
                        },
                        {
                                "Bowling": "2010",
                                "Mat": 6,
                                "Balls": 0,
                                "Runs": 0,
                                "WKTS": 0,
                                "BBM": "0/0",
                                "Ave": "-",
                                "Econ": "-",
                                "SR": "-",
                                "4W": 0,
                                "5W": 0
                        }
                ]
        }
}