{
        "Faf du Plessis": {
                "team_name": "chennai-super-kings",
                "stats": {
                        "Matches": "12",
                        "Runs": "396",
                        "Wickets": "0"
                },
                "details": {
                        "Role": "",
                        "Batting Style": "Right-handed",
                        "Bowling Style": "",
                        "Nationality": "South African",
                        "Nickname": "",
                        "DOB": "13 July 1984",
                        "IPL Debut": ""
                },
                "Batting and Fielding": [
                        {
                                "Batting and Fielding": "Career",
                                "Mat": 71,
                                "No": 5,
                                "Runs": 1853,
                                "HS": "96",
                                "Ave": 31.4,
                                "BF": 1462,
                                "SR": 126.74,
                                "100": 0,
                                "50": 12,
                                "4s": 163,
                                "6s": 59,
                                "CT": 42,
                                "ST": 0
                        },
                        {
                                "Batting and Fielding": "2019",
                                "Mat": 12,
                                "No": 1,
                                "Runs": 396,
                                "HS": "96",
                                "Ave": 36.0,
                                "BF": 321,
                                "SR": 123.36,
                                "100": 0,
                                "50": 3,
                                "4s": 36,
                                "6s": 15,
                                "CT": 12,
                                "ST": 0
                        },
                        {
                                "Batting and Fielding": "2018",
                                "Mat": 6,
                                "No": 1,
                                "Runs": 162,
                                "HS": "67",
                                "Ave": 32.4,
                                "BF": 129,
                                "SR": 125.58,
                                "100": 0,
                                "50": 1,
                                "4s": 17,
                                "6s": 6,
                                "CT": 1,
                                "ST": 0
                        },
                        {
                                "Batting and Fielding": "2017",
                                "Mat": 2,
                                "No": 0,
                                "Runs": 8,
                                "HS": "8",
                                "Ave": 8.0,
                                "BF": 7,
                                "SR": 114.28,
                                "100": 0,
                                "50": 0,
                                "4s": 1,
                                "6s": 0,
                                "CT": 0,
                                "ST": 0
                        },
                        {
                                "Batting and Fielding": "2016",
                                "Mat": 6,
                                "No": 0,
                                "Runs": 206,
                                "HS": "69",
                                "Ave": 34.33,
                                "BF": 162,
                                "SR": 127.16,
                                "100": 0,
                                "50": 2,
                                "4s": 17,
                                "6s": 9,
                                "CT": 4,
                                "ST": 0
                        },
                        {
                                "Batting and Fielding": "2015",
                                "Mat": 17,
                                "No": 2,
                                "Runs": 380,
                                "HS": "55",
                                "Ave": 29.23,
                                "BF": 304,
                                "SR": 125.0,
                                "100": 0,
                                "50": 1,
                                "4s": 37,
                                "6s": 5,
                                "CT": 8,
                                "ST": 0
                        },
                        {
                                "Batting and Fielding": "2014",
                                "Mat": 15,
                                "No": 1,
                                "Runs": 303,
                                "HS": "54",
                                "Ave": 27.54,
                                "BF": 235,
                                "SR": 128.93,
                                "100": 0,
                                "50": 2,
                                "4s": 26,
                                "6s": 7,
                                "CT": 13,
                                "ST": 0
                        },
                        {
                                "Batting and Fielding": "2012",
                                "Mat": 13,
                                "No": 0,
                                "Runs": 398,
                                "HS": "73",
                                "Ave": 33.16,
                                "BF": 304,
                                "SR": 130.92,
                                "100": 0,
                                "50": 3,
                                "4s": 29,
                                "6s": 17,
                                "CT": 4,
                                "ST": 0
                        }
                ],
                "Bowling": [
                        {
                                "Bowling": "Career",
                                "Mat": 71,
                                "Balls": 6,
                                "Runs": 16,
                                "WKTS": 0,
                                "BBM": "0/0",
                                "Ave": "-",
                                "Econ": "16.00",
                                "SR": "-",
                                "4W": 0,
                                "5W": 0
                        },
                        {
                                "Bowling": "2019",
                                "Mat": 12,
                                "Balls": 0,
                                "Runs": 0,
                                "WKTS": 0,
                                "BBM": "0/0",
                                "Ave": "-",
                                "Econ": "-",
                                "SR": "-",
                                "4W": 0,
                                "5W": 0
                        },
                        {
                                "Bowling": "2018",
                                "Mat": 6,
                                "Balls": 0,
                                "Runs": 0,
                                "WKTS": 0,
                                "BBM": "0/0",
                                "Ave": "-",
                                "Econ": "-",
                                "SR": "-",
                                "4W": 0,
                                "5W": 0
                        },
                        {
                                "Bowling": "2017",
                                "Mat": 2,
                                "Balls": 0,
                                "Runs": 0,
                                "WKTS": 0,
                                "BBM": "0/0",
                                "Ave": "-",
                                "Econ": "-",
                                "SR": "-",
                                "4W": 0,
                                "5W": 0
                        },
                        {
                                "Bowling": "2016",
                                "Mat": 6,
                                "Balls": 0,
                                "Runs": 0,
                                "WKTS": 0,
                                "BBM": "0/0",
                                "Ave": "-",
                                "Econ": "-",
                                "SR": "-",
                                "4W": 0,
                                "5W": 0
                        },
                        {
                                "Bowling": "2015",
                                "Mat": 17,
                                "Balls": 0,
                                "Runs": 0,
                                "WKTS": 0,
                                "BBM": "0/0",
                                "Ave": "-",
                                "Econ": "-",
                                "SR": "-",
                                "4W": 0,
                                "5W": 0
                        },
                        {
                                "Bowling": "2014",
                                "Mat": 15,
                                "Balls": 0,
                                "Runs": 0,
                                "WKTS": 0,
                                "BBM": "0/0",
                                "Ave": "-",
                                "Econ": "-",
                                "SR": "-",
                                "4W": 0,
                                "5W": 0
                        },
                        {
                                "Bowling": "2012",
                                "Mat": 13,
                                "Balls": 6,
                                "Runs": 16,
                                "WKTS": 0,
                                "BBM": "0/0",
                                "Ave": "-",
                                "Econ": "16.00",
                                "SR": "-",
                                "4W": 0,
                                "5W": 0
                        }
                ]
        }
}