{
        "Glenn Maxwell": {
                "team_name": "kings-xi-punjab",
                "stats": {
                        "Matches": "0",
                        "Runs": "0",
                        "Wickets": "0"
                },
                "details": {
                        "Role": "",
                        "Batting Style": "Right-handed",
                        "Bowling Style": "",
                        "Nationality": "Australian",
                        "Nickname": "",
                        "DOB": "14 October 1988",
                        "IPL Debut": ""
                },
                "Batting and Fielding": [
                        {
                                "Batting and Fielding": "Career",
                                "Mat": 69,
                                "No": 7,
                                "Runs": 1397,
                                "HS": "95",
                                "Ave": 22.9,
                                "BF": 867,
                                "SR": 161.13,
                                "100": 0,
                                "50": 6,
                                "4s": 109,
                                "6s": 91,
                                "CT": 26,
                                "ST": 0
                        },
                        {
                                "Batting and Fielding": "2018",
                                "Mat": 12,
                                "No": 0,
                                "Runs": 169,
                                "HS": "47",
                                "Ave": 14.08,
                                "BF": 120,
                                "SR": 140.83,
                                "100": 0,
                                "50": 0,
                                "4s": 14,
                                "6s": 9,
                                "CT": 4,
                                "ST": 0
                        },
                        {
                                "Batting and Fielding": "2017",
                                "Mat": 14,
                                "No": 3,
                                "Runs": 310,
                                "HS": "47",
                                "Ave": 31.0,
                                "BF": 179,
                                "SR": 173.18,
                                "100": 0,
                                "50": 0,
                                "4s": 19,
                                "6s": 26,
                                "CT": 7,
                                "ST": 0
                        },
                        {
                                "Batting and Fielding": "2016",
                                "Mat": 11,
                                "No": 2,
                                "Runs": 179,
                                "HS": "68",
                                "Ave": 19.88,
                                "BF": 124,
                                "SR": 144.35,
                                "100": 0,
                                "50": 2,
                                "4s": 14,
                                "6s": 8,
                                "CT": 3,
                                "ST": 0
                        },
                        {
                                "Batting and Fielding": "2015",
                                "Mat": 11,
                                "No": 0,
                                "Runs": 145,
                                "HS": "43",
                                "Ave": 13.18,
                                "BF": 112,
                                "SR": 129.46,
                                "100": 0,
                                "50": 0,
                                "4s": 13,
                                "6s": 8,
                                "CT": 2,
                                "ST": 0
                        },
                        {
                                "Batting and Fielding": "2014",
                                "Mat": 16,
                                "No": 0,
                                "Runs": 552,
                                "HS": "95",
                                "Ave": 34.5,
                                "BF": 294,
                                "SR": 187.75,
                                "100": 0,
                                "50": 4,
                                "4s": 48,
                                "6s": 36,
                                "CT": 9,
                                "ST": 0
                        },
                        {
                                "Batting and Fielding": "2013",
                                "Mat": 3,
                                "No": 1,
                                "Runs": 36,
                                "HS": "23",
                                "Ave": 18.0,
                                "BF": 27,
                                "SR": 133.33,
                                "100": 0,
                                "50": 0,
                                "4s": 1,
                                "6s": 4,
                                "CT": 1,
                                "ST": 0
                        },
                        {
                                "Batting and Fielding": "2012",
                                "Mat": 2,
                                "No": 1,
                                "Runs": 6,
                                "HS": "3",
                                "Ave": 6.0,
                                "BF": 11,
                                "SR": 54.54,
                                "100": 0,
                                "50": 0,
                                "4s": 0,
                                "6s": 0,
                                "CT": 0,
                                "ST": 0
                        }
                ],
                "Bowling": [
                        {
                                "Bowling": "Career",
                                "Mat": 69,
                                "Balls": 420,
                                "Runs": 611,
                                "WKTS": 16,
                                "BBM": "2/15",
                                "Ave": "38.18",
                                "Econ": 8.72,
                                "SR": "26.25",
                                "4W": 0,
                                "5W": 0
                        },
                        {
                                "Bowling": "2018",
                                "Mat": 12,
                                "Balls": 96,
                                "Runs": 132,
                                "WKTS": 5,
                                "BBM": "2/22",
                                "Ave": "26.40",
                                "Econ": 8.25,
                                "SR": "19.20",
                                "4W": 0,
                                "5W": 0
                        },
                        {
                                "Bowling": "2017",
                                "Mat": 14,
                                "Balls": 114,
                                "Runs": 125,
                                "WKTS": 7,
                                "BBM": "2/15",
                                "Ave": "17.85",
                                "Econ": 6.57,
                                "SR": "16.28",
                                "4W": 0,
                                "5W": 0
                        },
                        {
                                "Bowling": "2016",
                                "Mat": 11,
                                "Balls": 54,
                                "Runs": 80,
                                "WKTS": 0,
                                "BBM": "0/0",
                                "Ave": "-",
                                "Econ": 8.88,
                                "SR": "-",
                                "4W": 0,
                                "5W": 0
                        },
                        {
                                "Bowling": "2015",
                                "Mat": 11,
                                "Balls": 60,
                                "Runs": 97,
                                "WKTS": 2,
                                "BBM": "1/5",
                                "Ave": "48.50",
                                "Econ": 9.7,
                                "SR": "30.00",
                                "4W": 0,
                                "5W": 0
                        },
                        {
                                "Bowling": "2014",
                                "Mat": 16,
                                "Balls": 66,
                                "Runs": 132,
                                "WKTS": 1,
                                "BBM": "1/21",
                                "Ave": "132.00",
                                "Econ": 12.0,
                                "SR": "66.00",
                                "4W": 0,
                                "5W": 0
                        },
                        {
                                "Bowling": "2013",
                                "Mat": 3,
                                "Balls": 12,
                                "Runs": 23,
                                "WKTS": 0,
                                "BBM": "0/0",
                                "Ave": "-",
                                "Econ": 11.5,
                                "SR": "-",
                                "4W": 0,
                                "5W": 0
                        },
                        {
                                "Bowling": "2012",
                                "Mat": 2,
                                "Balls": 18,
                                "Runs": 22,
                                "WKTS": 1,
                                "BBM": "1/10",
                                "Ave": "22.00",
                                "Econ": 7.33,
                                "SR": "18.00",
                                "4W": 0,
                                "5W": 0
                        }
                ]
        }
}