{
        "Gurkeerat Mann Singh": {
                "team_name": "royal-challengers-bangalore",
                "stats": {
                        "Matches": "3",
                        "Runs": "98",
                        "Wickets": "0"
                },
                "details": {
                        "Role": "",
                        "Batting Style": "Right-handed",
                        "Bowling Style": "",
                        "Nationality": "Indian",
                        "Nickname": "",
                        "DOB": "29 June 1990",
                        "IPL Debut": ""
                },
                "Batting and Fielding": [
                        {
                                "Batting and Fielding": "Career",
                                "Mat": 33,
                                "No": 3,
                                "Runs": 440,
                                "HS": "65",
                                "Ave": "18.33",
                                "BF": 342,
                                "SR": "128.65",
                                "100": 0,
                                "50": 2,
                                "4s": 47,
                                "6s": 11,
                                "CT": 13,
                                "ST": 1
                        },
                        {
                                "Batting and Fielding": "2019",
                                "Mat": 3,
                                "No": 0,
                                "Runs": 98,
                                "HS": "65",
                                "Ave": "32.66",
                                "BF": 70,
                                "SR": "140.00",
                                "100": 0,
                                "50": 1,
                                "4s": 11,
                                "6s": 2,
                                "CT": 1,
                                "ST": 0
                        },
                        {
                                "Batting and Fielding": "2017",
                                "Mat": 2,
                                "No": 0,
                                "Runs": 0,
                                "HS": "0",
                                "Ave": "-",
                                "BF": 0,
                                "SR": "-",
                                "100": 0,
                                "50": 0,
                                "4s": 0,
                                "6s": 0,
                                "CT": 0,
                                "ST": 0
                        },
                        {
                                "Batting and Fielding": "2016",
                                "Mat": 7,
                                "No": 1,
                                "Runs": 113,
                                "HS": "51",
                                "Ave": "22.60",
                                "BF": 86,
                                "SR": "131.39",
                                "100": 0,
                                "50": 1,
                                "4s": 11,
                                "6s": 3,
                                "CT": 5,
                                "ST": 0
                        },
                        {
                                "Batting and Fielding": "2015",
                                "Mat": 5,
                                "No": 0,
                                "Runs": 35,
                                "HS": "15",
                                "Ave": "7.00",
                                "BF": 39,
                                "SR": "89.74",
                                "100": 0,
                                "50": 0,
                                "4s": 3,
                                "6s": 1,
                                "CT": 1,
                                "ST": 0
                        },
                        {
                                "Batting and Fielding": "2013",
                                "Mat": 11,
                                "No": 1,
                                "Runs": 108,
                                "HS": "31",
                                "Ave": "13.50",
                                "BF": 95,
                                "SR": "113.68",
                                "100": 0,
                                "50": 0,
                                "4s": 10,
                                "6s": 3,
                                "CT": 4,
                                "ST": 1
                        },
                        {
                                "Batting and Fielding": "2012",
                                "Mat": 5,
                                "No": 1,
                                "Runs": 86,
                                "HS": "29",
                                "Ave": "28.66",
                                "BF": 52,
                                "SR": "165.38",
                                "100": 0,
                                "50": 0,
                                "4s": 12,
                                "6s": 2,
                                "CT": 2,
                                "ST": 0
                        }
                ],
                "Bowling": [
                        {
                                "Bowling": "Career",
                                "Mat": 33,
                                "Balls": 78,
                                "Runs": 97,
                                "WKTS": 5,
                                "BBM": "2/15",
                                "Ave": "19.40",
                                "Econ": "7.46",
                                "SR": "15.60",
                                "4W": 0,
                                "5W": 0
                        },
                        {
                                "Bowling": "2019",
                                "Mat": 3,
                                "Balls": 0,
                                "Runs": 0,
                                "WKTS": 0,
                                "BBM": "0/0",
                                "Ave": "-",
                                "Econ": "-",
                                "SR": "-",
                                "4W": 0,
                                "5W": 0
                        },
                        {
                                "Bowling": "2017",
                                "Mat": 2,
                                "Balls": 0,
                                "Runs": 0,
                                "WKTS": 0,
                                "BBM": "0/0",
                                "Ave": "-",
                                "Econ": "-",
                                "SR": "-",
                                "4W": 0,
                                "5W": 0
                        },
                        {
                                "Bowling": "2016",
                                "Mat": 7,
                                "Balls": 24,
                                "Runs": 31,
                                "WKTS": 2,
                                "BBM": "2/15",
                                "Ave": "15.50",
                                "Econ": "7.75",
                                "SR": "12.00",
                                "4W": 0,
                                "5W": 0
                        },
                        {
                                "Bowling": "2015",
                                "Mat": 5,
                                "Balls": 54,
                                "Runs": 66,
                                "WKTS": 3,
                                "BBM": "2/17",
                                "Ave": "22.00",
                                "Econ": "7.33",
                                "SR": "18.00",
                                "4W": 0,
                                "5W": 0
                        },
                        {
                                "Bowling": "2013",
                                "Mat": 11,
                                "Balls": 0,
                                "Runs": 0,
                                "WKTS": 0,
                                "BBM": "0/0",
                                "Ave": "-",
                                "Econ": "-",
                                "SR": "-",
                                "4W": 0,
                                "5W": 0
                        },
                        {
                                "Bowling": "2012",
                                "Mat": 5,
                                "Balls": 0,
                                "Runs": 0,
                                "WKTS": 0,
                                "BBM": "0/0",
                                "Ave": "-",
                                "Econ": "-",
                                "SR": "-",
                                "4W": 0,
                                "5W": 0
                        }
                ]
        }
}