{
        "Harbhajan Singh": {
                "team_name": "chennai-super-kings",
                "stats": {
                        "Matches": "11",
                        "Runs": "1",
                        "Wickets": "16"
                },
                "details": {
                        "Role": "",
                        "Batting Style": "Right-handed",
                        "Bowling Style": "",
                        "Nationality": "Indian",
                        "Nickname": "",
                        "DOB": "03 July 1980",
                        "IPL Debut": ""
                },
                "Batting and Fielding": [
                        {
                                "Batting and Fielding": "Career",
                                "Mat": 160,
                                "No": 35,
                                "Runs": 829,
                                "HS": "64",
                                "Ave": 15.64,
                                "BF": 600,
                                "SR": 138.16,
                                "100": 0,
                                "50": 1,
                                "4s": 79,
                                "6s": 42,
                                "CT": 48,
                                "ST": 0
                        },
                        {
                                "Batting and Fielding": "2019",
                                "Mat": 11,
                                "No": 0,
                                "Runs": 1,
                                "HS": "1",
                                "Ave": 1.0,
                                "BF": 3,
                                "SR": 33.33,
                                "100": 0,
                                "50": 0,
                                "4s": 0,
                                "6s": 0,
                                "CT": 4,
                                "ST": 0
                        },
                        {
                                "Batting and Fielding": "2018",
                                "Mat": 13,
                                "No": 0,
                                "Runs": 29,
                                "HS": "19",
                                "Ave": 9.66,
                                "BF": 36,
                                "SR": 80.55,
                                "100": 0,
                                "50": 0,
                                "4s": 3,
                                "6s": 1,
                                "CT": 4,
                                "ST": 0
                        },
                        {
                                "Batting and Fielding": "2017",
                                "Mat": 11,
                                "No": 5,
                                "Runs": 16,
                                "HS": "7",
                                "Ave": 8.0,
                                "BF": 16,
                                "SR": 100.0,
                                "100": 0,
                                "50": 0,
                                "4s": 0,
                                "6s": 1,
                                "CT": 2,
                                "ST": 0
                        },
                        {
                                "Batting and Fielding": "2016",
                                "Mat": 14,
                                "No": 4,
                                "Runs": 92,
                                "HS": "45",
                                "Ave": 30.66,
                                "BF": 84,
                                "SR": 109.52,
                                "100": 0,
                                "50": 0,
                                "4s": 11,
                                "6s": 2,
                                "CT": 4,
                                "ST": 0
                        },
                        {
                                "Batting and Fielding": "2015",
                                "Mat": 15,
                                "No": 3,
                                "Runs": 117,
                                "HS": "64",
                                "Ave": 16.71,
                                "BF": 73,
                                "SR": 160.27,
                                "100": 0,
                                "50": 1,
                                "4s": 9,
                                "6s": 9,
                                "CT": 3,
                                "ST": 0
                        },
                        {
                                "Batting and Fielding": "2014",
                                "Mat": 14,
                                "No": 2,
                                "Runs": 28,
                                "HS": "10",
                                "Ave": 5.6,
                                "BF": 25,
                                "SR": 112.0,
                                "100": 0,
                                "50": 0,
                                "4s": 2,
                                "6s": 2,
                                "CT": 3,
                                "ST": 0
                        },
                        {
                                "Batting and Fielding": "2013",
                                "Mat": 19,
                                "No": 8,
                                "Runs": 116,
                                "HS": "25",
                                "Ave": 19.33,
                                "BF": 79,
                                "SR": 146.83,
                                "100": 0,
                                "50": 0,
                                "4s": 12,
                                "6s": 5,
                                "CT": 9,
                                "ST": 0
                        },
                        {
                                "Batting and Fielding": "2012",
                                "Mat": 17,
                                "No": 2,
                                "Runs": 108,
                                "HS": "33",
                                "Ave": 12.0,
                                "BF": 80,
                                "SR": 135.0,
                                "100": 0,
                                "50": 0,
                                "4s": 14,
                                "6s": 3,
                                "CT": 6,
                                "ST": 0
                        },
                        {
                                "Batting and Fielding": "2011",
                                "Mat": 15,
                                "No": 5,
                                "Runs": 103,
                                "HS": "30",
                                "Ave": 34.33,
                                "BF": 71,
                                "SR": 145.07,
                                "100": 0,
                                "50": 0,
                                "4s": 9,
                                "6s": 6,
                                "CT": 2,
                                "ST": 0
                        },
                        {
                                "Batting and Fielding": "2010",
                                "Mat": 15,
                                "No": 3,
                                "Runs": 105,
                                "HS": "49",
                                "Ave": 26.25,
                                "BF": 63,
                                "SR": 166.66,
                                "100": 0,
                                "50": 0,
                                "4s": 12,
                                "6s": 5,
                                "CT": 6,
                                "ST": 0
                        },
                        {
                                "Batting and Fielding": "2009",
                                "Mat": 13,
                                "No": 2,
                                "Runs": 84,
                                "HS": "20",
                                "Ave": 10.5,
                                "BF": 53,
                                "SR": 158.49,
                                "100": 0,
                                "50": 0,
                                "4s": 6,
                                "6s": 5,
                                "CT": 3,
                                "ST": 0
                        },
                        {
                                "Batting and Fielding": "2008",
                                "Mat": 3,
                                "No": 1,
                                "Runs": 30,
                                "HS": "28",
                                "Ave": 15.0,
                                "BF": 17,
                                "SR": 176.47,
                                "100": 0,
                                "50": 0,
                                "4s": 1,
                                "6s": 3,
                                "CT": 2,
                                "ST": 0
                        }
                ],
                "Bowling": [
                        {
                                "Bowling": "Career",
                                "Mat": 160,
                                "Balls": 3374,
                                "Runs": 3967,
                                "WKTS": 150,
                                "BBM": "5/18",
                                "Ave": 26.44,
                                "Econ": 7.05,
                                "SR": 22.49,
                                "4W": 1,
                                "5W": 1
                        },
                        {
                                "Bowling": "2019",
                                "Mat": 11,
                                "Balls": 264,
                                "Runs": 312,
                                "WKTS": 16,
                                "BBM": "3/20",
                                "Ave": 19.5,
                                "Econ": 7.09,
                                "SR": 16.5,
                                "4W": 0,
                                "5W": 0
                        },
                        {
                                "Bowling": "2018",
                                "Mat": 13,
                                "Balls": 191,
                                "Runs": 270,
                                "WKTS": 7,
                                "BBM": "2/22",
                                "Ave": 38.57,
                                "Econ": 8.48,
                                "SR": 27.28,
                                "4W": 0,
                                "5W": 0
                        },
                        {
                                "Bowling": "2017",
                                "Mat": 11,
                                "Balls": 246,
                                "Runs": 266,
                                "WKTS": 8,
                                "BBM": "3/22",
                                "Ave": 33.25,
                                "Econ": 6.48,
                                "SR": 30.75,
                                "4W": 0,
                                "5W": 0
                        },
                        {
                                "Bowling": "2016",
                                "Mat": 14,
                                "Balls": 294,
                                "Runs": 392,
                                "WKTS": 9,
                                "BBM": "2/29",
                                "Ave": 43.55,
                                "Econ": 8.0,
                                "SR": 32.66,
                                "4W": 0,
                                "5W": 0
                        },
                        {
                                "Bowling": "2015",
                                "Mat": 15,
                                "Balls": 342,
                                "Runs": 446,
                                "WKTS": 18,
                                "BBM": "3/27",
                                "Ave": 24.77,
                                "Econ": 7.82,
                                "SR": 19.0,
                                "4W": 0,
                                "5W": 0
                        },
                        {
                                "Bowling": "2014",
                                "Mat": 14,
                                "Balls": 330,
                                "Runs": 356,
                                "WKTS": 14,
                                "BBM": "2/13",
                                "Ave": 25.42,
                                "Econ": 6.47,
                                "SR": 23.57,
                                "4W": 0,
                                "5W": 0
                        },
                        {
                                "Bowling": "2013",
                                "Mat": 19,
                                "Balls": 420,
                                "Runs": 456,
                                "WKTS": 24,
                                "BBM": "3/14",
                                "Ave": 19.0,
                                "Econ": 6.51,
                                "SR": 17.5,
                                "4W": 0,
                                "5W": 0
                        },
                        {
                                "Bowling": "2012",
                                "Mat": 17,
                                "Balls": 324,
                                "Runs": 384,
                                "WKTS": 6,
                                "BBM": "2/13",
                                "Ave": 64.0,
                                "Econ": 7.11,
                                "SR": 54.0,
                                "4W": 0,
                                "5W": 0
                        },
                        {
                                "Bowling": "2011",
                                "Mat": 15,
                                "Balls": 318,
                                "Runs": 370,
                                "WKTS": 14,
                                "BBM": "5/18",
                                "Ave": 26.42,
                                "Econ": 6.98,
                                "SR": 22.71,
                                "4W": 0,
                                "5W": 1
                        },
                        {
                                "Bowling": "2010",
                                "Mat": 15,
                                "Balls": 321,
                                "Runs": 377,
                                "WKTS": 17,
                                "BBM": "3/31",
                                "Ave": 22.17,
                                "Econ": 7.04,
                                "SR": 18.88,
                                "4W": 0,
                                "5W": 0
                        },
                        {
                                "Bowling": "2009",
                                "Mat": 13,
                                "Balls": 264,
                                "Runs": 256,
                                "WKTS": 12,
                                "BBM": "4/17",
                                "Ave": 21.33,
                                "Econ": 5.81,
                                "SR": 22.0,
                                "4W": 1,
                                "5W": 0
                        },
                        {
                                "Bowling": "2008",
                                "Mat": 3,
                                "Balls": 60,
                                "Runs": 82,
                                "WKTS": 5,
                                "BBM": "3/32",
                                "Ave": 16.4,
                                "Econ": 8.2,
                                "SR": 12.0,
                                "4W": 0,
                                "5W": 0
                        }
                ]
        }
}