{
        "Hardik Pandya": {
                "team_name": "mumbai-indians",
                "stats": {
                        "Matches": "16",
                        "Runs": "402",
                        "Wickets": "14"
                },
                "details": {
                        "Role": "",
                        "Batting Style": "Right-handed",
                        "Bowling Style": "",
                        "Nationality": "Indian",
                        "Nickname": "",
                        "DOB": "11 October 1993",
                        "IPL Debut": ""
                },
                "Batting and Fielding": [
                        {
                                "Batting and Fielding": "Career",
                                "Mat": 66,
                                "No": 24,
                                "Runs": 1068,
                                "HS": "91",
                                "Ave": 28.86,
                                "BF": 690,
                                "SR": 154.78,
                                "100": 0,
                                "50": 3,
                                "4s": 72,
                                "6s": 68,
                                "CT": 43,
                                "ST": 0
                        },
                        {
                                "Batting and Fielding": "2019",
                                "Mat": 16,
                                "No": 6,
                                "Runs": 402,
                                "HS": "91",
                                "Ave": 44.66,
                                "BF": 210,
                                "SR": 191.42,
                                "100": 0,
                                "50": 1,
                                "4s": 28,
                                "6s": 29,
                                "CT": 11,
                                "ST": 0
                        },
                        {
                                "Batting and Fielding": "2018",
                                "Mat": 13,
                                "No": 4,
                                "Runs": 260,
                                "HS": "50",
                                "Ave": 28.88,
                                "BF": 195,
                                "SR": 133.33,
                                "100": 0,
                                "50": 1,
                                "4s": 20,
                                "6s": 11,
                                "CT": 8,
                                "ST": 0
                        },
                        {
                                "Batting and Fielding": "2017",
                                "Mat": 17,
                                "No": 9,
                                "Runs": 250,
                                "HS": "35",
                                "Ave": 35.71,
                                "BF": 160,
                                "SR": 156.25,
                                "100": 0,
                                "50": 0,
                                "4s": 11,
                                "6s": 20,
                                "CT": 12,
                                "ST": 0
                        },
                        {
                                "Batting and Fielding": "2016",
                                "Mat": 11,
                                "No": 2,
                                "Runs": 44,
                                "HS": "9",
                                "Ave": 6.28,
                                "BF": 63,
                                "SR": 69.84,
                                "100": 0,
                                "50": 0,
                                "4s": 4,
                                "6s": 0,
                                "CT": 6,
                                "ST": 0
                        },
                        {
                                "Batting and Fielding": "2015",
                                "Mat": 9,
                                "No": 3,
                                "Runs": 112,
                                "HS": "61",
                                "Ave": 22.4,
                                "BF": 62,
                                "SR": 180.64,
                                "100": 0,
                                "50": 1,
                                "4s": 9,
                                "6s": 8,
                                "CT": 6,
                                "ST": 0
                        }
                ],
                "Bowling": [
                        {
                                "Bowling": "Career",
                                "Mat": 66,
                                "Balls": 869,
                                "Runs": 1313,
                                "WKTS": 42,
                                "BBM": "3/20",
                                "Ave": 31.26,
                                "Econ": 9.06,
                                "SR": 20.69,
                                "4W": 0,
                                "5W": 0
                        },
                        {
                                "Bowling": "2019",
                                "Mat": 16,
                                "Balls": 255,
                                "Runs": 390,
                                "WKTS": 14,
                                "BBM": "3/20",
                                "Ave": 27.85,
                                "Econ": 9.17,
                                "SR": 18.21,
                                "4W": 0,
                                "5W": 0
                        },
                        {
                                "Bowling": "2018",
                                "Mat": 13,
                                "Balls": 256,
                                "Runs": 381,
                                "WKTS": 18,
                                "BBM": "3/24",
                                "Ave": 21.16,
                                "Econ": 8.92,
                                "SR": 14.22,
                                "4W": 0,
                                "5W": 0
                        },
                        {
                                "Bowling": "2017",
                                "Mat": 17,
                                "Balls": 156,
                                "Runs": 213,
                                "WKTS": 6,
                                "BBM": "2/22",
                                "Ave": 35.5,
                                "Econ": 8.19,
                                "SR": 26.0,
                                "4W": 0,
                                "5W": 0
                        },
                        {
                                "Bowling": "2016",
                                "Mat": 11,
                                "Balls": 100,
                                "Runs": 153,
                                "WKTS": 3,
                                "BBM": "1/7",
                                "Ave": 51.0,
                                "Econ": 9.18,
                                "SR": 33.33,
                                "4W": 0,
                                "5W": 0
                        },
                        {
                                "Bowling": "2015",
                                "Mat": 9,
                                "Balls": 102,
                                "Runs": 176,
                                "WKTS": 1,
                                "BBM": "1/13",
                                "Ave": 176.0,
                                "Econ": 10.35,
                                "SR": 102.0,
                                "4W": 0,
                                "5W": 0
                        }
                ]
        }
}