{
        "Hardus Viljoen": {
                "team_name": "kings-xi-punjab",
                "stats": {
                        "Matches": "6",
                        "Runs": "3",
                        "Wickets": "7"
                },
                "details": {
                        "Role": "",
                        "Batting Style": "Right-handed",
                        "Bowling Style": "",
                        "Nationality": "South African",
                        "Nickname": "",
                        "DOB": "06 March 1989",
                        "IPL Debut": ""
                },
                "Batting and Fielding": [
                        {
                                "Batting and Fielding": "Career",
                                "Mat": 6,
                                "No": 1,
                                "Runs": 3,
                                "HS": "2",
                                "Ave": 1.5,
                                "BF": 7,
                                "SR": 42.85,
                                "100": 0,
                                "50": 0,
                                "4s": 0,
                                "6s": 0,
                                "CT": 1,
                                "ST": 0
                        },
                        {
                                "Batting and Fielding": "2019",
                                "Mat": 6,
                                "No": 1,
                                "Runs": 3,
                                "HS": "2",
                                "Ave": 1.5,
                                "BF": 7,
                                "SR": 42.85,
                                "100": 0,
                                "50": 0,
                                "4s": 0,
                                "6s": 0,
                                "CT": 1,
                                "ST": 0
                        }
                ],
                "Bowling": [
                        {
                                "Bowling": "Career",
                                "Mat": 6,
                                "Balls": 138,
                                "Runs": 222,
                                "WKTS": 7,
                                "BBM": "2/39",
                                "Ave": 31.71,
                                "Econ": 9.65,
                                "SR": 19.71,
                                "4W": 0,
                                "5W": 0
                        },
                        {
                                "Bowling": "2019",
                                "Mat": 6,
                                "Balls": 138,
                                "Runs": 222,
                                "WKTS": 7,
                                "BBM": "2/39",
                                "Ave": 31.71,
                                "Econ": 9.65,
                                "SR": 19.71,
                                "4W": 0,
                                "5W": 0
                        }
                ]
        }
}