{
        "Harry Gurney": {
                "team_name": "kolkata-knight-riders",
                "stats": {
                        "Matches": "8",
                        "Runs": "1",
                        "Wickets": "7"
                },
                "details": {
                        "Role": "",
                        "Batting Style": "Right-handed",
                        "Bowling Style": "",
                        "Nationality": "English",
                        "Nickname": "",
                        "DOB": "25 October 1986",
                        "IPL Debut": ""
                },
                "Batting and Fielding": [
                        {
                                "Batting and Fielding": "Career",
                                "Mat": 8,
                                "No": 1,
                                "Runs": 1,
                                "HS": "1",
                                "Ave": "-",
                                "BF": 5,
                                "SR": 20.0,
                                "100": 0,
                                "50": 0,
                                "4s": 0,
                                "6s": 0,
                                "CT": 0,
                                "ST": 0
                        },
                        {
                                "Batting and Fielding": "2019",
                                "Mat": 8,
                                "No": 1,
                                "Runs": 1,
                                "HS": "1",
                                "Ave": "-",
                                "BF": 5,
                                "SR": 20.0,
                                "100": 0,
                                "50": 0,
                                "4s": 0,
                                "6s": 0,
                                "CT": 0,
                                "ST": 0
                        }
                ],
                "Bowling": [
                        {
                                "Bowling": "Career",
                                "Mat": 8,
                                "Balls": 162,
                                "Runs": 238,
                                "WKTS": 7,
                                "BBM": "2/25",
                                "Ave": 34.0,
                                "Econ": 8.81,
                                "SR": 23.14,
                                "4W": 0,
                                "5W": 0
                        },
                        {
                                "Bowling": "2019",
                                "Mat": 8,
                                "Balls": 162,
                                "Runs": 238,
                                "WKTS": 7,
                                "BBM": "2/25",
                                "Ave": 34.0,
                                "Econ": 8.81,
                                "SR": 23.14,
                                "4W": 0,
                                "5W": 0
                        }
                ]
        }
}