{
        "Harshal Patel": {
                "team_name": "delhi-capitals",
                "stats": {
                        "Matches": "2",
                        "Runs": "0",
                        "Wickets": "2"
                },
                "details": {
                        "Role": "",
                        "Batting Style": "Right-handed",
                        "Bowling Style": "",
                        "Nationality": "Indian",
                        "Nickname": "",
                        "DOB": "23 November 1990",
                        "IPL Debut": ""
                },
                "Batting and Fielding": [
                        {
                                "Batting and Fielding": "Career",
                                "Mat": 43,
                                "No": 7,
                                "Runs": 107,
                                "HS": "36",
                                "Ave": "9.72",
                                "BF": 69,
                                "SR": "155.07",
                                "100": 0,
                                "50": 0,
                                "4s": 3,
                                "6s": 9,
                                "CT": 11,
                                "ST": 0
                        },
                        {
                                "Batting and Fielding": "2019",
                                "Mat": 2,
                                "No": 1,
                                "Runs": 0,
                                "HS": "0",
                                "Ave": "0.00",
                                "BF": 2,
                                "SR": "0.00",
                                "100": 0,
                                "50": 0,
                                "4s": 0,
                                "6s": 0,
                                "CT": 0,
                                "ST": 0
                        },
                        {
                                "Batting and Fielding": "2018",
                                "Mat": 5,
                                "No": 1,
                                "Runs": 60,
                                "HS": "36",
                                "Ave": "60.00",
                                "BF": 33,
                                "SR": "181.81",
                                "100": 0,
                                "50": 0,
                                "4s": 1,
                                "6s": 6,
                                "CT": 0,
                                "ST": 0
                        },
                        {
                                "Batting and Fielding": "2017",
                                "Mat": 1,
                                "No": 0,
                                "Runs": 0,
                                "HS": "0",
                                "Ave": "-",
                                "BF": 0,
                                "SR": "-",
                                "100": 0,
                                "50": 0,
                                "4s": 0,
                                "6s": 0,
                                "CT": 0,
                                "ST": 0
                        },
                        {
                                "Batting and Fielding": "2016",
                                "Mat": 5,
                                "No": 1,
                                "Runs": 0,
                                "HS": "0",
                                "Ave": "-",
                                "BF": 0,
                                "SR": "-",
                                "100": 0,
                                "50": 0,
                                "4s": 0,
                                "6s": 0,
                                "CT": 2,
                                "ST": 0
                        },
                        {
                                "Batting and Fielding": "2015",
                                "Mat": 15,
                                "No": 2,
                                "Runs": 19,
                                "HS": "9",
                                "Ave": "3.80",
                                "BF": 12,
                                "SR": "158.33",
                                "100": 0,
                                "50": 0,
                                "4s": 0,
                                "6s": 2,
                                "CT": 1,
                                "ST": 0
                        },
                        {
                                "Batting and Fielding": "2014",
                                "Mat": 3,
                                "No": 1,
                                "Runs": 13,
                                "HS": "6",
                                "Ave": "6.50",
                                "BF": 7,
                                "SR": "185.71",
                                "100": 0,
                                "50": 0,
                                "4s": 1,
                                "6s": 1,
                                "CT": 0,
                                "ST": 0
                        },
                        {
                                "Batting and Fielding": "2012",
                                "Mat": 12,
                                "No": 1,
                                "Runs": 15,
                                "HS": "10",
                                "Ave": "7.50",
                                "BF": 15,
                                "SR": "100.00",
                                "100": 0,
                                "50": 0,
                                "4s": 1,
                                "6s": 0,
                                "CT": 8,
                                "ST": 0
                        }
                ],
                "Bowling": [
                        {
                                "Bowling": "Career",
                                "Mat": 43,
                                "Balls": 836,
                                "Runs": 1215,
                                "WKTS": 43,
                                "BBM": "3/28",
                                "Ave": 28.25,
                                "Econ": 8.72,
                                "SR": 19.44,
                                "4W": 0,
                                "5W": 0
                        },
                        {
                                "Bowling": "2019",
                                "Mat": 2,
                                "Balls": 48,
                                "Runs": 77,
                                "WKTS": 2,
                                "BBM": "2/40",
                                "Ave": 38.5,
                                "Econ": 9.62,
                                "SR": 24.0,
                                "4W": 0,
                                "5W": 0
                        },
                        {
                                "Bowling": "2018",
                                "Mat": 5,
                                "Balls": 105,
                                "Runs": 167,
                                "WKTS": 7,
                                "BBM": "3/28",
                                "Ave": 23.85,
                                "Econ": 9.54,
                                "SR": 15.0,
                                "4W": 0,
                                "5W": 0
                        },
                        {
                                "Bowling": "2017",
                                "Mat": 1,
                                "Balls": 24,
                                "Runs": 43,
                                "WKTS": 3,
                                "BBM": "3/43",
                                "Ave": 14.33,
                                "Econ": 10.75,
                                "SR": 8.0,
                                "4W": 0,
                                "5W": 0
                        },
                        {
                                "Bowling": "2016",
                                "Mat": 5,
                                "Balls": 84,
                                "Runs": 147,
                                "WKTS": 1,
                                "BBM": "1/46",
                                "Ave": 147.0,
                                "Econ": 10.5,
                                "SR": 84.0,
                                "4W": 0,
                                "5W": 0
                        },
                        {
                                "Bowling": "2015",
                                "Mat": 15,
                                "Balls": 263,
                                "Runs": 328,
                                "WKTS": 17,
                                "BBM": "2/12",
                                "Ave": 19.29,
                                "Econ": 7.48,
                                "SR": 15.47,
                                "4W": 0,
                                "5W": 0
                        },
                        {
                                "Bowling": "2014",
                                "Mat": 3,
                                "Balls": 66,
                                "Runs": 113,
                                "WKTS": 4,
                                "BBM": "2/56",
                                "Ave": 28.25,
                                "Econ": 10.27,
                                "SR": 16.5,
                                "4W": 0,
                                "5W": 0
                        },
                        {
                                "Bowling": "2012",
                                "Mat": 12,
                                "Balls": 246,
                                "Runs": 340,
                                "WKTS": 9,
                                "BBM": "2/24",
                                "Ave": 37.77,
                                "Econ": 8.29,
                                "SR": 27.33,
                                "4W": 0,
                                "5W": 0
                        }
                ]
        }
}