{
        "Imran Tahir": {
                "team_name": "chennai-super-kings",
                "stats": {
                        "Matches": "17",
                        "Runs": "0",
                        "Wickets": "26"
                },
                "details": {
                        "Role": "",
                        "Batting Style": "Right-handed",
                        "Bowling Style": "",
                        "Nationality": "South African",
                        "Nickname": "",
                        "DOB": "27 March 1979",
                        "IPL Debut": ""
                },
                "Batting and Fielding": [
                        {
                                "Batting and Fielding": "Career",
                                "Mat": 55,
                                "No": 4,
                                "Runs": 20,
                                "HS": "5",
                                "Ave": "5.00",
                                "BF": 27,
                                "SR": "74.07",
                                "100": 0,
                                "50": 0,
                                "4s": 3,
                                "6s": 0,
                                "CT": 13,
                                "ST": 0
                        },
                        {
                                "Batting and Fielding": "2019",
                                "Mat": 17,
                                "No": 1,
                                "Runs": 0,
                                "HS": "0",
                                "Ave": "-",
                                "BF": 0,
                                "SR": "-",
                                "100": 0,
                                "50": 0,
                                "4s": 0,
                                "6s": 0,
                                "CT": 6,
                                "ST": 0
                        },
                        {
                                "Batting and Fielding": "2018",
                                "Mat": 6,
                                "No": 1,
                                "Runs": 2,
                                "HS": "2",
                                "Ave": "-",
                                "BF": 2,
                                "SR": "100.00",
                                "100": 0,
                                "50": 0,
                                "4s": 0,
                                "6s": 0,
                                "CT": 2,
                                "ST": 0
                        },
                        {
                                "Batting and Fielding": "2017",
                                "Mat": 12,
                                "No": 1,
                                "Runs": 0,
                                "HS": "0",
                                "Ave": "-",
                                "BF": 2,
                                "SR": "0.00",
                                "100": 0,
                                "50": 0,
                                "4s": 0,
                                "6s": 0,
                                "CT": 2,
                                "ST": 0
                        },
                        {
                                "Batting and Fielding": "2016",
                                "Mat": 4,
                                "No": 0,
                                "Runs": 5,
                                "HS": "5",
                                "Ave": "5.00",
                                "BF": 7,
                                "SR": "71.42",
                                "100": 0,
                                "50": 0,
                                "4s": 1,
                                "6s": 0,
                                "CT": 0,
                                "ST": 0
                        },
                        {
                                "Batting and Fielding": "2015",
                                "Mat": 10,
                                "No": 1,
                                "Runs": 5,
                                "HS": "3",
                                "Ave": "5.00",
                                "BF": 6,
                                "SR": "83.33",
                                "100": 0,
                                "50": 0,
                                "4s": 0,
                                "6s": 0,
                                "CT": 3,
                                "ST": 0
                        },
                        {
                                "Batting and Fielding": "2014",
                                "Mat": 6,
                                "No": 0,
                                "Runs": 8,
                                "HS": "4",
                                "Ave": "4.00",
                                "BF": 10,
                                "SR": "80.00",
                                "100": 0,
                                "50": 0,
                                "4s": 2,
                                "6s": 0,
                                "CT": 0,
                                "ST": 0
                        }
                ],
                "Bowling": [
                        {
                                "Bowling": "Career",
                                "Mat": 55,
                                "Balls": 1226,
                                "Runs": 1611,
                                "WKTS": 79,
                                "BBM": "4/12",
                                "Ave": 20.39,
                                "Econ": 7.88,
                                "SR": 15.51,
                                "4W": 3,
                                "5W": 0
                        },
                        {
                                "Bowling": "2019",
                                "Mat": 17,
                                "Balls": 386,
                                "Runs": 431,
                                "WKTS": 26,
                                "BBM": "4/12",
                                "Ave": 16.57,
                                "Econ": 6.69,
                                "SR": 14.84,
                                "4W": 2,
                                "5W": 0
                        },
                        {
                                "Bowling": "2018",
                                "Mat": 6,
                                "Balls": 124,
                                "Runs": 188,
                                "WKTS": 6,
                                "BBM": "2/34",
                                "Ave": 31.33,
                                "Econ": 9.09,
                                "SR": 20.66,
                                "4W": 0,
                                "5W": 0
                        },
                        {
                                "Bowling": "2017",
                                "Mat": 12,
                                "Balls": 282,
                                "Runs": 369,
                                "WKTS": 18,
                                "BBM": "3/18",
                                "Ave": 20.5,
                                "Econ": 7.85,
                                "SR": 15.66,
                                "4W": 0,
                                "5W": 0
                        },
                        {
                                "Bowling": "2016",
                                "Mat": 4,
                                "Balls": 96,
                                "Runs": 138,
                                "WKTS": 5,
                                "BBM": "3/24",
                                "Ave": 27.6,
                                "Econ": 8.62,
                                "SR": 19.2,
                                "4W": 0,
                                "5W": 0
                        },
                        {
                                "Bowling": "2015",
                                "Mat": 10,
                                "Balls": 213,
                                "Runs": 314,
                                "WKTS": 15,
                                "BBM": "4/28",
                                "Ave": 20.93,
                                "Econ": 8.84,
                                "SR": 14.2,
                                "4W": 1,
                                "5W": 0
                        },
                        {
                                "Bowling": "2014",
                                "Mat": 6,
                                "Balls": 125,
                                "Runs": 171,
                                "WKTS": 9,
                                "BBM": "3/22",
                                "Ave": 19.0,
                                "Econ": 8.2,
                                "SR": 13.88,
                                "4W": 0,
                                "5W": 0
                        }
                ]
        }
}