{
        "Ishant Sharma": {
                "team_name": "delhi-capitals",
                "stats": {
                        "Matches": "13",
                        "Runs": "10",
                        "Wickets": "13"
                },
                "details": {
                        "Role": "",
                        "Batting Style": "Right-handed",
                        "Bowling Style": "",
                        "Nationality": "Indian",
                        "Nickname": "",
                        "DOB": "02 September 1988",
                        "IPL Debut": ""
                },
                "Batting and Fielding": [
                        {
                                "Batting and Fielding": "Career",
                                "Mat": 89,
                                "No": 19,
                                "Runs": 55,
                                "HS": "10",
                                "Ave": "9.16",
                                "BF": 61,
                                "SR": "90.16",
                                "100": 0,
                                "50": 0,
                                "4s": 4,
                                "6s": 2,
                                "CT": 17,
                                "ST": 0
                        },
                        {
                                "Batting and Fielding": "2019",
                                "Mat": 13,
                                "No": 3,
                                "Runs": 10,
                                "HS": "10",
                                "Ave": "-",
                                "BF": 3,
                                "SR": "333.33",
                                "100": 0,
                                "50": 0,
                                "4s": 1,
                                "6s": 1,
                                "CT": 1,
                                "ST": 0
                        },
                        {
                                "Batting and Fielding": "2017",
                                "Mat": 6,
                                "No": 1,
                                "Runs": 8,
                                "HS": "5",
                                "Ave": "4.00",
                                "BF": 12,
                                "SR": "66.66",
                                "100": 0,
                                "50": 0,
                                "4s": 1,
                                "6s": 0,
                                "CT": 0,
                                "ST": 0
                        },
                        {
                                "Batting and Fielding": "2016",
                                "Mat": 4,
                                "No": 1,
                                "Runs": 0,
                                "HS": "0",
                                "Ave": "-",
                                "BF": 0,
                                "SR": "-",
                                "100": 0,
                                "50": 0,
                                "4s": 0,
                                "6s": 0,
                                "CT": 2,
                                "ST": 0
                        },
                        {
                                "Batting and Fielding": "2015",
                                "Mat": 4,
                                "No": 0,
                                "Runs": 0,
                                "HS": "0",
                                "Ave": "-",
                                "BF": 0,
                                "SR": "-",
                                "100": 0,
                                "50": 0,
                                "4s": 0,
                                "6s": 0,
                                "CT": 0,
                                "ST": 0
                        },
                        {
                                "Batting and Fielding": "2014",
                                "Mat": 3,
                                "No": 0,
                                "Runs": 0,
                                "HS": "0",
                                "Ave": "-",
                                "BF": 0,
                                "SR": "-",
                                "100": 0,
                                "50": 0,
                                "4s": 0,
                                "6s": 0,
                                "CT": 0,
                                "ST": 0
                        },
                        {
                                "Batting and Fielding": "2013",
                                "Mat": 16,
                                "No": 2,
                                "Runs": 0,
                                "HS": "0",
                                "Ave": "-",
                                "BF": 0,
                                "SR": "-",
                                "100": 0,
                                "50": 0,
                                "4s": 0,
                                "6s": 0,
                                "CT": 6,
                                "ST": 0
                        },
                        {
                                "Batting and Fielding": "2011",
                                "Mat": 12,
                                "No": 5,
                                "Runs": 4,
                                "HS": "1",
                                "Ave": "-",
                                "BF": 5,
                                "SR": "80.00",
                                "100": 0,
                                "50": 0,
                                "4s": 0,
                                "6s": 0,
                                "CT": 3,
                                "ST": 0
                        },
                        {
                                "Batting and Fielding": "2010",
                                "Mat": 7,
                                "No": 1,
                                "Runs": 6,
                                "HS": "6",
                                "Ave": "6.00",
                                "BF": 17,
                                "SR": "35.29",
                                "100": 0,
                                "50": 0,
                                "4s": 0,
                                "6s": 0,
                                "CT": 1,
                                "ST": 0
                        },
                        {
                                "Batting and Fielding": "2009",
                                "Mat": 11,
                                "No": 1,
                                "Runs": 16,
                                "HS": "9",
                                "Ave": "8.00",
                                "BF": 13,
                                "SR": "123.07",
                                "100": 0,
                                "50": 0,
                                "4s": 1,
                                "6s": 1,
                                "CT": 2,
                                "ST": 0
                        },
                        {
                                "Batting and Fielding": "2008",
                                "Mat": 13,
                                "No": 5,
                                "Runs": 11,
                                "HS": "4",
                                "Ave": "11.00",
                                "BF": 11,
                                "SR": "100.00",
                                "100": 0,
                                "50": 0,
                                "4s": 1,
                                "6s": 0,
                                "CT": 2,
                                "ST": 0
                        }
                ],
                "Bowling": [
                        {
                                "Bowling": "Career",
                                "Mat": 89,
                                "Balls": 1913,
                                "Runs": 2580,
                                "WKTS": 72,
                                "BBM": "5/12",
                                "Ave": "35.83",
                                "Econ": 8.09,
                                "SR": "26.56",
                                "4W": 0,
                                "5W": 1
                        },
                        {
                                "Bowling": "2019",
                                "Mat": 13,
                                "Balls": 276,
                                "Runs": 349,
                                "WKTS": 13,
                                "BBM": "3/38",
                                "Ave": "26.84",
                                "Econ": 7.58,
                                "SR": "21.23",
                                "4W": 0,
                                "5W": 0
                        },
                        {
                                "Bowling": "2017",
                                "Mat": 6,
                                "Balls": 108,
                                "Runs": 179,
                                "WKTS": 0,
                                "BBM": "0/12",
                                "Ave": "-",
                                "Econ": 9.94,
                                "SR": "-",
                                "4W": 0,
                                "5W": 0
                        },
                        {
                                "Bowling": "2016",
                                "Mat": 4,
                                "Balls": 90,
                                "Runs": 148,
                                "WKTS": 3,
                                "BBM": "2/36",
                                "Ave": "49.33",
                                "Econ": 9.86,
                                "SR": "30.00",
                                "4W": 0,
                                "5W": 0
                        },
                        {
                                "Bowling": "2015",
                                "Mat": 4,
                                "Balls": 84,
                                "Runs": 159,
                                "WKTS": 1,
                                "BBM": "1/25",
                                "Ave": "159.00",
                                "Econ": 11.35,
                                "SR": "84.00",
                                "4W": 0,
                                "5W": 0
                        },
                        {
                                "Bowling": "2014",
                                "Mat": 3,
                                "Balls": 66,
                                "Runs": 101,
                                "WKTS": 3,
                                "BBM": "2/37",
                                "Ave": "33.66",
                                "Econ": 9.18,
                                "SR": "22.00",
                                "4W": 0,
                                "5W": 0
                        },
                        {
                                "Bowling": "2013",
                                "Mat": 16,
                                "Balls": 358,
                                "Runs": 466,
                                "WKTS": 15,
                                "BBM": "3/27",
                                "Ave": "31.06",
                                "Econ": 7.81,
                                "SR": "23.86",
                                "4W": 0,
                                "5W": 0
                        },
                        {
                                "Bowling": "2011",
                                "Mat": 12,
                                "Balls": 264,
                                "Runs": 314,
                                "WKTS": 11,
                                "BBM": "5/12",
                                "Ave": "28.54",
                                "Econ": 7.13,
                                "SR": "24.00",
                                "4W": 0,
                                "5W": 1
                        },
                        {
                                "Bowling": "2010",
                                "Mat": 7,
                                "Balls": 150,
                                "Runs": 236,
                                "WKTS": 7,
                                "BBM": "2/33",
                                "Ave": "33.71",
                                "Econ": 9.44,
                                "SR": "21.42",
                                "4W": 0,
                                "5W": 0
                        },
                        {
                                "Bowling": "2009",
                                "Mat": 11,
                                "Balls": 258,
                                "Runs": 297,
                                "WKTS": 11,
                                "BBM": "2/15",
                                "Ave": "27.00",
                                "Econ": 6.9,
                                "SR": "23.45",
                                "4W": 0,
                                "5W": 0
                        },
                        {
                                "Bowling": "2008",
                                "Mat": 13,
                                "Balls": 259,
                                "Runs": 331,
                                "WKTS": 8,
                                "BBM": "2/9",
                                "Ave": "41.37",
                                "Econ": 7.66,
                                "SR": "32.37",
                                "4W": 0,
                                "5W": 0
                        }
                ]
        }
}