{
        "Jasprit Bumrah": {
                "team_name": "mumbai-indians",
                "stats": {
                        "Matches": "16",
                        "Runs": "0",
                        "Wickets": "19"
                },
                "details": {
                        "Role": "",
                        "Batting Style": "Right-handed",
                        "Bowling Style": "",
                        "Nationality": "Indian",
                        "Nickname": "",
                        "DOB": "06 December 1993",
                        "IPL Debut": ""
                },
                "Batting and Fielding": [
                        {
                                "Batting and Fielding": "Career",
                                "Mat": 77,
                                "No": 10,
                                "Runs": 35,
                                "HS": "16",
                                "Ave": "11.66",
                                "BF": 38,
                                "SR": "92.10",
                                "100": 0,
                                "50": 0,
                                "4s": 2,
                                "6s": 1,
                                "CT": 9,
                                "ST": 0
                        },
                        {
                                "Batting and Fielding": "2019",
                                "Mat": 16,
                                "No": 3,
                                "Runs": 0,
                                "HS": "0",
                                "Ave": "-",
                                "BF": 1,
                                "SR": "0.00",
                                "100": 0,
                                "50": 0,
                                "4s": 0,
                                "6s": 0,
                                "CT": 2,
                                "ST": 0
                        },
                        {
                                "Batting and Fielding": "2018",
                                "Mat": 14,
                                "No": 2,
                                "Runs": 10,
                                "HS": "6",
                                "Ave": "10.00",
                                "BF": 11,
                                "SR": "90.90",
                                "100": 0,
                                "50": 0,
                                "4s": 1,
                                "6s": 0,
                                "CT": 4,
                                "ST": 0
                        },
                        {
                                "Batting and Fielding": "2017",
                                "Mat": 16,
                                "No": 1,
                                "Runs": 16,
                                "HS": "16",
                                "Ave": "16.00",
                                "BF": 12,
                                "SR": "133.33",
                                "100": 0,
                                "50": 0,
                                "4s": 0,
                                "6s": 1,
                                "CT": 2,
                                "ST": 0
                        },
                        {
                                "Batting and Fielding": "2016",
                                "Mat": 14,
                                "No": 1,
                                "Runs": 8,
                                "HS": "6",
                                "Ave": "8.00",
                                "BF": 11,
                                "SR": "72.72",
                                "100": 0,
                                "50": 0,
                                "4s": 1,
                                "6s": 0,
                                "CT": 1,
                                "ST": 0
                        },
                        {
                                "Batting and Fielding": "2015",
                                "Mat": 4,
                                "No": 1,
                                "Runs": 0,
                                "HS": "0",
                                "Ave": "-",
                                "BF": 0,
                                "SR": "-",
                                "100": 0,
                                "50": 0,
                                "4s": 0,
                                "6s": 0,
                                "CT": 0,
                                "ST": 0
                        },
                        {
                                "Batting and Fielding": "2014",
                                "Mat": 11,
                                "No": 2,
                                "Runs": 1,
                                "HS": "1",
                                "Ave": "-",
                                "BF": 3,
                                "SR": "33.33",
                                "100": 0,
                                "50": 0,
                                "4s": 0,
                                "6s": 0,
                                "CT": 0,
                                "ST": 0
                        },
                        {
                                "Batting and Fielding": "2013",
                                "Mat": 2,
                                "No": 0,
                                "Runs": 0,
                                "HS": "0",
                                "Ave": "-",
                                "BF": 0,
                                "SR": "-",
                                "100": 0,
                                "50": 0,
                                "4s": 0,
                                "6s": 0,
                                "CT": 0,
                                "ST": 0
                        }
                ],
                "Bowling": [
                        {
                                "Bowling": "Career",
                                "Mat": 77,
                                "Balls": 1732,
                                "Runs": 2181,
                                "WKTS": 82,
                                "BBM": "3/7",
                                "Ave": 26.59,
                                "Econ": 7.55,
                                "SR": 21.12,
                                "4W": 0,
                                "5W": 0
                        },
                        {
                                "Bowling": "2019",
                                "Mat": 16,
                                "Balls": 370,
                                "Runs": 409,
                                "WKTS": 19,
                                "BBM": "3/20",
                                "Ave": 21.52,
                                "Econ": 6.63,
                                "SR": 19.47,
                                "4W": 0,
                                "5W": 0
                        },
                        {
                                "Bowling": "2018",
                                "Mat": 14,
                                "Balls": 324,
                                "Runs": 372,
                                "WKTS": 17,
                                "BBM": "3/15",
                                "Ave": 21.88,
                                "Econ": 6.88,
                                "SR": 19.05,
                                "4W": 0,
                                "5W": 0
                        },
                        {
                                "Bowling": "2017",
                                "Mat": 16,
                                "Balls": 356,
                                "Runs": 439,
                                "WKTS": 20,
                                "BBM": "3/7",
                                "Ave": 21.95,
                                "Econ": 7.39,
                                "SR": 17.8,
                                "4W": 0,
                                "5W": 0
                        },
                        {
                                "Bowling": "2016",
                                "Mat": 14,
                                "Balls": 312,
                                "Runs": 406,
                                "WKTS": 15,
                                "BBM": "3/13",
                                "Ave": 27.06,
                                "Econ": 7.8,
                                "SR": 20.8,
                                "4W": 0,
                                "5W": 0
                        },
                        {
                                "Bowling": "2015",
                                "Mat": 4,
                                "Balls": 90,
                                "Runs": 184,
                                "WKTS": 3,
                                "BBM": "1/38",
                                "Ave": 61.33,
                                "Econ": 12.26,
                                "SR": 30.0,
                                "4W": 0,
                                "5W": 0
                        },
                        {
                                "Bowling": "2014",
                                "Mat": 11,
                                "Balls": 238,
                                "Runs": 301,
                                "WKTS": 5,
                                "BBM": "2/22",
                                "Ave": 60.2,
                                "Econ": 7.58,
                                "SR": 47.6,
                                "4W": 0,
                                "5W": 0
                        },
                        {
                                "Bowling": "2013",
                                "Mat": 2,
                                "Balls": 42,
                                "Runs": 70,
                                "WKTS": 3,
                                "BBM": "3/32",
                                "Ave": 23.33,
                                "Econ": 10.0,
                                "SR": 14.0,
                                "4W": 0,
                                "5W": 0
                        }
                ]
        }
}