{
        "Jaydev Unadkat": {
                "team_name": "rajasthan-royals",
                "stats": {
                        "Matches": "11",
                        "Runs": "1",
                        "Wickets": "10"
                },
                "details": {
                        "Role": "",
                        "Batting Style": "Right-handed",
                        "Bowling Style": "",
                        "Nationality": "Indian",
                        "Nickname": "",
                        "DOB": "18 October 1991",
                        "IPL Debut": ""
                },
                "Batting and Fielding": [
                        {
                                "Batting and Fielding": "Career",
                                "Mat": 73,
                                "No": 11,
                                "Runs": 55,
                                "HS": "26",
                                "Ave": "9.16",
                                "BF": 54,
                                "SR": "101.85",
                                "100": 0,
                                "50": 0,
                                "4s": 6,
                                "6s": 1,
                                "CT": 23,
                                "ST": 0
                        },
                        {
                                "Batting and Fielding": "2019",
                                "Mat": 11,
                                "No": 3,
                                "Runs": 1,
                                "HS": "1",
                                "Ave": "1.00",
                                "BF": 3,
                                "SR": "33.33",
                                "100": 0,
                                "50": 0,
                                "4s": 0,
                                "6s": 0,
                                "CT": 4,
                                "ST": 0
                        },
                        {
                                "Batting and Fielding": "2018",
                                "Mat": 15,
                                "No": 3,
                                "Runs": 49,
                                "HS": "26",
                                "Ave": "12.25",
                                "BF": 38,
                                "SR": "128.94",
                                "100": 0,
                                "50": 0,
                                "4s": 6,
                                "6s": 1,
                                "CT": 6,
                                "ST": 0
                        },
                        {
                                "Batting and Fielding": "2017",
                                "Mat": 12,
                                "No": 2,
                                "Runs": 2,
                                "HS": "2",
                                "Ave": "-",
                                "BF": 5,
                                "SR": "40.00",
                                "100": 0,
                                "50": 0,
                                "4s": 0,
                                "6s": 0,
                                "CT": 9,
                                "ST": 0
                        },
                        {
                                "Batting and Fielding": "2016",
                                "Mat": 1,
                                "No": 0,
                                "Runs": 0,
                                "HS": "0",
                                "Ave": "-",
                                "BF": 0,
                                "SR": "-",
                                "100": 0,
                                "50": 0,
                                "4s": 0,
                                "6s": 0,
                                "CT": 0,
                                "ST": 0
                        },
                        {
                                "Batting and Fielding": "2015",
                                "Mat": 1,
                                "No": 0,
                                "Runs": 0,
                                "HS": "0",
                                "Ave": "-",
                                "BF": 0,
                                "SR": "-",
                                "100": 0,
                                "50": 0,
                                "4s": 0,
                                "6s": 0,
                                "CT": 0,
                                "ST": 0
                        },
                        {
                                "Batting and Fielding": "2014",
                                "Mat": 9,
                                "No": 1,
                                "Runs": 1,
                                "HS": "1",
                                "Ave": "1.00",
                                "BF": 6,
                                "SR": "16.66",
                                "100": 0,
                                "50": 0,
                                "4s": 0,
                                "6s": 0,
                                "CT": 0,
                                "ST": 0
                        },
                        {
                                "Batting and Fielding": "2013",
                                "Mat": 13,
                                "No": 2,
                                "Runs": 2,
                                "HS": "1",
                                "Ave": "-",
                                "BF": 2,
                                "SR": "100.00",
                                "100": 0,
                                "50": 0,
                                "4s": 0,
                                "6s": 0,
                                "CT": 1,
                                "ST": 0
                        },
                        {
                                "Batting and Fielding": "2012",
                                "Mat": 1,
                                "No": 0,
                                "Runs": 0,
                                "HS": "0",
                                "Ave": "-",
                                "BF": 0,
                                "SR": "-",
                                "100": 0,
                                "50": 0,
                                "4s": 0,
                                "6s": 0,
                                "CT": 0,
                                "ST": 0
                        },
                        {
                                "Batting and Fielding": "2011",
                                "Mat": 7,
                                "No": 0,
                                "Runs": 0,
                                "HS": "0",
                                "Ave": "-",
                                "BF": 0,
                                "SR": "-",
                                "100": 0,
                                "50": 0,
                                "4s": 0,
                                "6s": 0,
                                "CT": 2,
                                "ST": 0
                        },
                        {
                                "Batting and Fielding": "2010",
                                "Mat": 3,
                                "No": 0,
                                "Runs": 0,
                                "HS": "0",
                                "Ave": "-",
                                "BF": 0,
                                "SR": "-",
                                "100": 0,
                                "50": 0,
                                "4s": 0,
                                "6s": 0,
                                "CT": 1,
                                "ST": 0
                        }
                ],
                "Bowling": [
                        {
                                "Bowling": "Career",
                                "Mat": 73,
                                "Balls": 1506,
                                "Runs": 2192,
                                "WKTS": 77,
                                "BBM": "5/25",
                                "Ave": "28.46",
                                "Econ": 8.73,
                                "SR": "19.55",
                                "4W": 0,
                                "5W": 2
                        },
                        {
                                "Bowling": "2019",
                                "Mat": 11,
                                "Balls": 224,
                                "Runs": 398,
                                "WKTS": 10,
                                "BBM": "2/26",
                                "Ave": "39.80",
                                "Econ": 10.66,
                                "SR": "22.40",
                                "4W": 0,
                                "5W": 0
                        },
                        {
                                "Bowling": "2018",
                                "Mat": 15,
                                "Balls": 302,
                                "Runs": 486,
                                "WKTS": 11,
                                "BBM": "3/46",
                                "Ave": "44.18",
                                "Econ": 9.65,
                                "SR": "27.45",
                                "4W": 0,
                                "5W": 0
                        },
                        {
                                "Bowling": "2017",
                                "Mat": 12,
                                "Balls": 275,
                                "Runs": 322,
                                "WKTS": 24,
                                "BBM": "5/30",
                                "Ave": "13.41",
                                "Econ": 7.02,
                                "SR": "11.45",
                                "4W": 0,
                                "5W": 1
                        },
                        {
                                "Bowling": "2016",
                                "Mat": 1,
                                "Balls": 18,
                                "Runs": 49,
                                "WKTS": 0,
                                "BBM": "0/49",
                                "Ave": "-",
                                "Econ": 16.33,
                                "SR": "-",
                                "4W": 0,
                                "5W": 0
                        },
                        {
                                "Bowling": "2015",
                                "Mat": 1,
                                "Balls": 18,
                                "Runs": 30,
                                "WKTS": 0,
                                "BBM": "0/30",
                                "Ave": "-",
                                "Econ": 10.0,
                                "SR": "-",
                                "4W": 0,
                                "5W": 0
                        },
                        {
                                "Bowling": "2014",
                                "Mat": 9,
                                "Balls": 187,
                                "Runs": 270,
                                "WKTS": 9,
                                "BBM": "3/32",
                                "Ave": "30.00",
                                "Econ": 8.66,
                                "SR": "20.77",
                                "4W": 0,
                                "5W": 0
                        },
                        {
                                "Bowling": "2013",
                                "Mat": 13,
                                "Balls": 294,
                                "Runs": 370,
                                "WKTS": 13,
                                "BBM": "5/25",
                                "Ave": "28.46",
                                "Econ": 7.55,
                                "SR": "22.61",
                                "4W": 0,
                                "5W": 1
                        },
                        {
                                "Bowling": "2012",
                                "Mat": 1,
                                "Balls": 18,
                                "Runs": 32,
                                "WKTS": 0,
                                "BBM": "0/32",
                                "Ave": "-",
                                "Econ": 10.66,
                                "SR": "-",
                                "4W": 0,
                                "5W": 0
                        },
                        {
                                "Bowling": "2011",
                                "Mat": 7,
                                "Balls": 108,
                                "Runs": 150,
                                "WKTS": 6,
                                "BBM": "2/25",
                                "Ave": "25.00",
                                "Econ": 8.33,
                                "SR": "18.00",
                                "4W": 0,
                                "5W": 0
                        },
                        {
                                "Bowling": "2010",
                                "Mat": 3,
                                "Balls": 62,
                                "Runs": 85,
                                "WKTS": 4,
                                "BBM": "3/26",
                                "Ave": "21.25",
                                "Econ": 8.22,
                                "SR": "15.50",
                                "4W": 0,
                                "5W": 0
                        }
                ]
        }
}