{
        "Josh Philippe": {
                "team_name": "royal-challengers-bangalore",
                "stats": {},
                "details": {},
                "Batting and Fielding": [
                        {
                                "Batting and Fielding": "Career",
                                "Mat": 61,
                                "No": 20,
                                "Runs": 517,
                                "HS": "82",
                                "Ave": 27.21,
                                "BF": 328,
                                "SR": 157.62,
                                "100": 0,
                                "50": 2,
                                "4s": 37,
                                "6s": 27,
                                "CT": 27,
                                "ST": 0
                        },
                        {
                                "Batting and Fielding": "2019",
                                "Mat": 9,
                                "No": 0,
                                "Runs": 32,
                                "HS": "17",
                                "Ave": 5.33,
                                "BF": 37,
                                "SR": 86.48,
                                "100": 0,
                                "50": 0,
                                "4s": 1,
                                "6s": 2,
                                "CT": 4,
                                "ST": 0
                        },
                        {
                                "Batting and Fielding": "2018",
                                "Mat": 4,
                                "No": 3,
                                "Runs": 46,
                                "HS": "27",
                                "Ave": 46.0,
                                "BF": 26,
                                "SR": 176.92,
                                "100": 0,
                                "50": 0,
                                "4s": 3,
                                "6s": 2,
                                "CT": 2,
                                "ST": 0
                        },
                        {
                                "Batting and Fielding": "2017",
                                "Mat": 9,
                                "No": 4,
                                "Runs": 154,
                                "HS": "52",
                                "Ave": 30.8,
                                "BF": 94,
                                "SR": 163.82,
                                "100": 0,
                                "50": 1,
                                "4s": 15,
                                "6s": 6,
                                "CT": 5,
                                "ST": 0
                        },
                        {
                                "Batting and Fielding": "2016",
                                "Mat": 12,
                                "No": 4,
                                "Runs": 195,
                                "HS": "82",
                                "Ave": 65.0,
                                "BF": 109,
                                "SR": 178.89,
                                "100": 0,
                                "50": 1,
                                "4s": 15,
                                "6s": 12,
                                "CT": 8,
                                "ST": 0
                        },
                        {
                                "Batting and Fielding": "2015",
                                "Mat": 11,
                                "No": 5,
                                "Runs": 76,
                                "HS": "34",
                                "Ave": 38.0,
                                "BF": 46,
                                "SR": 165.21,
                                "100": 0,
                                "50": 0,
                                "4s": 3,
                                "6s": 5,
                                "CT": 3,
                                "ST": 0
                        },
                        {
                                "Batting and Fielding": "2013",
                                "Mat": 16,
                                "No": 4,
                                "Runs": 14,
                                "HS": "7",
                                "Ave": 7.0,
                                "BF": 16,
                                "SR": 87.5,
                                "100": 0,
                                "50": 0,
                                "4s": 0,
                                "6s": 0,
                                "CT": 5,
                                "ST": 0
                        }
                ],
                "Bowling": [
                        {
                                "Bowling": "Career",
                                "Mat": 61,
                                "Balls": 1284,
                                "Runs": 1709,
                                "WKTS": 69,
                                "BBM": "4/23",
                                "Ave": 24.76,
                                "Econ": 7.98,
                                "SR": 18.6,
                                "4W": 2,
                                "5W": 0
                        },
                        {
                                "Bowling": "2019",
                                "Mat": 9,
                                "Balls": 198,
                                "Runs": 306,
                                "WKTS": 13,
                                "BBM": "3/22",
                                "Ave": 23.53,
                                "Econ": 9.27,
                                "SR": 15.23,
                                "4W": 0,
                                "5W": 0
                        },
                        {
                                "Bowling": "2018",
                                "Mat": 4,
                                "Balls": 84,
                                "Runs": 143,
                                "WKTS": 3,
                                "BBM": "2/41",
                                "Ave": 47.66,
                                "Econ": 10.21,
                                "SR": 28.0,
                                "4W": 0,
                                "5W": 0
                        },
                        {
                                "Bowling": "2017",
                                "Mat": 9,
                                "Balls": 186,
                                "Runs": 240,
                                "WKTS": 12,
                                "BBM": "4/26",
                                "Ave": 20.0,
                                "Econ": 7.74,
                                "SR": 15.5,
                                "4W": 1,
                                "5W": 0
                        },
                        {
                                "Bowling": "2016",
                                "Mat": 12,
                                "Balls": 264,
                                "Runs": 308,
                                "WKTS": 13,
                                "BBM": "2/30",
                                "Ave": 23.69,
                                "Econ": 7.0,
                                "SR": 20.3,
                                "4W": 0,
                                "5W": 0
                        },
                        {
                                "Bowling": "2015",
                                "Mat": 11,
                                "Balls": 252,
                                "Runs": 311,
                                "WKTS": 13,
                                "BBM": "4/23",
                                "Ave": 23.92,
                                "Econ": 7.4,
                                "SR": 19.38,
                                "4W": 1,
                                "5W": 0
                        },
                        {
                                "Bowling": "2013",
                                "Mat": 16,
                                "Balls": 300,
                                "Runs": 401,
                                "WKTS": 15,
                                "BBM": "3/40",
                                "Ave": 26.73,
                                "Econ": 8.02,
                                "SR": 20.0,
                                "4W": 0,
                                "5W": 0
                        }
                ]
        }
}