{
        "Kagiso Rabada": {
                "team_name": "delhi-capitals",
                "stats": {
                        "Matches": "12",
                        "Runs": "14",
                        "Wickets": "25"
                },
                "details": {
                        "Role": "",
                        "Batting Style": "Left-handed",
                        "Bowling Style": "",
                        "Nationality": "South African",
                        "Nickname": "",
                        "DOB": "25 May 1995",
                        "IPL Debut": ""
                },
                "Batting and Fielding": [
                        {
                                "Batting and Fielding": "Career",
                                "Mat": 18,
                                "No": 1,
                                "Runs": 69,
                                "HS": 44,
                                "Ave": 11.5,
                                "BF": 79,
                                "SR": 87.34,
                                "100": 0,
                                "50": 0,
                                "4s": 5,
                                "6s": 2,
                                "CT": 6,
                                "ST": 0
                        },
                        {
                                "Batting and Fielding": "2019",
                                "Mat": 12,
                                "No": 1,
                                "Runs": 14,
                                "HS": 9,
                                "Ave": 4.66,
                                "BF": 15,
                                "SR": 93.33,
                                "100": 0,
                                "50": 0,
                                "4s": 0,
                                "6s": 1,
                                "CT": 6,
                                "ST": 0
                        },
                        {
                                "Batting and Fielding": "2017",
                                "Mat": 6,
                                "No": 0,
                                "Runs": 55,
                                "HS": 44,
                                "Ave": 18.33,
                                "BF": 64,
                                "SR": 85.93,
                                "100": 0,
                                "50": 0,
                                "4s": 5,
                                "6s": 1,
                                "CT": 0,
                                "ST": 0
                        }
                ],
                "Bowling": [
                        {
                                "Bowling": "Career",
                                "Mat": 18,
                                "Balls": 410,
                                "Runs": 556,
                                "WKTS": 31,
                                "BBM": "4/21",
                                "Ave": 17.93,
                                "Econ": 8.13,
                                "SR": 13.22,
                                "4W": 2,
                                "5W": 0
                        },
                        {
                                "Bowling": "2019",
                                "Mat": 12,
                                "Balls": 282,
                                "Runs": 368,
                                "WKTS": 25,
                                "BBM": "4/21",
                                "Ave": 14.72,
                                "Econ": 7.82,
                                "SR": 11.28,
                                "4W": 2,
                                "5W": 0
                        },
                        {
                                "Bowling": "2017",
                                "Mat": 6,
                                "Balls": 128,
                                "Runs": 188,
                                "WKTS": 6,
                                "BBM": "2/20",
                                "Ave": 31.33,
                                "Econ": 8.81,
                                "SR": 21.33,
                                "4W": 0,
                                "5W": 0
                        }
                ]
        }
}