{
        "Kane Williamson": {
                "team_name": "sunrisers-hyderabad",
                "stats": {
                        "Matches": "9",
                        "Runs": "156",
                        "Wickets": "0"
                },
                "details": {
                        "Role": "",
                        "Batting Style": "Right-handed",
                        "Bowling Style": "",
                        "Nationality": "New Zealander",
                        "Nickname": "",
                        "DOB": "08 August 1990",
                        "IPL Debut": ""
                },
                "Batting and Fielding": [
                        {
                                "Batting and Fielding": "Career",
                                "Mat": 41,
                                "No": 7,
                                "Runs": 1302,
                                "HS": "89",
                                "Ave": 38.29,
                                "BF": 964,
                                "SR": 135.06,
                                "100": 0,
                                "50": 12,
                                "4s": 111,
                                "6s": 44,
                                "CT": 16,
                                "ST": 0
                        },
                        {
                                "Batting and Fielding": "2019",
                                "Mat": 9,
                                "No": 2,
                                "Runs": 156,
                                "HS": "70",
                                "Ave": 22.28,
                                "BF": 130,
                                "SR": 120.0,
                                "100": 0,
                                "50": 1,
                                "4s": 12,
                                "6s": 5,
                                "CT": 2,
                                "ST": 0
                        },
                        {
                                "Batting and Fielding": "2018",
                                "Mat": 17,
                                "No": 3,
                                "Runs": 735,
                                "HS": "84",
                                "Ave": 52.5,
                                "BF": 516,
                                "SR": 142.44,
                                "100": 0,
                                "50": 8,
                                "4s": 64,
                                "6s": 28,
                                "CT": 6,
                                "ST": 0
                        },
                        {
                                "Batting and Fielding": "2017",
                                "Mat": 7,
                                "No": 1,
                                "Runs": 256,
                                "HS": "89",
                                "Ave": 42.66,
                                "BF": 169,
                                "SR": 151.47,
                                "100": 0,
                                "50": 2,
                                "4s": 20,
                                "6s": 10,
                                "CT": 1,
                                "ST": 0
                        },
                        {
                                "Batting and Fielding": "2016",
                                "Mat": 6,
                                "No": 0,
                                "Runs": 124,
                                "HS": "50",
                                "Ave": 20.66,
                                "BF": 122,
                                "SR": 101.63,
                                "100": 0,
                                "50": 1,
                                "4s": 14,
                                "6s": 0,
                                "CT": 5,
                                "ST": 0
                        },
                        {
                                "Batting and Fielding": "2015",
                                "Mat": 2,
                                "No": 1,
                                "Runs": 31,
                                "HS": "26",
                                "Ave": 31.0,
                                "BF": 27,
                                "SR": 114.81,
                                "100": 0,
                                "50": 0,
                                "4s": 1,
                                "6s": 1,
                                "CT": 2,
                                "ST": 0
                        }
                ],
                "Bowling": [
                        {
                                "Bowling": "Career",
                                "Mat": 41,
                                "Balls": 6,
                                "Runs": 7,
                                "WKTS": 0,
                                "BBM": "0/0",
                                "Ave": "-",
                                "Econ": "7.00",
                                "SR": "-",
                                "4W": 0,
                                "5W": 0
                        },
                        {
                                "Bowling": "2019",
                                "Mat": 9,
                                "Balls": 0,
                                "Runs": 0,
                                "WKTS": 0,
                                "BBM": "0/0",
                                "Ave": "-",
                                "Econ": "-",
                                "SR": "-",
                                "4W": 0,
                                "5W": 0
                        },
                        {
                                "Bowling": "2018",
                                "Mat": 17,
                                "Balls": 0,
                                "Runs": 0,
                                "WKTS": 0,
                                "BBM": "0/0",
                                "Ave": "-",
                                "Econ": "-",
                                "SR": "-",
                                "4W": 0,
                                "5W": 0
                        },
                        {
                                "Bowling": "2017",
                                "Mat": 7,
                                "Balls": 0,
                                "Runs": 0,
                                "WKTS": 0,
                                "BBM": "0/0",
                                "Ave": "-",
                                "Econ": "-",
                                "SR": "-",
                                "4W": 0,
                                "5W": 0
                        },
                        {
                                "Bowling": "2016",
                                "Mat": 6,
                                "Balls": 6,
                                "Runs": 7,
                                "WKTS": 0,
                                "BBM": "0/0",
                                "Ave": "-",
                                "Econ": "7.00",
                                "SR": "-",
                                "4W": 0,
                                "5W": 0
                        },
                        {
                                "Bowling": "2015",
                                "Mat": 2,
                                "Balls": 0,
                                "Runs": 0,
                                "WKTS": 0,
                                "BBM": "0/0",
                                "Ave": "-",
                                "Econ": "-",
                                "SR": "-",
                                "4W": 0,
                                "5W": 0
                        }
                ]
        }
}