{
        "Karn Sharma": {
                "team_name": "chennai-super-kings",
                "stats": {
                        "Matches": "1",
                        "Runs": "0",
                        "Wickets": "1"
                },
                "details": {
                        "Role": "",
                        "Batting Style": "Left-handed",
                        "Bowling Style": "",
                        "Nationality": "Indian",
                        "Nickname": "",
                        "DOB": "23 October 1987",
                        "IPL Debut": ""
                },
                "Batting and Fielding": [
                        {
                                "Batting and Fielding": "Career",
                                "Mat": 62,
                                "No": 14,
                                "Runs": 316,
                                "HS": "39",
                                "Ave": "15.80",
                                "BF": 271,
                                "SR": "116.60",
                                "100": 0,
                                "50": 0,
                                "4s": 18,
                                "6s": 14,
                                "CT": 14,
                                "ST": 0
                        },
                        {
                                "Batting and Fielding": "2019",
                                "Mat": 1,
                                "No": 0,
                                "Runs": 0,
                                "HS": "0",
                                "Ave": "-",
                                "BF": 0,
                                "SR": "-",
                                "100": 0,
                                "50": 0,
                                "4s": 0,
                                "6s": 0,
                                "CT": 0,
                                "ST": 0
                        },
                        {
                                "Batting and Fielding": "2018",
                                "Mat": 6,
                                "No": 1,
                                "Runs": 0,
                                "HS": "0",
                                "Ave": "-",
                                "BF": 0,
                                "SR": "-",
                                "100": 0,
                                "50": 0,
                                "4s": 0,
                                "6s": 0,
                                "CT": 3,
                                "ST": 0
                        },
                        {
                                "Batting and Fielding": "2017",
                                "Mat": 9,
                                "No": 0,
                                "Runs": 49,
                                "HS": "19",
                                "Ave": "8.16",
                                "BF": 41,
                                "SR": "119.51",
                                "100": 0,
                                "50": 0,
                                "4s": 5,
                                "6s": 2,
                                "CT": 3,
                                "ST": 0
                        },
                        {
                                "Batting and Fielding": "2016",
                                "Mat": 5,
                                "No": 3,
                                "Runs": 36,
                                "HS": "26",
                                "Ave": "-",
                                "BF": 30,
                                "SR": "120.00",
                                "100": 0,
                                "50": 0,
                                "4s": 3,
                                "6s": 1,
                                "CT": 0,
                                "ST": 0
                        },
                        {
                                "Batting and Fielding": "2015",
                                "Mat": 14,
                                "No": 3,
                                "Runs": 104,
                                "HS": "32",
                                "Ave": "17.33",
                                "BF": 85,
                                "SR": "122.35",
                                "100": 0,
                                "50": 0,
                                "4s": 3,
                                "6s": 6,
                                "CT": 4,
                                "ST": 0
                        },
                        {
                                "Batting and Fielding": "2014",
                                "Mat": 14,
                                "No": 4,
                                "Runs": 42,
                                "HS": "17",
                                "Ave": "10.50",
                                "BF": 29,
                                "SR": "144.82",
                                "100": 0,
                                "50": 0,
                                "4s": 1,
                                "6s": 3,
                                "CT": 0,
                                "ST": 0
                        },
                        {
                                "Batting and Fielding": "2013",
                                "Mat": 13,
                                "No": 3,
                                "Runs": 85,
                                "HS": "39",
                                "Ave": "21.25",
                                "BF": 86,
                                "SR": "98.83",
                                "100": 0,
                                "50": 0,
                                "4s": 6,
                                "6s": 2,
                                "CT": 4,
                                "ST": 0
                        }
                ],
                "Bowling": [
                        {
                                "Bowling": "Career",
                                "Mat": 62,
                                "Balls": 1108,
                                "Runs": 1445,
                                "WKTS": 54,
                                "BBM": "4/16",
                                "Ave": "26.75",
                                "Econ": 7.82,
                                "SR": "20.51",
                                "4W": 2,
                                "5W": 0
                        },
                        {
                                "Bowling": "2019",
                                "Mat": 1,
                                "Balls": 17,
                                "Runs": 33,
                                "WKTS": 1,
                                "BBM": "1/33",
                                "Ave": "33.00",
                                "Econ": 11.64,
                                "SR": "17.00",
                                "4W": 0,
                                "5W": 0
                        },
                        {
                                "Bowling": "2018",
                                "Mat": 6,
                                "Balls": 57,
                                "Runs": 89,
                                "WKTS": 4,
                                "BBM": "2/13",
                                "Ave": "22.25",
                                "Econ": 9.36,
                                "SR": "14.25",
                                "4W": 0,
                                "5W": 0
                        },
                        {
                                "Bowling": "2017",
                                "Mat": 9,
                                "Balls": 184,
                                "Runs": 214,
                                "WKTS": 13,
                                "BBM": "4/16",
                                "Ave": "16.46",
                                "Econ": 6.97,
                                "SR": "14.15",
                                "4W": 1,
                                "5W": 0
                        },
                        {
                                "Bowling": "2016",
                                "Mat": 5,
                                "Balls": 98,
                                "Runs": 171,
                                "WKTS": 0,
                                "BBM": "0/24",
                                "Ave": "-",
                                "Econ": 10.46,
                                "SR": "-",
                                "4W": 0,
                                "5W": 0
                        },
                        {
                                "Bowling": "2015",
                                "Mat": 14,
                                "Balls": 239,
                                "Runs": 332,
                                "WKTS": 10,
                                "BBM": "2/12",
                                "Ave": "33.20",
                                "Econ": 8.33,
                                "SR": "23.90",
                                "4W": 0,
                                "5W": 0
                        },
                        {
                                "Bowling": "2014",
                                "Mat": 14,
                                "Balls": 304,
                                "Runs": 376,
                                "WKTS": 15,
                                "BBM": "4/38",
                                "Ave": "25.06",
                                "Econ": 7.42,
                                "SR": "20.26",
                                "4W": 1,
                                "5W": 0
                        },
                        {
                                "Bowling": "2013",
                                "Mat": 13,
                                "Balls": 209,
                                "Runs": 230,
                                "WKTS": 11,
                                "BBM": "2/19",
                                "Ave": "20.90",
                                "Econ": 6.6,
                                "SR": "19.00",
                                "4W": 0,
                                "5W": 0
                        }
                ]
        }
}