{
        "Karun Nair": {
                "team_name": "kings-xi-punjab",
                "stats": {
                        "Matches": "1",
                        "Runs": "5",
                        "Wickets": "0"
                },
                "details": {
                        "Role": "",
                        "Batting Style": "Right-handed",
                        "Bowling Style": "",
                        "Nationality": "Indian",
                        "Nickname": "",
                        "DOB": "06 December 1991",
                        "IPL Debut": ""
                },
                "Batting and Fielding": [
                        {
                                "Batting and Fielding": "Career",
                                "Mat": 69,
                                "No": 4,
                                "Runs": 1464,
                                "HS": "83",
                                "Ave": 24.81,
                                "BF": 1139,
                                "SR": 128.53,
                                "100": 0,
                                "50": 10,
                                "4s": 158,
                                "6s": 39,
                                "CT": 21,
                                "ST": 0
                        },
                        {
                                "Batting and Fielding": "2019",
                                "Mat": 1,
                                "No": 0,
                                "Runs": 5,
                                "HS": "5",
                                "Ave": 5.0,
                                "BF": 6,
                                "SR": 83.33,
                                "100": 0,
                                "50": 0,
                                "4s": 0,
                                "6s": 0,
                                "CT": 0,
                                "ST": 0
                        },
                        {
                                "Batting and Fielding": "2018",
                                "Mat": 13,
                                "No": 0,
                                "Runs": 301,
                                "HS": "54",
                                "Ave": 25.08,
                                "BF": 221,
                                "SR": 136.19,
                                "100": 0,
                                "50": 2,
                                "4s": 23,
                                "6s": 13,
                                "CT": 9,
                                "ST": 0
                        },
                        {
                                "Batting and Fielding": "2017",
                                "Mat": 14,
                                "No": 0,
                                "Runs": 281,
                                "HS": "64",
                                "Ave": 21.61,
                                "BF": 226,
                                "SR": 124.33,
                                "100": 0,
                                "50": 1,
                                "4s": 39,
                                "6s": 6,
                                "CT": 2,
                                "ST": 0
                        },
                        {
                                "Batting and Fielding": "2016",
                                "Mat": 14,
                                "No": 2,
                                "Runs": 357,
                                "HS": "83",
                                "Ave": 35.7,
                                "BF": 297,
                                "SR": 120.2,
                                "100": 0,
                                "50": 3,
                                "4s": 40,
                                "6s": 6,
                                "CT": 3,
                                "ST": 0
                        },
                        {
                                "Batting and Fielding": "2015",
                                "Mat": 14,
                                "No": 1,
                                "Runs": 181,
                                "HS": "61",
                                "Ave": 16.45,
                                "BF": 145,
                                "SR": 124.82,
                                "100": 0,
                                "50": 1,
                                "4s": 18,
                                "6s": 5,
                                "CT": 3,
                                "ST": 0
                        },
                        {
                                "Batting and Fielding": "2014",
                                "Mat": 11,
                                "No": 1,
                                "Runs": 330,
                                "HS": "73",
                                "Ave": 33.0,
                                "BF": 232,
                                "SR": 142.24,
                                "100": 0,
                                "50": 3,
                                "4s": 38,
                                "6s": 9,
                                "CT": 4,
                                "ST": 0
                        },
                        {
                                "Batting and Fielding": "2013",
                                "Mat": 2,
                                "No": 0,
                                "Runs": 9,
                                "HS": "9",
                                "Ave": 4.5,
                                "BF": 12,
                                "SR": 75.0,
                                "100": 0,
                                "50": 0,
                                "4s": 0,
                                "6s": 0,
                                "CT": 0,
                                "ST": 0
                        }
                ],
                "Bowling": [
                        {
                                "Bowling": "Career",
                                "Mat": 69,
                                "Balls": 0,
                                "Runs": 0,
                                "WKTS": 0,
                                "BBM": "0/0",
                                "Ave": "-",
                                "Econ": "-",
                                "SR": "-",
                                "4W": 0,
                                "5W": 0
                        },
                        {
                                "Bowling": "2019",
                                "Mat": 1,
                                "Balls": 0,
                                "Runs": 0,
                                "WKTS": 0,
                                "BBM": "0/0",
                                "Ave": "-",
                                "Econ": "-",
                                "SR": "-",
                                "4W": 0,
                                "5W": 0
                        },
                        {
                                "Bowling": "2018",
                                "Mat": 13,
                                "Balls": 0,
                                "Runs": 0,
                                "WKTS": 0,
                                "BBM": "0/0",
                                "Ave": "-",
                                "Econ": "-",
                                "SR": "-",
                                "4W": 0,
                                "5W": 0
                        },
                        {
                                "Bowling": "2017",
                                "Mat": 14,
                                "Balls": 0,
                                "Runs": 0,
                                "WKTS": 0,
                                "BBM": "0/0",
                                "Ave": "-",
                                "Econ": "-",
                                "SR": "-",
                                "4W": 0,
                                "5W": 0
                        },
                        {
                                "Bowling": "2016",
                                "Mat": 14,
                                "Balls": 0,
                                "Runs": 0,
                                "WKTS": 0,
                                "BBM": "0/0",
                                "Ave": "-",
                                "Econ": "-",
                                "SR": "-",
                                "4W": 0,
                                "5W": 0
                        },
                        {
                                "Bowling": "2015",
                                "Mat": 14,
                                "Balls": 0,
                                "Runs": 0,
                                "WKTS": 0,
                                "BBM": "0/0",
                                "Ave": "-",
                                "Econ": "-",
                                "SR": "-",
                                "4W": 0,
                                "5W": 0
                        },
                        {
                                "Bowling": "2014",
                                "Mat": 11,
                                "Balls": 0,
                                "Runs": 0,
                                "WKTS": 0,
                                "BBM": "0/0",
                                "Ave": "-",
                                "Econ": "-",
                                "SR": "-",
                                "4W": 0,
                                "5W": 0
                        },
                        {
                                "Bowling": "2013",
                                "Mat": 2,
                                "Balls": 0,
                                "Runs": 0,
                                "WKTS": 0,
                                "BBM": "0/0",
                                "Ave": "-",
                                "Econ": "-",
                                "SR": "-",
                                "4W": 0,
                                "5W": 0
                        }
                ]
        }
}