{
        "Kedar Jadhav": {
                "team_name": "chennai-super-kings",
                "stats": {
                        "Matches": "14",
                        "Runs": "162",
                        "Wickets": "0"
                },
                "details": {
                        "Role": "",
                        "Batting Style": "Right-handed",
                        "Bowling Style": "",
                        "Nationality": "Indian",
                        "Nickname": "",
                        "DOB": "26 March 1985",
                        "IPL Debut": ""
                },
                "Batting and Fielding": [
                        {
                                "Batting and Fielding": "Career",
                                "Mat": 79,
                                "No": 23,
                                "Runs": 1079,
                                "HS": "69",
                                "Ave": "22.95",
                                "BF": 853,
                                "SR": 126.49,
                                "100": 0,
                                "50": 4,
                                "4s": 92,
                                "6s": 38,
                                "CT": 27,
                                "ST": 7
                        },
                        {
                                "Batting and Fielding": "2019",
                                "Mat": 14,
                                "No": 3,
                                "Runs": 162,
                                "HS": "58",
                                "Ave": "18.00",
                                "BF": 169,
                                "SR": 95.85,
                                "100": 0,
                                "50": 1,
                                "4s": 19,
                                "6s": 3,
                                "CT": 4,
                                "ST": 0
                        },
                        {
                                "Batting and Fielding": "2018",
                                "Mat": 1,
                                "No": 1,
                                "Runs": 24,
                                "HS": "24",
                                "Ave": "-",
                                "BF": 22,
                                "SR": 109.09,
                                "100": 0,
                                "50": 0,
                                "4s": 1,
                                "6s": 2,
                                "CT": 0,
                                "ST": 0
                        },
                        {
                                "Batting and Fielding": "2017",
                                "Mat": 13,
                                "No": 1,
                                "Runs": 267,
                                "HS": "69",
                                "Ave": "22.25",
                                "BF": 186,
                                "SR": 143.54,
                                "100": 0,
                                "50": 1,
                                "4s": 25,
                                "6s": 10,
                                "CT": 7,
                                "ST": 3
                        },
                        {
                                "Batting and Fielding": "2016",
                                "Mat": 4,
                                "No": 3,
                                "Runs": 42,
                                "HS": "25",
                                "Ave": "-",
                                "BF": 32,
                                "SR": 131.25,
                                "100": 0,
                                "50": 0,
                                "4s": 2,
                                "6s": 2,
                                "CT": 1,
                                "ST": 0
                        },
                        {
                                "Batting and Fielding": "2015",
                                "Mat": 14,
                                "No": 4,
                                "Runs": 189,
                                "HS": "63",
                                "Ave": "23.62",
                                "BF": 140,
                                "SR": 135.0,
                                "100": 0,
                                "50": 1,
                                "4s": 16,
                                "6s": 7,
                                "CT": 6,
                                "ST": 2
                        },
                        {
                                "Batting and Fielding": "2014",
                                "Mat": 10,
                                "No": 5,
                                "Runs": 149,
                                "HS": "37",
                                "Ave": "29.80",
                                "BF": 101,
                                "SR": 147.52,
                                "100": 0,
                                "50": 0,
                                "4s": 13,
                                "6s": 7,
                                "CT": 3,
                                "ST": 0
                        },
                        {
                                "Batting and Fielding": "2013",
                                "Mat": 12,
                                "No": 3,
                                "Runs": 152,
                                "HS": "31",
                                "Ave": "21.71",
                                "BF": 124,
                                "SR": 122.58,
                                "100": 0,
                                "50": 0,
                                "4s": 8,
                                "6s": 5,
                                "CT": 4,
                                "ST": 2
                        },
                        {
                                "Batting and Fielding": "2011",
                                "Mat": 6,
                                "No": 1,
                                "Runs": 18,
                                "HS": "12",
                                "Ave": "6.00",
                                "BF": 23,
                                "SR": 78.26,
                                "100": 0,
                                "50": 0,
                                "4s": 1,
                                "6s": 0,
                                "CT": 2,
                                "ST": 0
                        },
                        {
                                "Batting and Fielding": "2010",
                                "Mat": 5,
                                "No": 2,
                                "Runs": 76,
                                "HS": "50",
                                "Ave": "25.33",
                                "BF": 56,
                                "SR": 135.71,
                                "100": 0,
                                "50": 1,
                                "4s": 7,
                                "6s": 2,
                                "CT": 0,
                                "ST": 0
                        }
                ],
                "Bowling": [
                        {
                                "Bowling": "Career",
                                "Mat": 79,
                                "Balls": 0,
                                "Runs": 0,
                                "WKTS": 0,
                                "BBM": "0/0",
                                "Ave": "-",
                                "Econ": "-",
                                "SR": "-",
                                "4W": 0,
                                "5W": 0
                        },
                        {
                                "Bowling": "2019",
                                "Mat": 14,
                                "Balls": 0,
                                "Runs": 0,
                                "WKTS": 0,
                                "BBM": "0/0",
                                "Ave": "-",
                                "Econ": "-",
                                "SR": "-",
                                "4W": 0,
                                "5W": 0
                        },
                        {
                                "Bowling": "2018",
                                "Mat": 1,
                                "Balls": 0,
                                "Runs": 0,
                                "WKTS": 0,
                                "BBM": "0/0",
                                "Ave": "-",
                                "Econ": "-",
                                "SR": "-",
                                "4W": 0,
                                "5W": 0
                        },
                        {
                                "Bowling": "2017",
                                "Mat": 13,
                                "Balls": 0,
                                "Runs": 0,
                                "WKTS": 0,
                                "BBM": "0/0",
                                "Ave": "-",
                                "Econ": "-",
                                "SR": "-",
                                "4W": 0,
                                "5W": 0
                        },
                        {
                                "Bowling": "2016",
                                "Mat": 4,
                                "Balls": 0,
                                "Runs": 0,
                                "WKTS": 0,
                                "BBM": "0/0",
                                "Ave": "-",
                                "Econ": "-",
                                "SR": "-",
                                "4W": 0,
                                "5W": 0
                        },
                        {
                                "Bowling": "2015",
                                "Mat": 14,
                                "Balls": 0,
                                "Runs": 0,
                                "WKTS": 0,
                                "BBM": "0/0",
                                "Ave": "-",
                                "Econ": "-",
                                "SR": "-",
                                "4W": 0,
                                "5W": 0
                        },
                        {
                                "Bowling": "2014",
                                "Mat": 10,
                                "Balls": 0,
                                "Runs": 0,
                                "WKTS": 0,
                                "BBM": "0/0",
                                "Ave": "-",
                                "Econ": "-",
                                "SR": "-",
                                "4W": 0,
                                "5W": 0
                        },
                        {
                                "Bowling": "2013",
                                "Mat": 12,
                                "Balls": 0,
                                "Runs": 0,
                                "WKTS": 0,
                                "BBM": "0/0",
                                "Ave": "-",
                                "Econ": "-",
                                "SR": "-",
                                "4W": 0,
                                "5W": 0
                        },
                        {
                                "Bowling": "2011",
                                "Mat": 6,
                                "Balls": 0,
                                "Runs": 0,
                                "WKTS": 0,
                                "BBM": "0/0",
                                "Ave": "-",
                                "Econ": "-",
                                "SR": "-",
                                "4W": 0,
                                "5W": 0
                        },
                        {
                                "Bowling": "2010",
                                "Mat": 5,
                                "Balls": 0,
                                "Runs": 0,
                                "WKTS": 0,
                                "BBM": "0/0",
                                "Ave": "-",
                                "Econ": "-",
                                "SR": "-",
                                "4W": 0,
                                "5W": 0
                        }
                ]
        }
}