{
        "Kieron Pollard": {
                "team_name": "mumbai-indians",
                "stats": {
                        "Matches": "16",
                        "Runs": "279",
                        "Wickets": "0"
                },
                "details": {
                        "Role": "",
                        "Batting Style": "Right-handed",
                        "Bowling Style": "",
                        "Nationality": "West Indian",
                        "Nickname": "",
                        "DOB": "12 May 1987",
                        "IPL Debut": ""
                },
                "Batting and Fielding": [
                        {
                                "Batting and Fielding": "Career",
                                "Mat": 148,
                                "No": 39,
                                "Runs": 2755,
                                "HS": "83",
                                "Ave": 28.69,
                                "BF": 1877,
                                "SR": 146.77,
                                "100": 0,
                                "50": 14,
                                "4s": 181,
                                "6s": 176,
                                "CT": 82,
                                "ST": 0
                        },
                        {
                                "Batting and Fielding": "2019",
                                "Mat": 16,
                                "No": 6,
                                "Runs": 279,
                                "HS": "83",
                                "Ave": 34.87,
                                "BF": 178,
                                "SR": 156.74,
                                "100": 0,
                                "50": 1,
                                "4s": 14,
                                "6s": 22,
                                "CT": 8,
                                "ST": 0
                        },
                        {
                                "Batting and Fielding": "2018",
                                "Mat": 9,
                                "No": 1,
                                "Runs": 133,
                                "HS": "50",
                                "Ave": 19.0,
                                "BF": 100,
                                "SR": 133.0,
                                "100": 0,
                                "50": 1,
                                "4s": 10,
                                "6s": 7,
                                "CT": 4,
                                "ST": 0
                        },
                        {
                                "Batting and Fielding": "2017",
                                "Mat": 17,
                                "No": 3,
                                "Runs": 385,
                                "HS": "70",
                                "Ave": 29.61,
                                "BF": 276,
                                "SR": 139.49,
                                "100": 0,
                                "50": 3,
                                "4s": 26,
                                "6s": 22,
                                "CT": 15,
                                "ST": 0
                        },
                        {
                                "Batting and Fielding": "2016",
                                "Mat": 13,
                                "No": 4,
                                "Runs": 207,
                                "HS": "51",
                                "Ave": 25.87,
                                "BF": 144,
                                "SR": 143.75,
                                "100": 0,
                                "50": 1,
                                "4s": 11,
                                "6s": 16,
                                "CT": 5,
                                "ST": 0
                        },
                        {
                                "Batting and Fielding": "2015",
                                "Mat": 16,
                                "No": 3,
                                "Runs": 419,
                                "HS": "70",
                                "Ave": 38.09,
                                "BF": 256,
                                "SR": 163.67,
                                "100": 0,
                                "50": 2,
                                "4s": 28,
                                "6s": 28,
                                "CT": 9,
                                "ST": 0
                        },
                        {
                                "Batting and Fielding": "2014",
                                "Mat": 15,
                                "No": 7,
                                "Runs": 273,
                                "HS": "78",
                                "Ave": 34.12,
                                "BF": 203,
                                "SR": 134.48,
                                "100": 0,
                                "50": 1,
                                "4s": 15,
                                "6s": 15,
                                "CT": 7,
                                "ST": 0
                        },
                        {
                                "Batting and Fielding": "2013",
                                "Mat": 18,
                                "No": 8,
                                "Runs": 420,
                                "HS": "66",
                                "Ave": 42.0,
                                "BF": 281,
                                "SR": 149.46,
                                "100": 0,
                                "50": 3,
                                "4s": 27,
                                "6s": 29,
                                "CT": 12,
                                "ST": 0
                        },
                        {
                                "Batting and Fielding": "2012",
                                "Mat": 14,
                                "No": 2,
                                "Runs": 220,
                                "HS": "64",
                                "Ave": 24.44,
                                "BF": 159,
                                "SR": 138.36,
                                "100": 0,
                                "50": 2,
                                "4s": 15,
                                "6s": 14,
                                "CT": 6,
                                "ST": 0
                        },
                        {
                                "Batting and Fielding": "2011",
                                "Mat": 16,
                                "No": 3,
                                "Runs": 146,
                                "HS": "28",
                                "Ave": 14.6,
                                "BF": 133,
                                "SR": 109.77,
                                "100": 0,
                                "50": 0,
                                "4s": 12,
                                "6s": 6,
                                "CT": 10,
                                "ST": 0
                        },
                        {
                                "Batting and Fielding": "2010",
                                "Mat": 14,
                                "No": 2,
                                "Runs": 273,
                                "HS": "45",
                                "Ave": 22.75,
                                "BF": 147,
                                "SR": 185.71,
                                "100": 0,
                                "50": 0,
                                "4s": 23,
                                "6s": 17,
                                "CT": 6,
                                "ST": 0
                        }
                ],
                "Bowling": [
                        {
                                "Bowling": "Career",
                                "Mat": 148,
                                "Balls": 1199,
                                "Runs": 1770,
                                "WKTS": 56,
                                "BBM": "4/44",
                                "Ave": "31.60",
                                "Econ": "8.85",
                                "SR": "21.41",
                                "4W": 1,
                                "5W": 0
                        },
                        {
                                "Bowling": "2019",
                                "Mat": 16,
                                "Balls": 0,
                                "Runs": 0,
                                "WKTS": 0,
                                "BBM": "0/0",
                                "Ave": "-",
                                "Econ": "-",
                                "SR": "-",
                                "4W": 0,
                                "5W": 0
                        },
                        {
                                "Bowling": "2018",
                                "Mat": 9,
                                "Balls": 0,
                                "Runs": 0,
                                "WKTS": 0,
                                "BBM": "0/0",
                                "Ave": "-",
                                "Econ": "-",
                                "SR": "-",
                                "4W": 0,
                                "5W": 0
                        },
                        {
                                "Bowling": "2017",
                                "Mat": 17,
                                "Balls": 11,
                                "Runs": 30,
                                "WKTS": 0,
                                "BBM": "0/0",
                                "Ave": "-",
                                "Econ": "16.36",
                                "SR": "-",
                                "4W": 0,
                                "5W": 0
                        },
                        {
                                "Bowling": "2016",
                                "Mat": 13,
                                "Balls": 36,
                                "Runs": 81,
                                "WKTS": 0,
                                "BBM": "0/0",
                                "Ave": "-",
                                "Econ": "13.50",
                                "SR": "-",
                                "4W": 0,
                                "5W": 0
                        },
                        {
                                "Bowling": "2015",
                                "Mat": 16,
                                "Balls": 76,
                                "Runs": 120,
                                "WKTS": 3,
                                "BBM": "1/6",
                                "Ave": "40.00",
                                "Econ": "9.47",
                                "SR": "25.33",
                                "4W": 0,
                                "5W": 0
                        },
                        {
                                "Bowling": "2014",
                                "Mat": 15,
                                "Balls": 150,
                                "Runs": 262,
                                "WKTS": 2,
                                "BBM": "1/33",
                                "Ave": "131.00",
                                "Econ": "10.48",
                                "SR": "75.00",
                                "4W": 0,
                                "5W": 0
                        },
                        {
                                "Bowling": "2013",
                                "Mat": 18,
                                "Balls": 186,
                                "Runs": 292,
                                "WKTS": 10,
                                "BBM": "2/6",
                                "Ave": "29.20",
                                "Econ": "9.41",
                                "SR": "18.60",
                                "4W": 0,
                                "5W": 0
                        },
                        {
                                "Bowling": "2012",
                                "Mat": 14,
                                "Balls": 263,
                                "Runs": 350,
                                "WKTS": 16,
                                "BBM": "4/44",
                                "Ave": "21.87",
                                "Econ": "7.98",
                                "SR": "16.43",
                                "4W": 1,
                                "5W": 0
                        },
                        {
                                "Bowling": "2011",
                                "Mat": 16,
                                "Balls": 255,
                                "Runs": 361,
                                "WKTS": 10,
                                "BBM": "2/24",
                                "Ave": "36.10",
                                "Econ": "8.49",
                                "SR": "25.50",
                                "4W": 0,
                                "5W": 0
                        },
                        {
                                "Bowling": "2010",
                                "Mat": 14,
                                "Balls": 222,
                                "Runs": 274,
                                "WKTS": 15,
                                "BBM": "3/17",
                                "Ave": "18.26",
                                "Econ": "7.40",
                                "SR": "14.80",
                                "4W": 0,
                                "5W": 0
                        }
                ]
        }
}