{
        "KL Rahul": {
                "team_name": "kings-xi-punjab",
                "stats": {
                        "Matches": "14",
                        "Runs": "593",
                        "Wickets": "0"
                },
                "details": {
                        "Role": "",
                        "Batting Style": "Right-handed",
                        "Bowling Style": "",
                        "Nationality": "Indian",
                        "Nickname": "",
                        "DOB": "18 April 1992",
                        "IPL Debut": ""
                },
                "Batting and Fielding": [
                        {
                                "Batting and Fielding": "Career",
                                "Mat": 67,
                                "No": 11,
                                "Runs": 1977,
                                "HS": "100",
                                "Ave": 42.06,
                                "BF": 1431,
                                "SR": 138.15,
                                "100": 1,
                                "50": 16,
                                "4s": 176,
                                "6s": 81,
                                "CT": 29,
                                "ST": 5
                        },
                        {
                                "Batting and Fielding": "2019",
                                "Mat": 14,
                                "No": 3,
                                "Runs": 593,
                                "HS": "100",
                                "Ave": 53.9,
                                "BF": 438,
                                "SR": 135.38,
                                "100": 1,
                                "50": 6,
                                "4s": 49,
                                "6s": 25,
                                "CT": 7,
                                "ST": 0
                        },
                        {
                                "Batting and Fielding": "2018",
                                "Mat": 14,
                                "No": 2,
                                "Runs": 659,
                                "HS": "95",
                                "Ave": 54.91,
                                "BF": 416,
                                "SR": 158.41,
                                "100": 0,
                                "50": 6,
                                "4s": 66,
                                "6s": 32,
                                "CT": 10,
                                "ST": 1
                        },
                        {
                                "Batting and Fielding": "2016",
                                "Mat": 14,
                                "No": 3,
                                "Runs": 397,
                                "HS": "68",
                                "Ave": 44.11,
                                "BF": 271,
                                "SR": 146.49,
                                "100": 0,
                                "50": 4,
                                "4s": 37,
                                "6s": 16,
                                "CT": 5,
                                "ST": 4
                        },
                        {
                                "Batting and Fielding": "2015",
                                "Mat": 9,
                                "No": 3,
                                "Runs": 142,
                                "HS": "44",
                                "Ave": 28.4,
                                "BF": 126,
                                "SR": 112.69,
                                "100": 0,
                                "50": 0,
                                "4s": 8,
                                "6s": 5,
                                "CT": 1,
                                "ST": 0
                        },
                        {
                                "Batting and Fielding": "2014",
                                "Mat": 11,
                                "No": 0,
                                "Runs": 166,
                                "HS": "46",
                                "Ave": 20.75,
                                "BF": 164,
                                "SR": 101.21,
                                "100": 0,
                                "50": 0,
                                "4s": 12,
                                "6s": 3,
                                "CT": 4,
                                "ST": 0
                        },
                        {
                                "Batting and Fielding": "2013",
                                "Mat": 5,
                                "No": 0,
                                "Runs": 20,
                                "HS": "12",
                                "Ave": 10.0,
                                "BF": 16,
                                "SR": 125.0,
                                "100": 0,
                                "50": 0,
                                "4s": 4,
                                "6s": 0,
                                "CT": 2,
                                "ST": 0
                        }
                ],
                "Bowling": [
                        {
                                "Bowling": "Career",
                                "Mat": 67,
                                "Balls": 0,
                                "Runs": 0,
                                "WKTS": 0,
                                "BBM": "0/0",
                                "Ave": "-",
                                "Econ": "-",
                                "SR": "-",
                                "4W": 0,
                                "5W": 0
                        },
                        {
                                "Bowling": "2019",
                                "Mat": 14,
                                "Balls": 0,
                                "Runs": 0,
                                "WKTS": 0,
                                "BBM": "0/0",
                                "Ave": "-",
                                "Econ": "-",
                                "SR": "-",
                                "4W": 0,
                                "5W": 0
                        },
                        {
                                "Bowling": "2018",
                                "Mat": 14,
                                "Balls": 0,
                                "Runs": 0,
                                "WKTS": 0,
                                "BBM": "0/0",
                                "Ave": "-",
                                "Econ": "-",
                                "SR": "-",
                                "4W": 0,
                                "5W": 0
                        },
                        {
                                "Bowling": "2016",
                                "Mat": 14,
                                "Balls": 0,
                                "Runs": 0,
                                "WKTS": 0,
                                "BBM": "0/0",
                                "Ave": "-",
                                "Econ": "-",
                                "SR": "-",
                                "4W": 0,
                                "5W": 0
                        },
                        {
                                "Bowling": "2015",
                                "Mat": 9,
                                "Balls": 0,
                                "Runs": 0,
                                "WKTS": 0,
                                "BBM": "0/0",
                                "Ave": "-",
                                "Econ": "-",
                                "SR": "-",
                                "4W": 0,
                                "5W": 0
                        },
                        {
                                "Bowling": "2014",
                                "Mat": 11,
                                "Balls": 0,
                                "Runs": 0,
                                "WKTS": 0,
                                "BBM": "0/0",
                                "Ave": "-",
                                "Econ": "-",
                                "SR": "-",
                                "4W": 0,
                                "5W": 0
                        },
                        {
                                "Bowling": "2013",
                                "Mat": 5,
                                "Balls": 0,
                                "Runs": 0,
                                "WKTS": 0,
                                "BBM": "0/0",
                                "Ave": "-",
                                "Econ": "-",
                                "SR": "-",
                                "4W": 0,
                                "5W": 0
                        }
                ]
        }
}