{
        "Lasith Malinga": {
                "team_name": "mumbai-indians",
                "stats": {
                        "Matches": "12",
                        "Runs": "0",
                        "Wickets": "16"
                },
                "details": {
                        "Role": "",
                        "Batting Style": "Right-handed",
                        "Bowling Style": "",
                        "Nationality": "Sri Lankan",
                        "Nickname": "",
                        "DOB": "28 August 1983",
                        "IPL Debut": ""
                },
                "Batting and Fielding": [
                        {
                                "Batting and Fielding": "Career",
                                "Mat": 122,
                                "No": 9,
                                "Runs": 88,
                                "HS": "17",
                                "Ave": "5.50",
                                "BF": 99,
                                "SR": "88.88",
                                "100": 0,
                                "50": 0,
                                "4s": 6,
                                "6s": 5,
                                "CT": 21,
                                "ST": 0
                        },
                        {
                                "Batting and Fielding": "2019",
                                "Mat": 12,
                                "No": 0,
                                "Runs": 0,
                                "HS": "0",
                                "Ave": "-",
                                "BF": 0,
                                "SR": "-",
                                "100": 0,
                                "50": 0,
                                "4s": 0,
                                "6s": 0,
                                "CT": 1,
                                "ST": 0
                        },
                        {
                                "Batting and Fielding": "2017",
                                "Mat": 12,
                                "No": 2,
                                "Runs": 7,
                                "HS": "7",
                                "Ave": "-",
                                "BF": 3,
                                "SR": "233.33",
                                "100": 0,
                                "50": 0,
                                "4s": 0,
                                "6s": 1,
                                "CT": 1,
                                "ST": 0
                        },
                        {
                                "Batting and Fielding": "2015",
                                "Mat": 15,
                                "No": 1,
                                "Runs": 6,
                                "HS": "6",
                                "Ave": "-",
                                "BF": 10,
                                "SR": "60.00",
                                "100": 0,
                                "50": 0,
                                "4s": 1,
                                "6s": 0,
                                "CT": 2,
                                "ST": 0
                        },
                        {
                                "Batting and Fielding": "2014",
                                "Mat": 10,
                                "No": 0,
                                "Runs": 2,
                                "HS": "2",
                                "Ave": "2.00",
                                "BF": 4,
                                "SR": "50.00",
                                "100": 0,
                                "50": 0,
                                "4s": 0,
                                "6s": 0,
                                "CT": 0,
                                "ST": 0
                        },
                        {
                                "Batting and Fielding": "2013",
                                "Mat": 17,
                                "No": 2,
                                "Runs": 9,
                                "HS": "7",
                                "Ave": "2.25",
                                "BF": 18,
                                "SR": "50.00",
                                "100": 0,
                                "50": 0,
                                "4s": 1,
                                "6s": 0,
                                "CT": 3,
                                "ST": 0
                        },
                        {
                                "Batting and Fielding": "2012",
                                "Mat": 14,
                                "No": 0,
                                "Runs": 55,
                                "HS": "17",
                                "Ave": "9.16",
                                "BF": 53,
                                "SR": "103.77",
                                "100": 0,
                                "50": 0,
                                "4s": 4,
                                "6s": 3,
                                "CT": 6,
                                "ST": 0
                        },
                        {
                                "Batting and Fielding": "2011",
                                "Mat": 16,
                                "No": 1,
                                "Runs": 8,
                                "HS": "7",
                                "Ave": "2.66",
                                "BF": 9,
                                "SR": "88.88",
                                "100": 0,
                                "50": 0,
                                "4s": 0,
                                "6s": 1,
                                "CT": 4,
                                "ST": 0
                        },
                        {
                                "Batting and Fielding": "2010",
                                "Mat": 13,
                                "No": 2,
                                "Runs": 1,
                                "HS": "1",
                                "Ave": "-",
                                "BF": 1,
                                "SR": "100.00",
                                "100": 0,
                                "50": 0,
                                "4s": 0,
                                "6s": 0,
                                "CT": 2,
                                "ST": 0
                        },
                        {
                                "Batting and Fielding": "2009",
                                "Mat": 13,
                                "No": 1,
                                "Runs": 0,
                                "HS": "0",
                                "Ave": "0.00",
                                "BF": 1,
                                "SR": "0.00",
                                "100": 0,
                                "50": 0,
                                "4s": 0,
                                "6s": 0,
                                "CT": 2,
                                "ST": 0
                        }
                ],
                "Bowling": [
                        {
                                "Bowling": "Career",
                                "Mat": 122,
                                "Balls": 2827,
                                "Runs": 3366,
                                "WKTS": 170,
                                "BBM": "5/13",
                                "Ave": 19.8,
                                "Econ": 7.14,
                                "SR": 16.62,
                                "4W": 6,
                                "5W": 1
                        },
                        {
                                "Bowling": "2019",
                                "Mat": 12,
                                "Balls": 269,
                                "Runs": 438,
                                "WKTS": 16,
                                "BBM": "4/31",
                                "Ave": 27.37,
                                "Econ": 9.76,
                                "SR": 16.81,
                                "4W": 2,
                                "5W": 0
                        },
                        {
                                "Bowling": "2017",
                                "Mat": 12,
                                "Balls": 269,
                                "Runs": 382,
                                "WKTS": 11,
                                "BBM": "2/5",
                                "Ave": 34.72,
                                "Econ": 8.52,
                                "SR": 24.45,
                                "4W": 0,
                                "5W": 0
                        },
                        {
                                "Bowling": "2015",
                                "Mat": 15,
                                "Balls": 360,
                                "Runs": 444,
                                "WKTS": 24,
                                "BBM": "4/23",
                                "Ave": 18.5,
                                "Econ": 7.4,
                                "SR": 15.0,
                                "4W": 1,
                                "5W": 0
                        },
                        {
                                "Bowling": "2014",
                                "Mat": 10,
                                "Balls": 235,
                                "Runs": 253,
                                "WKTS": 16,
                                "BBM": "4/23",
                                "Ave": 15.81,
                                "Econ": 6.45,
                                "SR": 14.68,
                                "4W": 1,
                                "5W": 0
                        },
                        {
                                "Bowling": "2013",
                                "Mat": 17,
                                "Balls": 392,
                                "Runs": 468,
                                "WKTS": 20,
                                "BBM": "3/39",
                                "Ave": 23.4,
                                "Econ": 7.16,
                                "SR": 19.6,
                                "4W": 0,
                                "5W": 0
                        },
                        {
                                "Bowling": "2012",
                                "Mat": 14,
                                "Balls": 333,
                                "Runs": 350,
                                "WKTS": 22,
                                "BBM": "4/16",
                                "Ave": 15.9,
                                "Econ": 6.3,
                                "SR": 15.13,
                                "4W": 1,
                                "5W": 0
                        },
                        {
                                "Bowling": "2011",
                                "Mat": 16,
                                "Balls": 378,
                                "Runs": 375,
                                "WKTS": 28,
                                "BBM": "5/13",
                                "Ave": 13.39,
                                "Econ": 5.95,
                                "SR": 13.5,
                                "4W": 0,
                                "5W": 1
                        },
                        {
                                "Bowling": "2010",
                                "Mat": 13,
                                "Balls": 294,
                                "Runs": 344,
                                "WKTS": 15,
                                "BBM": "4/22",
                                "Ave": 22.93,
                                "Econ": 7.02,
                                "SR": 19.6,
                                "4W": 1,
                                "5W": 0
                        },
                        {
                                "Bowling": "2009",
                                "Mat": 13,
                                "Balls": 297,
                                "Runs": 312,
                                "WKTS": 18,
                                "BBM": "3/11",
                                "Ave": 17.33,
                                "Econ": 6.3,
                                "SR": 16.5,
                                "4W": 0,
                                "5W": 0
                        }
                ]
        }
}