{
        "Manan Vohra": {
                "team_name": "rajasthan-royals",
                "stats": {
                        "Matches": "0",
                        "Runs": "0",
                        "Wickets": "0"
                },
                "details": {
                        "Role": "",
                        "Batting Style": "Right-handed",
                        "Bowling Style": "",
                        "Nationality": "Indian",
                        "Nickname": "",
                        "DOB": "18 July 1993",
                        "IPL Debut": ""
                },
                "Batting and Fielding": [
                        {
                                "Batting and Fielding": "Career",
                                "Mat": 49,
                                "No": 2,
                                "Runs": 1012,
                                "HS": "95",
                                "Ave": 23.53,
                                "BF": 768,
                                "SR": 131.77,
                                "100": 0,
                                "50": 3,
                                "4s": 97,
                                "6s": 39,
                                "CT": 13,
                                "ST": 0
                        },
                        {
                                "Batting and Fielding": "2018",
                                "Mat": 4,
                                "No": 0,
                                "Runs": 55,
                                "HS": "45",
                                "Ave": 13.75,
                                "BF": 47,
                                "SR": 117.02,
                                "100": 0,
                                "50": 0,
                                "4s": 2,
                                "6s": 4,
                                "CT": 0,
                                "ST": 0
                        },
                        {
                                "Batting and Fielding": "2017",
                                "Mat": 11,
                                "No": 0,
                                "Runs": 229,
                                "HS": "95",
                                "Ave": 25.44,
                                "BF": 159,
                                "SR": 144.02,
                                "100": 0,
                                "50": 1,
                                "4s": 23,
                                "6s": 9,
                                "CT": 2,
                                "ST": 0
                        },
                        {
                                "Batting and Fielding": "2016",
                                "Mat": 7,
                                "No": 0,
                                "Runs": 161,
                                "HS": "51",
                                "Ave": 23.0,
                                "BF": 131,
                                "SR": 122.9,
                                "100": 0,
                                "50": 1,
                                "4s": 19,
                                "6s": 3,
                                "CT": 3,
                                "ST": 0
                        },
                        {
                                "Batting and Fielding": "2015",
                                "Mat": 7,
                                "No": 0,
                                "Runs": 82,
                                "HS": "39",
                                "Ave": 11.71,
                                "BF": 81,
                                "SR": 101.23,
                                "100": 0,
                                "50": 0,
                                "4s": 4,
                                "6s": 5,
                                "CT": 2,
                                "ST": 0
                        },
                        {
                                "Batting and Fielding": "2014",
                                "Mat": 8,
                                "No": 0,
                                "Runs": 324,
                                "HS": "67",
                                "Ave": 40.5,
                                "BF": 233,
                                "SR": 139.05,
                                "100": 0,
                                "50": 1,
                                "4s": 27,
                                "6s": 16,
                                "CT": 3,
                                "ST": 0
                        },
                        {
                                "Batting and Fielding": "2013",
                                "Mat": 12,
                                "No": 2,
                                "Runs": 161,
                                "HS": "43",
                                "Ave": 20.12,
                                "BF": 117,
                                "SR": 137.6,
                                "100": 0,
                                "50": 0,
                                "4s": 22,
                                "6s": 2,
                                "CT": 3,
                                "ST": 0
                        }
                ],
                "Bowling": [
                        {
                                "Bowling": "Career",
                                "Mat": 49,
                                "Balls": 0,
                                "Runs": 0,
                                "WKTS": 0,
                                "BBM": "0/0",
                                "Ave": "-",
                                "Econ": "-",
                                "SR": "-",
                                "4W": 0,
                                "5W": 0
                        },
                        {
                                "Bowling": "2018",
                                "Mat": 4,
                                "Balls": 0,
                                "Runs": 0,
                                "WKTS": 0,
                                "BBM": "0/0",
                                "Ave": "-",
                                "Econ": "-",
                                "SR": "-",
                                "4W": 0,
                                "5W": 0
                        },
                        {
                                "Bowling": "2017",
                                "Mat": 11,
                                "Balls": 0,
                                "Runs": 0,
                                "WKTS": 0,
                                "BBM": "0/0",
                                "Ave": "-",
                                "Econ": "-",
                                "SR": "-",
                                "4W": 0,
                                "5W": 0
                        },
                        {
                                "Bowling": "2016",
                                "Mat": 7,
                                "Balls": 0,
                                "Runs": 0,
                                "WKTS": 0,
                                "BBM": "0/0",
                                "Ave": "-",
                                "Econ": "-",
                                "SR": "-",
                                "4W": 0,
                                "5W": 0
                        },
                        {
                                "Bowling": "2015",
                                "Mat": 7,
                                "Balls": 0,
                                "Runs": 0,
                                "WKTS": 0,
                                "BBM": "0/0",
                                "Ave": "-",
                                "Econ": "-",
                                "SR": "-",
                                "4W": 0,
                                "5W": 0
                        },
                        {
                                "Bowling": "2014",
                                "Mat": 8,
                                "Balls": 0,
                                "Runs": 0,
                                "WKTS": 0,
                                "BBM": "0/0",
                                "Ave": "-",
                                "Econ": "-",
                                "SR": "-",
                                "4W": 0,
                                "5W": 0
                        },
                        {
                                "Bowling": "2013",
                                "Mat": 12,
                                "Balls": 0,
                                "Runs": 0,
                                "WKTS": 0,
                                "BBM": "0/0",
                                "Ave": "-",
                                "Econ": "-",
                                "SR": "-",
                                "4W": 0,
                                "5W": 0
                        }
                ]
        }
}