{
        "Mandeep Singh": {
                "team_name": "kings-xi-punjab",
                "stats": {
                        "Matches": "13",
                        "Runs": "165",
                        "Wickets": "0"
                },
                "details": {
                        "Role": "",
                        "Batting Style": "Right-handed",
                        "Bowling Style": "",
                        "Nationality": "Indian",
                        "Nickname": "",
                        "DOB": "18 December 1991",
                        "IPL Debut": ""
                },
                "Batting and Fielding": [
                        {
                                "Batting and Fielding": "Career",
                                "Mat": 97,
                                "No": 15,
                                "Runs": 1529,
                                "HS": "77",
                                "Ave": "22.15",
                                "BF": 1226,
                                "SR": "124.71",
                                "100": 0,
                                "50": 5,
                                "4s": 160,
                                "6s": 33,
                                "CT": 35,
                                "ST": 0
                        },
                        {
                                "Batting and Fielding": "2019",
                                "Mat": 13,
                                "No": 8,
                                "Runs": 165,
                                "HS": "33",
                                "Ave": "41.25",
                                "BF": 120,
                                "SR": "137.50",
                                "100": 0,
                                "50": 0,
                                "4s": 10,
                                "6s": 4,
                                "CT": 4,
                                "ST": 0
                        },
                        {
                                "Batting and Fielding": "2018",
                                "Mat": 14,
                                "No": 3,
                                "Runs": 252,
                                "HS": "47",
                                "Ave": "25.20",
                                "BF": 186,
                                "SR": "135.48",
                                "100": 0,
                                "50": 0,
                                "4s": 16,
                                "6s": 11,
                                "CT": 4,
                                "ST": 0
                        },
                        {
                                "Batting and Fielding": "2017",
                                "Mat": 11,
                                "No": 0,
                                "Runs": 188,
                                "HS": "52",
                                "Ave": "18.80",
                                "BF": 177,
                                "SR": "106.21",
                                "100": 0,
                                "50": 1,
                                "4s": 21,
                                "6s": 4,
                                "CT": 6,
                                "ST": 0
                        },
                        {
                                "Batting and Fielding": "2016",
                                "Mat": 1,
                                "No": 0,
                                "Runs": 0,
                                "HS": "0",
                                "Ave": "-",
                                "BF": 0,
                                "SR": "-",
                                "100": 0,
                                "50": 0,
                                "4s": 0,
                                "6s": 0,
                                "CT": 1,
                                "ST": 0
                        },
                        {
                                "Batting and Fielding": "2015",
                                "Mat": 14,
                                "No": 2,
                                "Runs": 157,
                                "HS": "54",
                                "Ave": "22.42",
                                "BF": 100,
                                "SR": "157.00",
                                "100": 0,
                                "50": 1,
                                "4s": 17,
                                "6s": 6,
                                "CT": 7,
                                "ST": 0
                        },
                        {
                                "Batting and Fielding": "2014",
                                "Mat": 3,
                                "No": 0,
                                "Runs": 24,
                                "HS": "21",
                                "Ave": "8.00",
                                "BF": 26,
                                "SR": "92.30",
                                "100": 0,
                                "50": 0,
                                "4s": 2,
                                "6s": 0,
                                "CT": 1,
                                "ST": 0
                        },
                        {
                                "Batting and Fielding": "2013",
                                "Mat": 16,
                                "No": 1,
                                "Runs": 260,
                                "HS": "77",
                                "Ave": "20.00",
                                "BF": 223,
                                "SR": "116.59",
                                "100": 0,
                                "50": 1,
                                "4s": 36,
                                "6s": 0,
                                "CT": 6,
                                "ST": 0
                        },
                        {
                                "Batting and Fielding": "2012",
                                "Mat": 16,
                                "No": 0,
                                "Runs": 432,
                                "HS": "75",
                                "Ave": "27.00",
                                "BF": 342,
                                "SR": "126.31",
                                "100": 0,
                                "50": 2,
                                "4s": 53,
                                "6s": 7,
                                "CT": 5,
                                "ST": 0
                        },
                        {
                                "Batting and Fielding": "2011",
                                "Mat": 6,
                                "No": 1,
                                "Runs": 47,
                                "HS": "15",
                                "Ave": "11.75",
                                "BF": 41,
                                "SR": "114.63",
                                "100": 0,
                                "50": 0,
                                "4s": 4,
                                "6s": 1,
                                "CT": 1,
                                "ST": 0
                        },
                        {
                                "Batting and Fielding": "2010",
                                "Mat": 3,
                                "No": 0,
                                "Runs": 4,
                                "HS": "4",
                                "Ave": "2.00",
                                "BF": 11,
                                "SR": "36.36",
                                "100": 0,
                                "50": 0,
                                "4s": 1,
                                "6s": 0,
                                "CT": 0,
                                "ST": 0
                        }
                ],
                "Bowling": [
                        {
                                "Bowling": "Career",
                                "Mat": 97,
                                "Balls": 30,
                                "Runs": 49,
                                "WKTS": 1,
                                "BBM": "1/23",
                                "Ave": "49.00",
                                "Econ": "9.80",
                                "SR": "30.00",
                                "4W": 0,
                                "5W": 0
                        },
                        {
                                "Bowling": "2019",
                                "Mat": 13,
                                "Balls": 12,
                                "Runs": 26,
                                "WKTS": 0,
                                "BBM": "0/0",
                                "Ave": "-",
                                "Econ": "13.00",
                                "SR": "-",
                                "4W": 0,
                                "5W": 0
                        },
                        {
                                "Bowling": "2018",
                                "Mat": 14,
                                "Balls": 0,
                                "Runs": 0,
                                "WKTS": 0,
                                "BBM": "0/0",
                                "Ave": "-",
                                "Econ": "-",
                                "SR": "-",
                                "4W": 0,
                                "5W": 0
                        },
                        {
                                "Bowling": "2017",
                                "Mat": 11,
                                "Balls": 0,
                                "Runs": 0,
                                "WKTS": 0,
                                "BBM": "0/0",
                                "Ave": "-",
                                "Econ": "-",
                                "SR": "-",
                                "4W": 0,
                                "5W": 0
                        },
                        {
                                "Bowling": "2016",
                                "Mat": 1,
                                "Balls": 0,
                                "Runs": 0,
                                "WKTS": 0,
                                "BBM": "0/0",
                                "Ave": "-",
                                "Econ": "-",
                                "SR": "-",
                                "4W": 0,
                                "5W": 0
                        },
                        {
                                "Bowling": "2015",
                                "Mat": 14,
                                "Balls": 0,
                                "Runs": 0,
                                "WKTS": 0,
                                "BBM": "0/0",
                                "Ave": "-",
                                "Econ": "-",
                                "SR": "-",
                                "4W": 0,
                                "5W": 0
                        },
                        {
                                "Bowling": "2014",
                                "Mat": 3,
                                "Balls": 0,
                                "Runs": 0,
                                "WKTS": 0,
                                "BBM": "0/0",
                                "Ave": "-",
                                "Econ": "-",
                                "SR": "-",
                                "4W": 0,
                                "5W": 0
                        },
                        {
                                "Bowling": "2013",
                                "Mat": 16,
                                "Balls": 0,
                                "Runs": 0,
                                "WKTS": 0,
                                "BBM": "0/0",
                                "Ave": "-",
                                "Econ": "-",
                                "SR": "-",
                                "4W": 0,
                                "5W": 0
                        },
                        {
                                "Bowling": "2012",
                                "Mat": 16,
                                "Balls": 18,
                                "Runs": 23,
                                "WKTS": 1,
                                "BBM": "1/23",
                                "Ave": "23.00",
                                "Econ": "7.66",
                                "SR": "18.00",
                                "4W": 0,
                                "5W": 0
                        },
                        {
                                "Bowling": "2011",
                                "Mat": 6,
                                "Balls": 0,
                                "Runs": 0,
                                "WKTS": 0,
                                "BBM": "0/0",
                                "Ave": "-",
                                "Econ": "-",
                                "SR": "-",
                                "4W": 0,
                                "5W": 0
                        },
                        {
                                "Bowling": "2010",
                                "Mat": 3,
                                "Balls": 0,
                                "Runs": 0,
                                "WKTS": 0,
                                "BBM": "0/0",
                                "Ave": "-",
                                "Econ": "-",
                                "SR": "-",
                                "4W": 0,
                                "5W": 0
                        }
                ]
        }
}