{
        "Manish Pandey": {
                "team_name": "sunrisers-hyderabad",
                "stats": {
                        "Matches": "12",
                        "Runs": "344",
                        "Wickets": "0"
                },
                "details": {
                        "Role": "",
                        "Batting Style": "Right-handed",
                        "Bowling Style": "",
                        "Nationality": "Indian",
                        "Nickname": "",
                        "DOB": "10 September 1989",
                        "IPL Debut": ""
                },
                "Batting and Fielding": [
                        {
                                "Batting and Fielding": "Career",
                                "Mat": 130,
                                "No": 23,
                                "Runs": 2843,
                                "HS": "114",
                                "Ave": 29.3,
                                "BF": 2353,
                                "SR": 120.82,
                                "100": 1,
                                "50": 15,
                                "4s": 253,
                                "6s": 75,
                                "CT": 64,
                                "ST": 0
                        },
                        {
                                "Batting and Fielding": "2019",
                                "Mat": 12,
                                "No": 3,
                                "Runs": 344,
                                "HS": "83",
                                "Ave": 43.0,
                                "BF": 263,
                                "SR": 130.79,
                                "100": 0,
                                "50": 3,
                                "4s": 34,
                                "6s": 6,
                                "CT": 7,
                                "ST": 0
                        },
                        {
                                "Batting and Fielding": "2018",
                                "Mat": 15,
                                "No": 2,
                                "Runs": 284,
                                "HS": "62",
                                "Ave": 25.81,
                                "BF": 246,
                                "SR": 115.44,
                                "100": 0,
                                "50": 3,
                                "4s": 22,
                                "6s": 5,
                                "CT": 9,
                                "ST": 0
                        },
                        {
                                "Batting and Fielding": "2017",
                                "Mat": 14,
                                "No": 5,
                                "Runs": 396,
                                "HS": "81",
                                "Ave": 49.5,
                                "BF": 308,
                                "SR": 128.57,
                                "100": 0,
                                "50": 2,
                                "4s": 28,
                                "6s": 12,
                                "CT": 8,
                                "ST": 0
                        },
                        {
                                "Batting and Fielding": "2016",
                                "Mat": 12,
                                "No": 3,
                                "Runs": 248,
                                "HS": "52",
                                "Ave": 31.0,
                                "BF": 183,
                                "SR": 135.51,
                                "100": 0,
                                "50": 2,
                                "4s": 17,
                                "6s": 9,
                                "CT": 7,
                                "ST": 0
                        },
                        {
                                "Batting and Fielding": "2015",
                                "Mat": 13,
                                "No": 1,
                                "Runs": 225,
                                "HS": "40",
                                "Ave": 20.45,
                                "BF": 184,
                                "SR": 122.28,
                                "100": 0,
                                "50": 0,
                                "4s": 22,
                                "6s": 7,
                                "CT": 5,
                                "ST": 0
                        },
                        {
                                "Batting and Fielding": "2014",
                                "Mat": 16,
                                "No": 3,
                                "Runs": 401,
                                "HS": "94",
                                "Ave": 30.84,
                                "BF": 340,
                                "SR": 117.94,
                                "100": 0,
                                "50": 2,
                                "4s": 35,
                                "6s": 10,
                                "CT": 3,
                                "ST": 0
                        },
                        {
                                "Batting and Fielding": "2013",
                                "Mat": 7,
                                "No": 1,
                                "Runs": 136,
                                "HS": "66",
                                "Ave": 22.66,
                                "BF": 137,
                                "SR": 99.27,
                                "100": 0,
                                "50": 1,
                                "4s": 11,
                                "6s": 3,
                                "CT": 6,
                                "ST": 0
                        },
                        {
                                "Batting and Fielding": "2012",
                                "Mat": 10,
                                "No": 2,
                                "Runs": 143,
                                "HS": "80",
                                "Ave": 20.42,
                                "BF": 112,
                                "SR": 127.67,
                                "100": 0,
                                "50": 1,
                                "4s": 12,
                                "6s": 6,
                                "CT": 3,
                                "ST": 0
                        },
                        {
                                "Batting and Fielding": "2011",
                                "Mat": 10,
                                "No": 0,
                                "Runs": 246,
                                "HS": "59",
                                "Ave": 27.33,
                                "BF": 227,
                                "SR": 108.37,
                                "100": 0,
                                "50": 1,
                                "4s": 28,
                                "6s": 6,
                                "CT": 5,
                                "ST": 0
                        },
                        {
                                "Batting and Fielding": "2010",
                                "Mat": 13,
                                "No": 1,
                                "Runs": 249,
                                "HS": "42",
                                "Ave": 20.75,
                                "BF": 226,
                                "SR": 110.17,
                                "100": 0,
                                "50": 0,
                                "4s": 27,
                                "6s": 7,
                                "CT": 7,
                                "ST": 0
                        },
                        {
                                "Batting and Fielding": "2009",
                                "Mat": 5,
                                "No": 2,
                                "Runs": 168,
                                "HS": "114",
                                "Ave": 84.0,
                                "BF": 118,
                                "SR": 142.37,
                                "100": 1,
                                "50": 0,
                                "4s": 17,
                                "6s": 4,
                                "CT": 4,
                                "ST": 0
                        },
                        {
                                "Batting and Fielding": "2008",
                                "Mat": 3,
                                "No": 0,
                                "Runs": 3,
                                "HS": "3",
                                "Ave": 1.5,
                                "BF": 9,
                                "SR": 33.33,
                                "100": 0,
                                "50": 0,
                                "4s": 0,
                                "6s": 0,
                                "CT": 0,
                                "ST": 0
                        }
                ],
                "Bowling": [
                        {
                                "Bowling": "Career",
                                "Mat": 130,
                                "Balls": 0,
                                "Runs": 0,
                                "WKTS": 0,
                                "BBM": "0/0",
                                "Ave": "-",
                                "Econ": "-",
                                "SR": "-",
                                "4W": 0,
                                "5W": 0
                        },
                        {
                                "Bowling": "2019",
                                "Mat": 12,
                                "Balls": 0,
                                "Runs": 0,
                                "WKTS": 0,
                                "BBM": "0/0",
                                "Ave": "-",
                                "Econ": "-",
                                "SR": "-",
                                "4W": 0,
                                "5W": 0
                        },
                        {
                                "Bowling": "2018",
                                "Mat": 15,
                                "Balls": 0,
                                "Runs": 0,
                                "WKTS": 0,
                                "BBM": "0/0",
                                "Ave": "-",
                                "Econ": "-",
                                "SR": "-",
                                "4W": 0,
                                "5W": 0
                        },
                        {
                                "Bowling": "2017",
                                "Mat": 14,
                                "Balls": 0,
                                "Runs": 0,
                                "WKTS": 0,
                                "BBM": "0/0",
                                "Ave": "-",
                                "Econ": "-",
                                "SR": "-",
                                "4W": 0,
                                "5W": 0
                        },
                        {
                                "Bowling": "2016",
                                "Mat": 12,
                                "Balls": 0,
                                "Runs": 0,
                                "WKTS": 0,
                                "BBM": "0/0",
                                "Ave": "-",
                                "Econ": "-",
                                "SR": "-",
                                "4W": 0,
                                "5W": 0
                        },
                        {
                                "Bowling": "2015",
                                "Mat": 13,
                                "Balls": 0,
                                "Runs": 0,
                                "WKTS": 0,
                                "BBM": "0/0",
                                "Ave": "-",
                                "Econ": "-",
                                "SR": "-",
                                "4W": 0,
                                "5W": 0
                        },
                        {
                                "Bowling": "2014",
                                "Mat": 16,
                                "Balls": 0,
                                "Runs": 0,
                                "WKTS": 0,
                                "BBM": "0/0",
                                "Ave": "-",
                                "Econ": "-",
                                "SR": "-",
                                "4W": 0,
                                "5W": 0
                        },
                        {
                                "Bowling": "2013",
                                "Mat": 7,
                                "Balls": 0,
                                "Runs": 0,
                                "WKTS": 0,
                                "BBM": "0/0",
                                "Ave": "-",
                                "Econ": "-",
                                "SR": "-",
                                "4W": 0,
                                "5W": 0
                        },
                        {
                                "Bowling": "2012",
                                "Mat": 10,
                                "Balls": 0,
                                "Runs": 0,
                                "WKTS": 0,
                                "BBM": "0/0",
                                "Ave": "-",
                                "Econ": "-",
                                "SR": "-",
                                "4W": 0,
                                "5W": 0
                        },
                        {
                                "Bowling": "2011",
                                "Mat": 10,
                                "Balls": 0,
                                "Runs": 0,
                                "WKTS": 0,
                                "BBM": "0/0",
                                "Ave": "-",
                                "Econ": "-",
                                "SR": "-",
                                "4W": 0,
                                "5W": 0
                        },
                        {
                                "Bowling": "2010",
                                "Mat": 13,
                                "Balls": 0,
                                "Runs": 0,
                                "WKTS": 0,
                                "BBM": "0/0",
                                "Ave": "-",
                                "Econ": "-",
                                "SR": "-",
                                "4W": 0,
                                "5W": 0
                        },
                        {
                                "Bowling": "2009",
                                "Mat": 5,
                                "Balls": 0,
                                "Runs": 0,
                                "WKTS": 0,
                                "BBM": "0/0",
                                "Ave": "-",
                                "Econ": "-",
                                "SR": "-",
                                "4W": 0,
                                "5W": 0
                        },
                        {
                                "Bowling": "2008",
                                "Mat": 3,
                                "Balls": 0,
                                "Runs": 0,
                                "WKTS": 0,
                                "BBM": "0/0",
                                "Ave": "-",
                                "Econ": "-",
                                "SR": "-",
                                "4W": 0,
                                "5W": 0
                        }
                ]
        }
}