{
        "Mayank Agarwal": {
                "team_name": "kings-xi-punjab",
                "stats": {
                        "Matches": "13",
                        "Runs": "332",
                        "Wickets": "0"
                },
                "details": {
                        "Role": "",
                        "Batting Style": "Right-handed",
                        "Bowling Style": "",
                        "Nationality": "Indian",
                        "Nickname": "",
                        "DOB": "18 February 1991",
                        "IPL Debut": ""
                },
                "Batting and Fielding": [
                        {
                                "Batting and Fielding": "Career",
                                "Mat": 77,
                                "No": 3,
                                "Runs": 1266,
                                "HS": "68",
                                "Ave": 18.34,
                                "BF": 988,
                                "SR": 128.13,
                                "100": 0,
                                "50": 5,
                                "4s": 117,
                                "6s": 52,
                                "CT": 29,
                                "ST": 0
                        },
                        {
                                "Batting and Fielding": "2019",
                                "Mat": 13,
                                "No": 0,
                                "Runs": 332,
                                "HS": "58",
                                "Ave": 25.53,
                                "BF": 234,
                                "SR": 141.88,
                                "100": 0,
                                "50": 2,
                                "4s": 26,
                                "6s": 14,
                                "CT": 7,
                                "ST": 0
                        },
                        {
                                "Batting and Fielding": "2018",
                                "Mat": 11,
                                "No": 1,
                                "Runs": 120,
                                "HS": "30",
                                "Ave": 12.0,
                                "BF": 94,
                                "SR": 127.65,
                                "100": 0,
                                "50": 0,
                                "4s": 9,
                                "6s": 5,
                                "CT": 2,
                                "ST": 0
                        },
                        {
                                "Batting and Fielding": "2017",
                                "Mat": 3,
                                "No": 0,
                                "Runs": 26,
                                "HS": "20",
                                "Ave": 8.66,
                                "BF": 27,
                                "SR": 96.29,
                                "100": 0,
                                "50": 0,
                                "4s": 3,
                                "6s": 0,
                                "CT": 1,
                                "ST": 0
                        },
                        {
                                "Batting and Fielding": "2016",
                                "Mat": 3,
                                "No": 0,
                                "Runs": 27,
                                "HS": "10",
                                "Ave": 9.0,
                                "BF": 25,
                                "SR": 108.0,
                                "100": 0,
                                "50": 0,
                                "4s": 3,
                                "6s": 1,
                                "CT": 0,
                                "ST": 0
                        },
                        {
                                "Batting and Fielding": "2015",
                                "Mat": 10,
                                "No": 1,
                                "Runs": 213,
                                "HS": "68",
                                "Ave": 23.66,
                                "BF": 177,
                                "SR": 120.33,
                                "100": 0,
                                "50": 2,
                                "4s": 23,
                                "6s": 7,
                                "CT": 3,
                                "ST": 0
                        },
                        {
                                "Batting and Fielding": "2014",
                                "Mat": 8,
                                "No": 0,
                                "Runs": 115,
                                "HS": "31",
                                "Ave": 14.37,
                                "BF": 91,
                                "SR": 126.37,
                                "100": 0,
                                "50": 0,
                                "4s": 12,
                                "6s": 3,
                                "CT": 1,
                                "ST": 0
                        },
                        {
                                "Batting and Fielding": "2013",
                                "Mat": 5,
                                "No": 0,
                                "Runs": 67,
                                "HS": "29",
                                "Ave": 13.4,
                                "BF": 62,
                                "SR": 108.06,
                                "100": 0,
                                "50": 0,
                                "4s": 6,
                                "6s": 3,
                                "CT": 3,
                                "ST": 0
                        },
                        {
                                "Batting and Fielding": "2012",
                                "Mat": 16,
                                "No": 1,
                                "Runs": 225,
                                "HS": "64",
                                "Ave": 20.45,
                                "BF": 158,
                                "SR": 142.4,
                                "100": 0,
                                "50": 1,
                                "4s": 19,
                                "6s": 15,
                                "CT": 9,
                                "ST": 0
                        },
                        {
                                "Batting and Fielding": "2011",
                                "Mat": 8,
                                "No": 0,
                                "Runs": 141,
                                "HS": "41",
                                "Ave": 20.14,
                                "BF": 120,
                                "SR": 117.5,
                                "100": 0,
                                "50": 0,
                                "4s": 16,
                                "6s": 4,
                                "CT": 3,
                                "ST": 0
                        }
                ],
                "Bowling": [
                        {
                                "Bowling": "Career",
                                "Mat": 77,
                                "Balls": 0,
                                "Runs": 0,
                                "WKTS": 0,
                                "BBM": "0/0",
                                "Ave": "-",
                                "Econ": "-",
                                "SR": "-",
                                "4W": 0,
                                "5W": 0
                        },
                        {
                                "Bowling": "2019",
                                "Mat": 13,
                                "Balls": 0,
                                "Runs": 0,
                                "WKTS": 0,
                                "BBM": "0/0",
                                "Ave": "-",
                                "Econ": "-",
                                "SR": "-",
                                "4W": 0,
                                "5W": 0
                        },
                        {
                                "Bowling": "2018",
                                "Mat": 11,
                                "Balls": 0,
                                "Runs": 0,
                                "WKTS": 0,
                                "BBM": "0/0",
                                "Ave": "-",
                                "Econ": "-",
                                "SR": "-",
                                "4W": 0,
                                "5W": 0
                        },
                        {
                                "Bowling": "2017",
                                "Mat": 3,
                                "Balls": 0,
                                "Runs": 0,
                                "WKTS": 0,
                                "BBM": "0/0",
                                "Ave": "-",
                                "Econ": "-",
                                "SR": "-",
                                "4W": 0,
                                "5W": 0
                        },
                        {
                                "Bowling": "2016",
                                "Mat": 3,
                                "Balls": 0,
                                "Runs": 0,
                                "WKTS": 0,
                                "BBM": "0/0",
                                "Ave": "-",
                                "Econ": "-",
                                "SR": "-",
                                "4W": 0,
                                "5W": 0
                        },
                        {
                                "Bowling": "2015",
                                "Mat": 10,
                                "Balls": 0,
                                "Runs": 0,
                                "WKTS": 0,
                                "BBM": "0/0",
                                "Ave": "-",
                                "Econ": "-",
                                "SR": "-",
                                "4W": 0,
                                "5W": 0
                        },
                        {
                                "Bowling": "2014",
                                "Mat": 8,
                                "Balls": 0,
                                "Runs": 0,
                                "WKTS": 0,
                                "BBM": "0/0",
                                "Ave": "-",
                                "Econ": "-",
                                "SR": "-",
                                "4W": 0,
                                "5W": 0
                        },
                        {
                                "Bowling": "2013",
                                "Mat": 5,
                                "Balls": 0,
                                "Runs": 0,
                                "WKTS": 0,
                                "BBM": "0/0",
                                "Ave": "-",
                                "Econ": "-",
                                "SR": "-",
                                "4W": 0,
                                "5W": 0
                        },
                        {
                                "Bowling": "2012",
                                "Mat": 16,
                                "Balls": 0,
                                "Runs": 0,
                                "WKTS": 0,
                                "BBM": "0/0",
                                "Ave": "-",
                                "Econ": "-",
                                "SR": "-",
                                "4W": 0,
                                "5W": 0
                        },
                        {
                                "Bowling": "2011",
                                "Mat": 8,
                                "Balls": 0,
                                "Runs": 0,
                                "WKTS": 0,
                                "BBM": "0/0",
                                "Ave": "-",
                                "Econ": "-",
                                "SR": "-",
                                "4W": 0,
                                "5W": 0
                        }
                ]
        }
}