{
        "Mitchell McClenaghan": {
                "team_name": "mumbai-indians",
                "stats": {
                        "Matches": "5",
                        "Runs": "11",
                        "Wickets": "3"
                },
                "details": {
                        "Role": "",
                        "Batting Style": "Left-handed",
                        "Bowling Style": "",
                        "Nationality": "New Zealander",
                        "Nickname": "",
                        "DOB": "11 June 1986",
                        "IPL Debut": ""
                },
                "Batting and Fielding": [
                        {
                                "Batting and Fielding": "Career",
                                "Mat": 56,
                                "No": 11,
                                "Runs": 85,
                                "HS": "20",
                                "Ave": 6.53,
                                "BF": 70,
                                "SR": 121.42,
                                "100": 0,
                                "50": 0,
                                "4s": 5,
                                "6s": 7,
                                "CT": 1,
                                "ST": 0
                        },
                        {
                                "Batting and Fielding": "2019",
                                "Mat": 5,
                                "No": 1,
                                "Runs": 11,
                                "HS": "10",
                                "Ave": 3.66,
                                "BF": 16,
                                "SR": 68.75,
                                "100": 0,
                                "50": 0,
                                "4s": 2,
                                "6s": 0,
                                "CT": 0,
                                "ST": 0
                        },
                        {
                                "Batting and Fielding": "2018",
                                "Mat": 11,
                                "No": 3,
                                "Runs": 11,
                                "HS": "11",
                                "Ave": 5.5,
                                "BF": 10,
                                "SR": 110.0,
                                "100": 0,
                                "50": 0,
                                "4s": 1,
                                "6s": 1,
                                "CT": 0,
                                "ST": 0
                        },
                        {
                                "Batting and Fielding": "2017",
                                "Mat": 14,
                                "No": 3,
                                "Runs": 16,
                                "HS": "12",
                                "Ave": 4.0,
                                "BF": 15,
                                "SR": 106.66,
                                "100": 0,
                                "50": 0,
                                "4s": 0,
                                "6s": 1,
                                "CT": 1,
                                "ST": 0
                        },
                        {
                                "Batting and Fielding": "2016",
                                "Mat": 14,
                                "No": 2,
                                "Runs": 34,
                                "HS": "20",
                                "Ave": 11.33,
                                "BF": 23,
                                "SR": 147.82,
                                "100": 0,
                                "50": 0,
                                "4s": 2,
                                "6s": 3,
                                "CT": 0,
                                "ST": 0
                        },
                        {
                                "Batting and Fielding": "2015",
                                "Mat": 12,
                                "No": 2,
                                "Runs": 13,
                                "HS": "12",
                                "Ave": 13.0,
                                "BF": 6,
                                "SR": 216.66,
                                "100": 0,
                                "50": 0,
                                "4s": 0,
                                "6s": 2,
                                "CT": 0,
                                "ST": 0
                        }
                ],
                "Bowling": [
                        {
                                "Bowling": "Career",
                                "Mat": 56,
                                "Balls": 1274,
                                "Runs": 1803,
                                "WKTS": 71,
                                "BBM": "4/21",
                                "Ave": 25.39,
                                "Econ": 8.49,
                                "SR": 17.94,
                                "4W": 1,
                                "5W": 0
                        },
                        {
                                "Bowling": "2019",
                                "Mat": 5,
                                "Balls": 108,
                                "Runs": 142,
                                "WKTS": 3,
                                "BBM": "3/40",
                                "Ave": 47.33,
                                "Econ": 7.88,
                                "SR": 36.0,
                                "4W": 0,
                                "5W": 0
                        },
                        {
                                "Bowling": "2018",
                                "Mat": 11,
                                "Balls": 240,
                                "Runs": 332,
                                "WKTS": 14,
                                "BBM": "2/22",
                                "Ave": 23.71,
                                "Econ": 8.3,
                                "SR": 17.14,
                                "4W": 0,
                                "5W": 0
                        },
                        {
                                "Bowling": "2017",
                                "Mat": 14,
                                "Balls": 324,
                                "Runs": 507,
                                "WKTS": 19,
                                "BBM": "3/24",
                                "Ave": 26.68,
                                "Econ": 9.38,
                                "SR": 17.05,
                                "4W": 0,
                                "5W": 0
                        },
                        {
                                "Bowling": "2016",
                                "Mat": 14,
                                "Balls": 320,
                                "Runs": 436,
                                "WKTS": 17,
                                "BBM": "4/21",
                                "Ave": 25.64,
                                "Econ": 8.17,
                                "SR": 18.82,
                                "4W": 1,
                                "5W": 0
                        },
                        {
                                "Bowling": "2015",
                                "Mat": 12,
                                "Balls": 282,
                                "Runs": 386,
                                "WKTS": 18,
                                "BBM": "3/16",
                                "Ave": 21.44,
                                "Econ": 8.21,
                                "SR": 15.66,
                                "4W": 0,
                                "5W": 0
                        }
                ]
        }
}