{
        "Mohammad Shami": {
                "team_name": "kings-xi-punjab",
                "stats": {
                        "Matches": "14",
                        "Runs": "1",
                        "Wickets": "19"
                },
                "details": {
                        "Role": "",
                        "Batting Style": "Right-handed",
                        "Bowling Style": "",
                        "Nationality": "Indian",
                        "Nickname": "",
                        "DOB": "09 March 1990",
                        "IPL Debut": ""
                },
                "Batting and Fielding": [
                        {
                                "Batting and Fielding": "Career",
                                "Mat": 51,
                                "No": 7,
                                "Runs": 54,
                                "HS": "21",
                                "Ave": "6.00",
                                "BF": 53,
                                "SR": "101.88",
                                "100": 0,
                                "50": 0,
                                "4s": 5,
                                "6s": 2,
                                "CT": 12,
                                "ST": 0
                        },
                        {
                                "Batting and Fielding": "2019",
                                "Mat": 14,
                                "No": 1,
                                "Runs": 1,
                                "HS": "1",
                                "Ave": "1.00",
                                "BF": 2,
                                "SR": "50.00",
                                "100": 0,
                                "50": 0,
                                "4s": 0,
                                "6s": 0,
                                "CT": 5,
                                "ST": 0
                        },
                        {
                                "Batting and Fielding": "2018",
                                "Mat": 4,
                                "No": 0,
                                "Runs": 7,
                                "HS": "7",
                                "Ave": "7.00",
                                "BF": 6,
                                "SR": "116.66",
                                "100": 0,
                                "50": 0,
                                "4s": 1,
                                "6s": 0,
                                "CT": 2,
                                "ST": 0
                        },
                        {
                                "Batting and Fielding": "2017",
                                "Mat": 8,
                                "No": 2,
                                "Runs": 36,
                                "HS": "21",
                                "Ave": "9.00",
                                "BF": 24,
                                "SR": "150.00",
                                "100": 0,
                                "50": 0,
                                "4s": 4,
                                "6s": 2,
                                "CT": 0,
                                "ST": 0
                        },
                        {
                                "Batting and Fielding": "2016",
                                "Mat": 8,
                                "No": 2,
                                "Runs": 2,
                                "HS": "2",
                                "Ave": "-",
                                "BF": 4,
                                "SR": "50.00",
                                "100": 0,
                                "50": 0,
                                "4s": 0,
                                "6s": 0,
                                "CT": 1,
                                "ST": 0
                        },
                        {
                                "Batting and Fielding": "2014",
                                "Mat": 12,
                                "No": 2,
                                "Runs": 3,
                                "HS": "1",
                                "Ave": "1.50",
                                "BF": 7,
                                "SR": "42.85",
                                "100": 0,
                                "50": 0,
                                "4s": 0,
                                "6s": 0,
                                "CT": 0,
                                "ST": 0
                        },
                        {
                                "Batting and Fielding": "2013",
                                "Mat": 3,
                                "No": 0,
                                "Runs": 5,
                                "HS": "5",
                                "Ave": "5.00",
                                "BF": 10,
                                "SR": "50.00",
                                "100": 0,
                                "50": 0,
                                "4s": 0,
                                "6s": 0,
                                "CT": 0,
                                "ST": 0
                        },
                        {
                                "Batting and Fielding": "2009",
                                "Mat": 2,
                                "No": 0,
                                "Runs": 0,
                                "HS": "0",
                                "Ave": "-",
                                "BF": 0,
                                "SR": "-",
                                "100": 0,
                                "50": 0,
                                "4s": 0,
                                "6s": 0,
                                "CT": 4,
                                "ST": 0
                        }
                ],
                "Bowling": [
                        {
                                "Bowling": "Career",
                                "Mat": 51,
                                "Balls": 1032,
                                "Runs": 1547,
                                "WKTS": 40,
                                "BBM": "3/21",
                                "Ave": "38.67",
                                "Econ": "8.99",
                                "SR": "25.80",
                                "4W": 0,
                                "5W": 0
                        },
                        {
                                "Bowling": "2019",
                                "Mat": 14,
                                "Balls": 324,
                                "Runs": 469,
                                "WKTS": 19,
                                "BBM": "3/21",
                                "Ave": "24.68",
                                "Econ": "8.68",
                                "SR": "17.05",
                                "4W": 0,
                                "5W": 0
                        },
                        {
                                "Bowling": "2018",
                                "Mat": 4,
                                "Balls": 83,
                                "Runs": 144,
                                "WKTS": 3,
                                "BBM": "1/29",
                                "Ave": "48.00",
                                "Econ": "10.40",
                                "SR": "27.66",
                                "4W": 0,
                                "5W": 0
                        },
                        {
                                "Bowling": "2017",
                                "Mat": 8,
                                "Balls": 156,
                                "Runs": 243,
                                "WKTS": 5,
                                "BBM": "2/36",
                                "Ave": "48.60",
                                "Econ": "9.34",
                                "SR": "31.20",
                                "4W": 0,
                                "5W": 0
                        },
                        {
                                "Bowling": "2016",
                                "Mat": 8,
                                "Balls": 151,
                                "Runs": 244,
                                "WKTS": 5,
                                "BBM": "2/34",
                                "Ave": "48.80",
                                "Econ": "9.69",
                                "SR": "30.20",
                                "4W": 0,
                                "5W": 0
                        },
                        {
                                "Bowling": "2014",
                                "Mat": 12,
                                "Balls": 264,
                                "Runs": 369,
                                "WKTS": 7,
                                "BBM": "1/22",
                                "Ave": "52.71",
                                "Econ": "8.38",
                                "SR": "37.71",
                                "4W": 0,
                                "5W": 0
                        },
                        {
                                "Bowling": "2013",
                                "Mat": 3,
                                "Balls": 54,
                                "Runs": 78,
                                "WKTS": 1,
                                "BBM": "1/32",
                                "Ave": "78.00",
                                "Econ": "8.66",
                                "SR": "54.00",
                                "4W": 0,
                                "5W": 0
                        },
                        {
                                "Bowling": "2009",
                                "Mat": 2,
                                "Balls": 0,
                                "Runs": 0,
                                "WKTS": 0,
                                "BBM": "0/0",
                                "Ave": "-",
                                "Econ": "-",
                                "SR": "-",
                                "4W": 0,
                                "5W": 0
                        }
                ]
        }
}