{
        "Mohit Sharma": {
                "team_name": "delhi-capitals",
                "stats": {
                        "Matches": "1",
                        "Runs": "0",
                        "Wickets": "1"
                },
                "details": {
                        "Role": "",
                        "Batting Style": "Right-handed",
                        "Bowling Style": "",
                        "Nationality": "Indian",
                        "Nickname": "",
                        "DOB": "19 December 1991",
                        "IPL Debut": ""
                },
                "Batting and Fielding": [
                        {
                                "Batting and Fielding": "Career",
                                "Mat": 85,
                                "No": 12,
                                "Runs": 122,
                                "HS": "21",
                                "Ave": "8.13",
                                "BF": 117,
                                "SR": 104.27,
                                "100": 0,
                                "50": 0,
                                "4s": 8,
                                "6s": 4,
                                "CT": 18,
                                "ST": 0
                        },
                        {
                                "Batting and Fielding": "2019",
                                "Mat": 1,
                                "No": 1,
                                "Runs": 0,
                                "HS": "0",
                                "Ave": "-",
                                "BF": 2,
                                "SR": 0.0,
                                "100": 0,
                                "50": 0,
                                "4s": 0,
                                "6s": 0,
                                "CT": 0,
                                "ST": 0
                        },
                        {
                                "Batting and Fielding": "2018",
                                "Mat": 9,
                                "No": 3,
                                "Runs": 10,
                                "HS": "4",
                                "Ave": "10.00",
                                "BF": 13,
                                "SR": 76.92,
                                "100": 0,
                                "50": 0,
                                "4s": 1,
                                "6s": 0,
                                "CT": 2,
                                "ST": 0
                        },
                        {
                                "Batting and Fielding": "2017",
                                "Mat": 14,
                                "No": 1,
                                "Runs": 51,
                                "HS": "13",
                                "Ave": "8.50",
                                "BF": 50,
                                "SR": 102.0,
                                "100": 0,
                                "50": 0,
                                "4s": 3,
                                "6s": 1,
                                "CT": 3,
                                "ST": 0
                        },
                        {
                                "Batting and Fielding": "2016",
                                "Mat": 14,
                                "No": 2,
                                "Runs": 32,
                                "HS": "15",
                                "Ave": "8.00",
                                "BF": 26,
                                "SR": 123.07,
                                "100": 0,
                                "50": 0,
                                "4s": 3,
                                "6s": 1,
                                "CT": 3,
                                "ST": 0
                        },
                        {
                                "Batting and Fielding": "2015",
                                "Mat": 16,
                                "No": 3,
                                "Runs": 28,
                                "HS": "21",
                                "Ave": "9.33",
                                "BF": 18,
                                "SR": 155.55,
                                "100": 0,
                                "50": 0,
                                "4s": 1,
                                "6s": 2,
                                "CT": 5,
                                "ST": 0
                        },
                        {
                                "Batting and Fielding": "2014",
                                "Mat": 16,
                                "No": 1,
                                "Runs": 1,
                                "HS": "1",
                                "Ave": "-",
                                "BF": 3,
                                "SR": 33.33,
                                "100": 0,
                                "50": 0,
                                "4s": 0,
                                "6s": 0,
                                "CT": 3,
                                "ST": 0
                        },
                        {
                                "Batting and Fielding": "2013",
                                "Mat": 15,
                                "No": 1,
                                "Runs": 0,
                                "HS": "0",
                                "Ave": "0.00",
                                "BF": 5,
                                "SR": 0.0,
                                "100": 0,
                                "50": 0,
                                "4s": 0,
                                "6s": 0,
                                "CT": 2,
                                "ST": 0
                        }
                ],
                "Bowling": [
                        {
                                "Bowling": "Career",
                                "Mat": 85,
                                "Balls": 1730,
                                "Runs": 2425,
                                "WKTS": 91,
                                "BBM": "4/14",
                                "Ave": 26.64,
                                "Econ": 8.41,
                                "SR": 19.01,
                                "4W": 1,
                                "5W": 0
                        },
                        {
                                "Bowling": "2019",
                                "Mat": 1,
                                "Balls": 18,
                                "Runs": 27,
                                "WKTS": 1,
                                "BBM": "1/27",
                                "Ave": 27.0,
                                "Econ": 9.0,
                                "SR": 18.0,
                                "4W": 0,
                                "5W": 0
                        },
                        {
                                "Bowling": "2018",
                                "Mat": 9,
                                "Balls": 178,
                                "Runs": 322,
                                "WKTS": 7,
                                "BBM": "2/33",
                                "Ave": 46.0,
                                "Econ": 10.85,
                                "SR": 25.42,
                                "4W": 0,
                                "5W": 0
                        },
                        {
                                "Bowling": "2017",
                                "Mat": 14,
                                "Balls": 274,
                                "Runs": 410,
                                "WKTS": 13,
                                "BBM": "2/24",
                                "Ave": 31.53,
                                "Econ": 8.97,
                                "SR": 21.07,
                                "4W": 0,
                                "5W": 0
                        },
                        {
                                "Bowling": "2016",
                                "Mat": 14,
                                "Balls": 291,
                                "Runs": 407,
                                "WKTS": 13,
                                "BBM": "3/23",
                                "Ave": 31.3,
                                "Econ": 8.39,
                                "SR": 22.38,
                                "4W": 0,
                                "5W": 0
                        },
                        {
                                "Bowling": "2015",
                                "Mat": 16,
                                "Balls": 342,
                                "Runs": 481,
                                "WKTS": 14,
                                "BBM": "3/25",
                                "Ave": 34.35,
                                "Econ": 8.43,
                                "SR": 24.42,
                                "4W": 0,
                                "5W": 0
                        },
                        {
                                "Bowling": "2014",
                                "Mat": 16,
                                "Balls": 323,
                                "Runs": 452,
                                "WKTS": 23,
                                "BBM": "4/14",
                                "Ave": 19.65,
                                "Econ": 8.39,
                                "SR": 14.04,
                                "4W": 1,
                                "5W": 0
                        },
                        {
                                "Bowling": "2013",
                                "Mat": 15,
                                "Balls": 304,
                                "Runs": 326,
                                "WKTS": 20,
                                "BBM": "3/10",
                                "Ave": 16.3,
                                "Econ": 6.43,
                                "SR": 15.2,
                                "4W": 0,
                                "5W": 0
                        }
                ]
        }
}