{
        "MS Dhoni": {
                "team_name": "chennai-super-kings",
                "stats": {
                        "Matches": "15",
                        "Runs": "416",
                        "Wickets": "0"
                },
                "details": {
                        "Role": "",
                        "Batting Style": "Right-handed",
                        "Bowling Style": "",
                        "Nationality": "Indian",
                        "Nickname": "",
                        "DOB": "07 July 1981",
                        "IPL Debut": ""
                },
                "Batting and Fielding": [
                        {
                                "Batting and Fielding": "Career",
                                "Mat": 190,
                                "No": 65,
                                "Runs": 4432,
                                "HS": "84",
                                "Ave": 42.2,
                                "BF": 3215,
                                "SR": 137.85,
                                "100": 0,
                                "50": 23,
                                "4s": 297,
                                "6s": 209,
                                "CT": 98,
                                "ST": 38
                        },
                        {
                                "Batting and Fielding": "2019",
                                "Mat": 15,
                                "No": 7,
                                "Runs": 416,
                                "HS": "84",
                                "Ave": 83.2,
                                "BF": 309,
                                "SR": 134.62,
                                "100": 0,
                                "50": 3,
                                "4s": 22,
                                "6s": 23,
                                "CT": 11,
                                "ST": 5
                        },
                        {
                                "Batting and Fielding": "2018",
                                "Mat": 16,
                                "No": 9,
                                "Runs": 455,
                                "HS": "79",
                                "Ave": 75.83,
                                "BF": 302,
                                "SR": 150.66,
                                "100": 0,
                                "50": 3,
                                "4s": 24,
                                "6s": 30,
                                "CT": 11,
                                "ST": 3
                        },
                        {
                                "Batting and Fielding": "2017",
                                "Mat": 16,
                                "No": 4,
                                "Runs": 290,
                                "HS": "61",
                                "Ave": 26.36,
                                "BF": 250,
                                "SR": 116.0,
                                "100": 0,
                                "50": 1,
                                "4s": 15,
                                "6s": 16,
                                "CT": 10,
                                "ST": 3
                        },
                        {
                                "Batting and Fielding": "2016",
                                "Mat": 14,
                                "No": 5,
                                "Runs": 284,
                                "HS": "64",
                                "Ave": 40.57,
                                "BF": 210,
                                "SR": 135.23,
                                "100": 0,
                                "50": 1,
                                "4s": 18,
                                "6s": 14,
                                "CT": 8,
                                "ST": 4
                        },
                        {
                                "Batting and Fielding": "2015",
                                "Mat": 17,
                                "No": 5,
                                "Runs": 372,
                                "HS": "53",
                                "Ave": 31.0,
                                "BF": 305,
                                "SR": 121.96,
                                "100": 0,
                                "50": 1,
                                "4s": 27,
                                "6s": 17,
                                "CT": 8,
                                "ST": 3
                        },
                        {
                                "Batting and Fielding": "2014",
                                "Mat": 16,
                                "No": 10,
                                "Runs": 371,
                                "HS": "57",
                                "Ave": 74.2,
                                "BF": 250,
                                "SR": 148.4,
                                "100": 0,
                                "50": 1,
                                "4s": 22,
                                "6s": 20,
                                "CT": 3,
                                "ST": 1
                        },
                        {
                                "Batting and Fielding": "2013",
                                "Mat": 18,
                                "No": 5,
                                "Runs": 461,
                                "HS": "67",
                                "Ave": 41.9,
                                "BF": 283,
                                "SR": 162.89,
                                "100": 0,
                                "50": 4,
                                "4s": 32,
                                "6s": 25,
                                "CT": 15,
                                "ST": 2
                        },
                        {
                                "Batting and Fielding": "2012",
                                "Mat": 19,
                                "No": 5,
                                "Runs": 358,
                                "HS": "51",
                                "Ave": 29.83,
                                "BF": 278,
                                "SR": 128.77,
                                "100": 0,
                                "50": 1,
                                "4s": 26,
                                "6s": 9,
                                "CT": 12,
                                "ST": 2
                        },
                        {
                                "Batting and Fielding": "2011",
                                "Mat": 16,
                                "No": 4,
                                "Runs": 392,
                                "HS": "70",
                                "Ave": 43.55,
                                "BF": 247,
                                "SR": 158.7,
                                "100": 0,
                                "50": 2,
                                "4s": 25,
                                "6s": 23,
                                "CT": 5,
                                "ST": 5
                        },
                        {
                                "Batting and Fielding": "2010",
                                "Mat": 13,
                                "No": 2,
                                "Runs": 287,
                                "HS": "66",
                                "Ave": 31.88,
                                "BF": 210,
                                "SR": 136.66,
                                "100": 0,
                                "50": 2,
                                "4s": 26,
                                "6s": 8,
                                "CT": 5,
                                "ST": 6
                        },
                        {
                                "Batting and Fielding": "2009",
                                "Mat": 14,
                                "No": 5,
                                "Runs": 332,
                                "HS": "58",
                                "Ave": 41.5,
                                "BF": 261,
                                "SR": 127.2,
                                "100": 0,
                                "50": 2,
                                "4s": 22,
                                "6s": 9,
                                "CT": 4,
                                "ST": 4
                        },
                        {
                                "Batting and Fielding": "2008",
                                "Mat": 16,
                                "No": 4,
                                "Runs": 414,
                                "HS": "65",
                                "Ave": 41.4,
                                "BF": 310,
                                "SR": 133.54,
                                "100": 0,
                                "50": 2,
                                "4s": 38,
                                "6s": 15,
                                "CT": 6,
                                "ST": 0
                        }
                ],
                "Bowling": [
                        {
                                "Bowling": "Career",
                                "Mat": 190,
                                "Balls": 0,
                                "Runs": 0,
                                "WKTS": 0,
                                "BBM": "0/0",
                                "Ave": "-",
                                "Econ": "-",
                                "SR": "-",
                                "4W": 0,
                                "5W": 0
                        },
                        {
                                "Bowling": "2019",
                                "Mat": 15,
                                "Balls": 0,
                                "Runs": 0,
                                "WKTS": 0,
                                "BBM": "0/0",
                                "Ave": "-",
                                "Econ": "-",
                                "SR": "-",
                                "4W": 0,
                                "5W": 0
                        },
                        {
                                "Bowling": "2018",
                                "Mat": 16,
                                "Balls": 0,
                                "Runs": 0,
                                "WKTS": 0,
                                "BBM": "0/0",
                                "Ave": "-",
                                "Econ": "-",
                                "SR": "-",
                                "4W": 0,
                                "5W": 0
                        },
                        {
                                "Bowling": "2017",
                                "Mat": 16,
                                "Balls": 0,
                                "Runs": 0,
                                "WKTS": 0,
                                "BBM": "0/0",
                                "Ave": "-",
                                "Econ": "-",
                                "SR": "-",
                                "4W": 0,
                                "5W": 0
                        },
                        {
                                "Bowling": "2016",
                                "Mat": 14,
                                "Balls": 0,
                                "Runs": 0,
                                "WKTS": 0,
                                "BBM": "0/0",
                                "Ave": "-",
                                "Econ": "-",
                                "SR": "-",
                                "4W": 0,
                                "5W": 0
                        },
                        {
                                "Bowling": "2015",
                                "Mat": 17,
                                "Balls": 0,
                                "Runs": 0,
                                "WKTS": 0,
                                "BBM": "0/0",
                                "Ave": "-",
                                "Econ": "-",
                                "SR": "-",
                                "4W": 0,
                                "5W": 0
                        },
                        {
                                "Bowling": "2014",
                                "Mat": 16,
                                "Balls": 0,
                                "Runs": 0,
                                "WKTS": 0,
                                "BBM": "0/0",
                                "Ave": "-",
                                "Econ": "-",
                                "SR": "-",
                                "4W": 0,
                                "5W": 0
                        },
                        {
                                "Bowling": "2013",
                                "Mat": 18,
                                "Balls": 0,
                                "Runs": 0,
                                "WKTS": 0,
                                "BBM": "0/0",
                                "Ave": "-",
                                "Econ": "-",
                                "SR": "-",
                                "4W": 0,
                                "5W": 0
                        },
                        {
                                "Bowling": "2012",
                                "Mat": 19,
                                "Balls": 0,
                                "Runs": 0,
                                "WKTS": 0,
                                "BBM": "0/0",
                                "Ave": "-",
                                "Econ": "-",
                                "SR": "-",
                                "4W": 0,
                                "5W": 0
                        },
                        {
                                "Bowling": "2011",
                                "Mat": 16,
                                "Balls": 0,
                                "Runs": 0,
                                "WKTS": 0,
                                "BBM": "0/0",
                                "Ave": "-",
                                "Econ": "-",
                                "SR": "-",
                                "4W": 0,
                                "5W": 0
                        },
                        {
                                "Bowling": "2010",
                                "Mat": 13,
                                "Balls": 0,
                                "Runs": 0,
                                "WKTS": 0,
                                "BBM": "0/0",
                                "Ave": "-",
                                "Econ": "-",
                                "SR": "-",
                                "4W": 0,
                                "5W": 0
                        },
                        {
                                "Bowling": "2009",
                                "Mat": 14,
                                "Balls": 0,
                                "Runs": 0,
                                "WKTS": 0,
                                "BBM": "0/0",
                                "Ave": "-",
                                "Econ": "-",
                                "SR": "-",
                                "4W": 0,
                                "5W": 0
                        },
                        {
                                "Bowling": "2008",
                                "Mat": 16,
                                "Balls": 0,
                                "Runs": 0,
                                "WKTS": 0,
                                "BBM": "0/0",
                                "Ave": "-",
                                "Econ": "-",
                                "SR": "-",
                                "4W": 0,
                                "5W": 0
                        }
                ]
        }
}