{
        "Murali Vijay": {
                "team_name": "chennai-super-kings",
                "stats": {
                        "Matches": "2",
                        "Runs": "64",
                        "Wickets": "0"
                },
                "details": {
                        "Role": "",
                        "Batting Style": "Left-handed",
                        "Bowling Style": "",
                        "Nationality": "Indian",
                        "Nickname": "",
                        "DOB": "01 April 1984",
                        "IPL Debut": ""
                },
                "Batting and Fielding": [
                        {
                                "Batting and Fielding": "Career",
                                "Mat": 103,
                                "No": 5,
                                "Runs": 2587,
                                "HS": 127,
                                "Ave": 26.39,
                                "BF": 2106,
                                "SR": 122.83,
                                "100": 2,
                                "50": 13,
                                "4s": 243,
                                "6s": 91,
                                "CT": 47,
                                "ST": 0
                        },
                        {
                                "Batting and Fielding": "2019",
                                "Mat": 2,
                                "No": 0,
                                "Runs": 64,
                                "HS": 38,
                                "Ave": 32.0,
                                "BF": 61,
                                "SR": 104.91,
                                "100": 0,
                                "50": 0,
                                "4s": 6,
                                "6s": 1,
                                "CT": 1,
                                "ST": 0
                        },
                        {
                                "Batting and Fielding": "2018",
                                "Mat": 1,
                                "No": 0,
                                "Runs": 12,
                                "HS": 12,
                                "Ave": 12.0,
                                "BF": 10,
                                "SR": 120.0,
                                "100": 0,
                                "50": 0,
                                "4s": 0,
                                "6s": 1,
                                "CT": 0,
                                "ST": 0
                        },
                        {
                                "Batting and Fielding": "2016",
                                "Mat": 14,
                                "No": 1,
                                "Runs": 453,
                                "HS": 89,
                                "Ave": 34.84,
                                "BF": 364,
                                "SR": 124.45,
                                "100": 0,
                                "50": 5,
                                "4s": 50,
                                "6s": 10,
                                "CT": 2,
                                "ST": 0
                        },
                        {
                                "Batting and Fielding": "2015",
                                "Mat": 11,
                                "No": 0,
                                "Runs": 251,
                                "HS": 39,
                                "Ave": 22.81,
                                "BF": 228,
                                "SR": 110.08,
                                "100": 0,
                                "50": 0,
                                "4s": 27,
                                "6s": 8,
                                "CT": 4,
                                "ST": 0
                        },
                        {
                                "Batting and Fielding": "2014",
                                "Mat": 11,
                                "No": 0,
                                "Runs": 207,
                                "HS": 52,
                                "Ave": 18.81,
                                "BF": 192,
                                "SR": 107.81,
                                "100": 0,
                                "50": 1,
                                "4s": 20,
                                "6s": 5,
                                "CT": 8,
                                "ST": 0
                        },
                        {
                                "Batting and Fielding": "2013",
                                "Mat": 15,
                                "No": 1,
                                "Runs": 312,
                                "HS": 55,
                                "Ave": 22.28,
                                "BF": 286,
                                "SR": 109.09,
                                "100": 0,
                                "50": 2,
                                "4s": 27,
                                "6s": 8,
                                "CT": 8,
                                "ST": 0
                        },
                        {
                                "Batting and Fielding": "2012",
                                "Mat": 14,
                                "No": 1,
                                "Runs": 336,
                                "HS": 113,
                                "Ave": 25.84,
                                "BF": 267,
                                "SR": 125.84,
                                "100": 1,
                                "50": 0,
                                "4s": 39,
                                "6s": 10,
                                "CT": 6,
                                "ST": 0
                        },
                        {
                                "Batting and Fielding": "2011",
                                "Mat": 16,
                                "No": 0,
                                "Runs": 434,
                                "HS": 95,
                                "Ave": 27.12,
                                "BF": 339,
                                "SR": 128.02,
                                "100": 0,
                                "50": 3,
                                "4s": 34,
                                "6s": 20,
                                "CT": 5,
                                "ST": 0
                        },
                        {
                                "Batting and Fielding": "2010",
                                "Mat": 15,
                                "No": 2,
                                "Runs": 458,
                                "HS": 127,
                                "Ave": 35.23,
                                "BF": 292,
                                "SR": 156.84,
                                "100": 1,
                                "50": 2,
                                "4s": 36,
                                "6s": 26,
                                "CT": 11,
                                "ST": 0
                        },
                        {
                                "Batting and Fielding": "2009",
                                "Mat": 4,
                                "No": 0,
                                "Runs": 60,
                                "HS": 31,
                                "Ave": 15.0,
                                "BF": 67,
                                "SR": 89.55,
                                "100": 0,
                                "50": 0,
                                "4s": 4,
                                "6s": 2,
                                "CT": 2,
                                "ST": 0
                        }
                ],
                "Bowling": [
                        {
                                "Bowling": "Career",
                                "Mat": 103,
                                "Balls": 36,
                                "Runs": 49,
                                "WKTS": 0,
                                "BBM": "0/0",
                                "Ave": "-",
                                "Econ": "8.16",
                                "SR": "-",
                                "4W": 0,
                                "5W": 0
                        },
                        {
                                "Bowling": "2019",
                                "Mat": 2,
                                "Balls": 0,
                                "Runs": 0,
                                "WKTS": 0,
                                "BBM": "0/0",
                                "Ave": "-",
                                "Econ": "-",
                                "SR": "-",
                                "4W": 0,
                                "5W": 0
                        },
                        {
                                "Bowling": "2018",
                                "Mat": 1,
                                "Balls": 0,
                                "Runs": 0,
                                "WKTS": 0,
                                "BBM": "0/0",
                                "Ave": "-",
                                "Econ": "-",
                                "SR": "-",
                                "4W": 0,
                                "5W": 0
                        },
                        {
                                "Bowling": "2016",
                                "Mat": 14,
                                "Balls": 6,
                                "Runs": 8,
                                "WKTS": 0,
                                "BBM": "0/0",
                                "Ave": "-",
                                "Econ": "8.00",
                                "SR": "-",
                                "4W": 0,
                                "5W": 0
                        },
                        {
                                "Bowling": "2015",
                                "Mat": 11,
                                "Balls": 24,
                                "Runs": 28,
                                "WKTS": 0,
                                "BBM": "0/0",
                                "Ave": "-",
                                "Econ": "7.00",
                                "SR": "-",
                                "4W": 0,
                                "5W": 0
                        },
                        {
                                "Bowling": "2014",
                                "Mat": 11,
                                "Balls": 6,
                                "Runs": 13,
                                "WKTS": 0,
                                "BBM": "0/0",
                                "Ave": "-",
                                "Econ": "13.00",
                                "SR": "-",
                                "4W": 0,
                                "5W": 0
                        },
                        {
                                "Bowling": "2013",
                                "Mat": 15,
                                "Balls": 0,
                                "Runs": 0,
                                "WKTS": 0,
                                "BBM": "0/0",
                                "Ave": "-",
                                "Econ": "-",
                                "SR": "-",
                                "4W": 0,
                                "5W": 0
                        },
                        {
                                "Bowling": "2012",
                                "Mat": 14,
                                "Balls": 0,
                                "Runs": 0,
                                "WKTS": 0,
                                "BBM": "0/0",
                                "Ave": "-",
                                "Econ": "-",
                                "SR": "-",
                                "4W": 0,
                                "5W": 0
                        },
                        {
                                "Bowling": "2011",
                                "Mat": 16,
                                "Balls": 0,
                                "Runs": 0,
                                "WKTS": 0,
                                "BBM": "0/0",
                                "Ave": "-",
                                "Econ": "-",
                                "SR": "-",
                                "4W": 0,
                                "5W": 0
                        },
                        {
                                "Bowling": "2010",
                                "Mat": 15,
                                "Balls": 0,
                                "Runs": 0,
                                "WKTS": 0,
                                "BBM": "0/0",
                                "Ave": "-",
                                "Econ": "-",
                                "SR": "-",
                                "4W": 0,
                                "5W": 0
                        },
                        {
                                "Bowling": "2009",
                                "Mat": 4,
                                "Balls": 0,
                                "Runs": 0,
                                "WKTS": 0,
                                "BBM": "0/0",
                                "Ave": "-",
                                "Econ": "-",
                                "SR": "-",
                                "4W": 0,
                                "5W": 0
                        }
                ]
        }
}