{
        "Nathan Coulter-Nile": {
                "team_name": "mumbai-indians",
                "stats": {
                        "Matches": "0",
                        "Runs": "0",
                        "Wickets": "0"
                },
                "details": {
                        "Role": "",
                        "Batting Style": "Right-handed",
                        "Bowling Style": "",
                        "Nationality": "Australian",
                        "Nickname": "",
                        "DOB": "11 October 1987",
                        "IPL Debut": ""
                },
                "Batting and Fielding": [
                        {
                                "Batting and Fielding": "Career",
                                "Mat": 26,
                                "No": 4,
                                "Runs": 52,
                                "HS": "9",
                                "Ave": "5.77",
                                "BF": 50,
                                "SR": "104.00",
                                "100": 0,
                                "50": 0,
                                "4s": 3,
                                "6s": 4,
                                "CT": 8,
                                "ST": 0
                        },
                        {
                                "Batting and Fielding": "2017",
                                "Mat": 8,
                                "No": 0,
                                "Runs": 14,
                                "HS": "6",
                                "Ave": "4.66",
                                "BF": 12,
                                "SR": "116.66",
                                "100": 0,
                                "50": 0,
                                "4s": 0,
                                "6s": 2,
                                "CT": 2,
                                "ST": 0
                        },
                        {
                                "Batting and Fielding": "2016",
                                "Mat": 4,
                                "No": 2,
                                "Runs": 9,
                                "HS": "7",
                                "Ave": "-",
                                "BF": 14,
                                "SR": "64.28",
                                "100": 0,
                                "50": 0,
                                "4s": 1,
                                "6s": 0,
                                "CT": 0,
                                "ST": 0
                        },
                        {
                                "Batting and Fielding": "2015",
                                "Mat": 11,
                                "No": 1,
                                "Runs": 20,
                                "HS": "6",
                                "Ave": "5.00",
                                "BF": 18,
                                "SR": "111.11",
                                "100": 0,
                                "50": 0,
                                "4s": 2,
                                "6s": 1,
                                "CT": 5,
                                "ST": 0
                        },
                        {
                                "Batting and Fielding": "2014",
                                "Mat": 2,
                                "No": 1,
                                "Runs": 0,
                                "HS": "0",
                                "Ave": "-",
                                "BF": 0,
                                "SR": "-",
                                "100": 0,
                                "50": 0,
                                "4s": 0,
                                "6s": 0,
                                "CT": 0,
                                "ST": 0
                        },
                        {
                                "Batting and Fielding": "2013",
                                "Mat": 1,
                                "No": 0,
                                "Runs": 9,
                                "HS": "9",
                                "Ave": "9.00",
                                "BF": 6,
                                "SR": "150.00",
                                "100": 0,
                                "50": 0,
                                "4s": 0,
                                "6s": 1,
                                "CT": 1,
                                "ST": 0
                        }
                ],
                "Bowling": [
                        {
                                "Bowling": "Career",
                                "Mat": 26,
                                "Balls": 563,
                                "Runs": 719,
                                "WKTS": 36,
                                "BBM": "4/20",
                                "Ave": 19.97,
                                "Econ": 7.66,
                                "SR": 15.63,
                                "4W": 1,
                                "5W": 0
                        },
                        {
                                "Bowling": "2017",
                                "Mat": 8,
                                "Balls": 170,
                                "Runs": 228,
                                "WKTS": 15,
                                "BBM": "3/20",
                                "Ave": 15.2,
                                "Econ": 8.04,
                                "SR": 11.33,
                                "4W": 0,
                                "5W": 0
                        },
                        {
                                "Bowling": "2016",
                                "Mat": 4,
                                "Balls": 90,
                                "Runs": 114,
                                "WKTS": 3,
                                "BBM": "2/25",
                                "Ave": 38.0,
                                "Econ": 7.6,
                                "SR": 30.0,
                                "4W": 0,
                                "5W": 0
                        },
                        {
                                "Bowling": "2015",
                                "Mat": 11,
                                "Balls": 255,
                                "Runs": 321,
                                "WKTS": 15,
                                "BBM": "4/20",
                                "Ave": 21.4,
                                "Econ": 7.55,
                                "SR": 17.0,
                                "4W": 1,
                                "5W": 0
                        },
                        {
                                "Bowling": "2014",
                                "Mat": 2,
                                "Balls": 24,
                                "Runs": 27,
                                "WKTS": 2,
                                "BBM": "2/27",
                                "Ave": 13.5,
                                "Econ": 6.75,
                                "SR": 12.0,
                                "4W": 0,
                                "5W": 0
                        },
                        {
                                "Bowling": "2013",
                                "Mat": 1,
                                "Balls": 24,
                                "Runs": 29,
                                "WKTS": 1,
                                "BBM": "1/29",
                                "Ave": 29.0,
                                "Econ": 7.25,
                                "SR": 24.0,
                                "4W": 0,
                                "5W": 0
                        }
                ]
        }
}