{
        "Navdeep Saini": {
                "team_name": "royal-challengers-bangalore",
                "stats": {
                        "Matches": "13",
                        "Runs": "2",
                        "Wickets": "11"
                },
                "details": {
                        "Role": "",
                        "Batting Style": "Right-handed",
                        "Bowling Style": "",
                        "Nationality": "Indian",
                        "Nickname": "",
                        "DOB": "23 November 1992",
                        "IPL Debut": ""
                },
                "Batting and Fielding": [
                        {
                                "Batting and Fielding": "Career",
                                "Mat": 13,
                                "No": 1,
                                "Runs": 2,
                                "HS": 2,
                                "Ave": 2.0,
                                "BF": 4,
                                "SR": 50.0,
                                "100": 0,
                                "50": 0,
                                "4s": 0,
                                "6s": 0,
                                "CT": 3,
                                "ST": 0
                        },
                        {
                                "Batting and Fielding": "2019",
                                "Mat": 13,
                                "No": 1,
                                "Runs": 2,
                                "HS": 2,
                                "Ave": 2.0,
                                "BF": 4,
                                "SR": 50.0,
                                "100": 0,
                                "50": 0,
                                "4s": 0,
                                "6s": 0,
                                "CT": 3,
                                "ST": 0
                        }
                ],
                "Bowling": [
                        {
                                "Bowling": "Career",
                                "Mat": 13,
                                "Balls": 288,
                                "Runs": 397,
                                "WKTS": 11,
                                "BBM": "2/24",
                                "Ave": 36.09,
                                "Econ": 8.27,
                                "SR": 26.18,
                                "4W": 0,
                                "5W": 0
                        },
                        {
                                "Bowling": "2019",
                                "Mat": 13,
                                "Balls": 288,
                                "Runs": 397,
                                "WKTS": 11,
                                "BBM": "2/24",
                                "Ave": 36.09,
                                "Econ": 8.27,
                                "SR": 26.18,
                                "4W": 0,
                                "5W": 0
                        }
                ]
        }
}