{
        "Nikhil Naik": {
                "team_name": "kolkata-knight-riders",
                "stats": {
                        "Matches": "1",
                        "Runs": "7",
                        "Wickets": "0"
                },
                "details": {
                        "Role": "",
                        "Batting Style": "Right-handed",
                        "Bowling Style": "",
                        "Nationality": "Indian",
                        "Nickname": "",
                        "DOB": "09 November 1994",
                        "IPL Debut": ""
                },
                "Batting and Fielding": [
                        {
                                "Batting and Fielding": "Career",
                                "Mat": 3,
                                "No": 0,
                                "Runs": 30,
                                "HS": 22,
                                "Ave": 10.0,
                                "BF": 47,
                                "SR": 63.82,
                                "100": 0,
                                "50": 0,
                                "4s": 2,
                                "6s": 0,
                                "CT": 2,
                                "ST": 0
                        },
                        {
                                "Batting and Fielding": "2019",
                                "Mat": 1,
                                "No": 0,
                                "Runs": 7,
                                "HS": 7,
                                "Ave": 7.0,
                                "BF": 16,
                                "SR": 43.75,
                                "100": 0,
                                "50": 0,
                                "4s": 1,
                                "6s": 0,
                                "CT": 0,
                                "ST": 0
                        },
                        {
                                "Batting and Fielding": "2016",
                                "Mat": 2,
                                "No": 0,
                                "Runs": 23,
                                "HS": 22,
                                "Ave": 11.5,
                                "BF": 31,
                                "SR": 74.19,
                                "100": 0,
                                "50": 0,
                                "4s": 1,
                                "6s": 0,
                                "CT": 2,
                                "ST": 0
                        }
                ],
                "Bowling": [
                        {
                                "Bowling": "Career",
                                "Mat": 3,
                                "Balls": 0,
                                "Runs": 0,
                                "WKTS": 0,
                                "BBM": "0/0",
                                "Ave": "-",
                                "Econ": "-",
                                "SR": "-",
                                "4W": 0,
                                "5W": 0
                        },
                        {
                                "Bowling": "2019",
                                "Mat": 1,
                                "Balls": 0,
                                "Runs": 0,
                                "WKTS": 0,
                                "BBM": "0/0",
                                "Ave": "-",
                                "Econ": "-",
                                "SR": "-",
                                "4W": 0,
                                "5W": 0
                        },
                        {
                                "Bowling": "2016",
                                "Mat": 2,
                                "Balls": 0,
                                "Runs": 0,
                                "WKTS": 0,
                                "BBM": "0/0",
                                "Ave": "-",
                                "Econ": "-",
                                "SR": "-",
                                "4W": 0,
                                "5W": 0
                        }
                ]
        }
}