{
        "Oshane Thomas": {
                "team_name": "rajasthan-royals",
                "stats": {
                        "Matches": "4",
                        "Runs": "0",
                        "Wickets": "5"
                },
                "details": {
                        "Role": "",
                        "Batting Style": "Left-handed",
                        "Bowling Style": "",
                        "Nationality": "West Indian",
                        "Nickname": "",
                        "DOB": "18 February 1997",
                        "IPL Debut": ""
                },
                "Batting and Fielding": [
                        {
                                "Batting and Fielding": "Career",
                                "Mat": 4,
                                "No": 0,
                                "Runs": 0,
                                "HS": "0",
                                "Ave": "-",
                                "BF": 0,
                                "SR": "-",
                                "100": 0,
                                "50": 0,
                                "4s": 0,
                                "6s": 0,
                                "CT": 1,
                                "ST": 0
                        },
                        {
                                "Batting and Fielding": "2019",
                                "Mat": 4,
                                "No": 0,
                                "Runs": 0,
                                "HS": "0",
                                "Ave": "-",
                                "BF": 0,
                                "SR": "-",
                                "100": 0,
                                "50": 0,
                                "4s": 0,
                                "6s": 0,
                                "CT": 1,
                                "ST": 0
                        }
                ],
                "Bowling": [
                        {
                                "Bowling": "Career",
                                "Mat": 4,
                                "Balls": 60,
                                "Runs": 79,
                                "WKTS": 5,
                                "BBM": "2/6",
                                "Ave": 15.8,
                                "Econ": 7.9,
                                "SR": 12.0,
                                "4W": 0,
                                "5W": 0
                        },
                        {
                                "Bowling": "2019",
                                "Mat": 4,
                                "Balls": 60,
                                "Runs": 79,
                                "WKTS": 5,
                                "BBM": "2/6",
                                "Ave": 15.8,
                                "Econ": 7.9,
                                "SR": 12.0,
                                "4W": 0,
                                "5W": 0
                        }
                ]
        }
}