{
        "Parthiv Patel": {
                "team_name": "royal-challengers-bangalore",
                "stats": {
                        "Matches": "14",
                        "Runs": "373",
                        "Wickets": "0"
                },
                "details": {
                        "Role": "",
                        "Batting Style": "Left-handed",
                        "Bowling Style": "",
                        "Nationality": "Indian",
                        "Nickname": "",
                        "DOB": "09 March 1985",
                        "IPL Debut": ""
                },
                "Batting and Fielding": [
                        {
                                "Batting and Fielding": "Career",
                                "Mat": 139,
                                "No": 11,
                                "Runs": 2848,
                                "HS": "81",
                                "Ave": 22.6,
                                "BF": 2358,
                                "SR": 120.78,
                                "100": 0,
                                "50": 13,
                                "4s": 365,
                                "6s": 49,
                                "CT": 69,
                                "ST": 16
                        },
                        {
                                "Batting and Fielding": "2019",
                                "Mat": 14,
                                "No": 0,
                                "Runs": 373,
                                "HS": "67",
                                "Ave": 26.64,
                                "BF": 268,
                                "SR": 139.17,
                                "100": 0,
                                "50": 2,
                                "4s": 48,
                                "6s": 10,
                                "CT": 6,
                                "ST": 2
                        },
                        {
                                "Batting and Fielding": "2018",
                                "Mat": 6,
                                "No": 1,
                                "Runs": 153,
                                "HS": "53",
                                "Ave": 30.6,
                                "BF": 109,
                                "SR": 140.36,
                                "100": 0,
                                "50": 1,
                                "4s": 20,
                                "6s": 4,
                                "CT": 3,
                                "ST": 0
                        },
                        {
                                "Batting and Fielding": "2017",
                                "Mat": 16,
                                "No": 0,
                                "Runs": 395,
                                "HS": "70",
                                "Ave": 24.68,
                                "BF": 293,
                                "SR": 134.81,
                                "100": 0,
                                "50": 2,
                                "4s": 49,
                                "6s": 8,
                                "CT": 6,
                                "ST": 2
                        },
                        {
                                "Batting and Fielding": "2016",
                                "Mat": 10,
                                "No": 0,
                                "Runs": 177,
                                "HS": "81",
                                "Ave": 17.7,
                                "BF": 152,
                                "SR": 116.44,
                                "100": 0,
                                "50": 1,
                                "4s": 23,
                                "6s": 4,
                                "CT": 9,
                                "ST": 1
                        },
                        {
                                "Batting and Fielding": "2015",
                                "Mat": 14,
                                "No": 1,
                                "Runs": 339,
                                "HS": "59",
                                "Ave": 26.07,
                                "BF": 246,
                                "SR": 137.8,
                                "100": 0,
                                "50": 2,
                                "4s": 47,
                                "6s": 5,
                                "CT": 7,
                                "ST": 3
                        },
                        {
                                "Batting and Fielding": "2014",
                                "Mat": 12,
                                "No": 2,
                                "Runs": 205,
                                "HS": "57",
                                "Ave": 20.5,
                                "BF": 185,
                                "SR": 110.81,
                                "100": 0,
                                "50": 1,
                                "4s": 30,
                                "6s": 1,
                                "CT": 11,
                                "ST": 1
                        },
                        {
                                "Batting and Fielding": "2013",
                                "Mat": 13,
                                "No": 0,
                                "Runs": 294,
                                "HS": "61",
                                "Ave": 22.61,
                                "BF": 255,
                                "SR": 115.29,
                                "100": 0,
                                "50": 1,
                                "4s": 37,
                                "6s": 4,
                                "CT": 5,
                                "ST": 3
                        },
                        {
                                "Batting and Fielding": "2012",
                                "Mat": 14,
                                "No": 2,
                                "Runs": 194,
                                "HS": "45",
                                "Ave": 17.63,
                                "BF": 165,
                                "SR": 117.57,
                                "100": 0,
                                "50": 0,
                                "4s": 19,
                                "6s": 4,
                                "CT": 5,
                                "ST": 1
                        },
                        {
                                "Batting and Fielding": "2011",
                                "Mat": 14,
                                "No": 3,
                                "Runs": 202,
                                "HS": "37",
                                "Ave": 20.2,
                                "BF": 183,
                                "SR": 110.38,
                                "100": 0,
                                "50": 0,
                                "4s": 25,
                                "6s": 2,
                                "CT": 8,
                                "ST": 1
                        },
                        {
                                "Batting and Fielding": "2010",
                                "Mat": 4,
                                "No": 0,
                                "Runs": 72,
                                "HS": "57",
                                "Ave": 18.0,
                                "BF": 79,
                                "SR": 91.13,
                                "100": 0,
                                "50": 1,
                                "4s": 6,
                                "6s": 2,
                                "CT": 0,
                                "ST": 2
                        },
                        {
                                "Batting and Fielding": "2009",
                                "Mat": 9,
                                "No": 0,
                                "Runs": 142,
                                "HS": "36",
                                "Ave": 15.77,
                                "BF": 126,
                                "SR": 112.69,
                                "100": 0,
                                "50": 0,
                                "4s": 19,
                                "6s": 2,
                                "CT": 3,
                                "ST": 0
                        },
                        {
                                "Batting and Fielding": "2008",
                                "Mat": 13,
                                "No": 2,
                                "Runs": 302,
                                "HS": "54",
                                "Ave": 27.45,
                                "BF": 297,
                                "SR": 101.68,
                                "100": 0,
                                "50": 2,
                                "4s": 42,
                                "6s": 3,
                                "CT": 6,
                                "ST": 0
                        }
                ],
                "Bowling": [
                        {
                                "Bowling": "Career",
                                "Mat": 139,
                                "Balls": 0,
                                "Runs": 0,
                                "WKTS": 0,
                                "BBM": "0/0",
                                "Ave": "-",
                                "Econ": "-",
                                "SR": "-",
                                "4W": 0,
                                "5W": 0
                        },
                        {
                                "Bowling": "2019",
                                "Mat": 14,
                                "Balls": 0,
                                "Runs": 0,
                                "WKTS": 0,
                                "BBM": "0/0",
                                "Ave": "-",
                                "Econ": "-",
                                "SR": "-",
                                "4W": 0,
                                "5W": 0
                        },
                        {
                                "Bowling": "2018",
                                "Mat": 6,
                                "Balls": 0,
                                "Runs": 0,
                                "WKTS": 0,
                                "BBM": "0/0",
                                "Ave": "-",
                                "Econ": "-",
                                "SR": "-",
                                "4W": 0,
                                "5W": 0
                        },
                        {
                                "Bowling": "2017",
                                "Mat": 16,
                                "Balls": 0,
                                "Runs": 0,
                                "WKTS": 0,
                                "BBM": "0/0",
                                "Ave": "-",
                                "Econ": "-",
                                "SR": "-",
                                "4W": 0,
                                "5W": 0
                        },
                        {
                                "Bowling": "2016",
                                "Mat": 10,
                                "Balls": 0,
                                "Runs": 0,
                                "WKTS": 0,
                                "BBM": "0/0",
                                "Ave": "-",
                                "Econ": "-",
                                "SR": "-",
                                "4W": 0,
                                "5W": 0
                        },
                        {
                                "Bowling": "2015",
                                "Mat": 14,
                                "Balls": 0,
                                "Runs": 0,
                                "WKTS": 0,
                                "BBM": "0/0",
                                "Ave": "-",
                                "Econ": "-",
                                "SR": "-",
                                "4W": 0,
                                "5W": 0
                        },
                        {
                                "Bowling": "2014",
                                "Mat": 12,
                                "Balls": 0,
                                "Runs": 0,
                                "WKTS": 0,
                                "BBM": "0/0",
                                "Ave": "-",
                                "Econ": "-",
                                "SR": "-",
                                "4W": 0,
                                "5W": 0
                        },
                        {
                                "Bowling": "2013",
                                "Mat": 13,
                                "Balls": 0,
                                "Runs": 0,
                                "WKTS": 0,
                                "BBM": "0/0",
                                "Ave": "-",
                                "Econ": "-",
                                "SR": "-",
                                "4W": 0,
                                "5W": 0
                        },
                        {
                                "Bowling": "2012",
                                "Mat": 14,
                                "Balls": 0,
                                "Runs": 0,
                                "WKTS": 0,
                                "BBM": "0/0",
                                "Ave": "-",
                                "Econ": "-",
                                "SR": "-",
                                "4W": 0,
                                "5W": 0
                        },
                        {
                                "Bowling": "2011",
                                "Mat": 14,
                                "Balls": 0,
                                "Runs": 0,
                                "WKTS": 0,
                                "BBM": "0/0",
                                "Ave": "-",
                                "Econ": "-",
                                "SR": "-",
                                "4W": 0,
                                "5W": 0
                        },
                        {
                                "Bowling": "2010",
                                "Mat": 4,
                                "Balls": 0,
                                "Runs": 0,
                                "WKTS": 0,
                                "BBM": "0/0",
                                "Ave": "-",
                                "Econ": "-",
                                "SR": "-",
                                "4W": 0,
                                "5W": 0
                        },
                        {
                                "Bowling": "2009",
                                "Mat": 9,
                                "Balls": 0,
                                "Runs": 0,
                                "WKTS": 0,
                                "BBM": "0/0",
                                "Ave": "-",
                                "Econ": "-",
                                "SR": "-",
                                "4W": 0,
                                "5W": 0
                        },
                        {
                                "Bowling": "2008",
                                "Mat": 13,
                                "Balls": 0,
                                "Runs": 0,
                                "WKTS": 0,
                                "BBM": "0/0",
                                "Ave": "-",
                                "Econ": "-",
                                "SR": "-",
                                "4W": 0,
                                "5W": 0
                        }
                ]
        }
}