{
        "Pawan Negi": {
                "team_name": "royal-challengers-bangalore",
                "stats": {
                        "Matches": "7",
                        "Runs": "9",
                        "Wickets": "3"
                },
                "details": {
                        "Role": "",
                        "Batting Style": "Left-handed",
                        "Bowling Style": "",
                        "Nationality": "Indian",
                        "Nickname": "",
                        "DOB": "06 January 1983",
                        "IPL Debut": ""
                },
                "Batting and Fielding": [
                        {
                                "Batting and Fielding": "Career",
                                "Mat": 50,
                                "No": 9,
                                "Runs": 365,
                                "HS": "36",
                                "Ave": "14.03",
                                "BF": 289,
                                "SR": "126.29",
                                "100": 0,
                                "50": 0,
                                "4s": 27,
                                "6s": 16,
                                "CT": 15,
                                "ST": 0
                        },
                        {
                                "Batting and Fielding": "2019",
                                "Mat": 7,
                                "No": 0,
                                "Runs": 9,
                                "HS": "5",
                                "Ave": "2.25",
                                "BF": 12,
                                "SR": "75.00",
                                "100": 0,
                                "50": 0,
                                "4s": 1,
                                "6s": 0,
                                "CT": 3,
                                "ST": 0
                        },
                        {
                                "Batting and Fielding": "2018",
                                "Mat": 2,
                                "No": 0,
                                "Runs": 3,
                                "HS": "3",
                                "Ave": "1.50",
                                "BF": 5,
                                "SR": "60.00",
                                "100": 0,
                                "50": 0,
                                "4s": 0,
                                "6s": 0,
                                "CT": 0,
                                "ST": 0
                        },
                        {
                                "Batting and Fielding": "2017",
                                "Mat": 12,
                                "No": 2,
                                "Runs": 144,
                                "HS": "35",
                                "Ave": "18.00",
                                "BF": 111,
                                "SR": "129.72",
                                "100": 0,
                                "50": 0,
                                "4s": 10,
                                "6s": 7,
                                "CT": 3,
                                "ST": 0
                        },
                        {
                                "Batting and Fielding": "2016",
                                "Mat": 8,
                                "No": 4,
                                "Runs": 57,
                                "HS": "19",
                                "Ave": "28.50",
                                "BF": 59,
                                "SR": "96.61",
                                "100": 0,
                                "50": 0,
                                "4s": 2,
                                "6s": 3,
                                "CT": 2,
                                "ST": 0
                        },
                        {
                                "Batting and Fielding": "2015",
                                "Mat": 10,
                                "No": 1,
                                "Runs": 116,
                                "HS": "36",
                                "Ave": "14.50",
                                "BF": 73,
                                "SR": "158.90",
                                "100": 0,
                                "50": 0,
                                "4s": 10,
                                "6s": 5,
                                "CT": 4,
                                "ST": 0
                        },
                        {
                                "Batting and Fielding": "2014",
                                "Mat": 2,
                                "No": 0,
                                "Runs": 0,
                                "HS": "0",
                                "Ave": "-",
                                "BF": 0,
                                "SR": "-",
                                "100": 0,
                                "50": 0,
                                "4s": 0,
                                "6s": 0,
                                "CT": 1,
                                "ST": 0
                        },
                        {
                                "Batting and Fielding": "2013",
                                "Mat": 1,
                                "No": 0,
                                "Runs": 0,
                                "HS": "0",
                                "Ave": "-",
                                "BF": 0,
                                "SR": "-",
                                "100": 0,
                                "50": 0,
                                "4s": 0,
                                "6s": 0,
                                "CT": 0,
                                "ST": 0
                        },
                        {
                                "Batting and Fielding": "2012",
                                "Mat": 8,
                                "No": 2,
                                "Runs": 36,
                                "HS": "14",
                                "Ave": "18.00",
                                "BF": 29,
                                "SR": "124.13",
                                "100": 0,
                                "50": 0,
                                "4s": 4,
                                "6s": 1,
                                "CT": 2,
                                "ST": 0
                        }
                ],
                "Bowling": [
                        {
                                "Bowling": "Career",
                                "Mat": 50,
                                "Balls": 716,
                                "Runs": 939,
                                "WKTS": 34,
                                "BBM": "4/18",
                                "Ave": "27.61",
                                "Econ": 7.86,
                                "SR": "21.05",
                                "4W": 1,
                                "5W": 0
                        },
                        {
                                "Bowling": "2019",
                                "Mat": 7,
                                "Balls": 67,
                                "Runs": 102,
                                "WKTS": 3,
                                "BBM": "2/21",
                                "Ave": "34.00",
                                "Econ": 9.13,
                                "SR": "22.33",
                                "4W": 0,
                                "5W": 0
                        },
                        {
                                "Bowling": "2018",
                                "Mat": 2,
                                "Balls": 24,
                                "Runs": 49,
                                "WKTS": 1,
                                "BBM": "1/36",
                                "Ave": "49.00",
                                "Econ": 12.25,
                                "SR": "24.00",
                                "4W": 0,
                                "5W": 0
                        },
                        {
                                "Bowling": "2017",
                                "Mat": 12,
                                "Balls": 193,
                                "Runs": 197,
                                "WKTS": 16,
                                "BBM": "3/10",
                                "Ave": "12.31",
                                "Econ": 6.12,
                                "SR": "12.06",
                                "4W": 0,
                                "5W": 0
                        },
                        {
                                "Bowling": "2016",
                                "Mat": 8,
                                "Balls": 54,
                                "Runs": 84,
                                "WKTS": 1,
                                "BBM": "1/19",
                                "Ave": "84.00",
                                "Econ": 9.33,
                                "SR": "54.00",
                                "4W": 0,
                                "5W": 0
                        },
                        {
                                "Bowling": "2015",
                                "Mat": 10,
                                "Balls": 180,
                                "Runs": 252,
                                "WKTS": 6,
                                "BBM": "2/25",
                                "Ave": "42.00",
                                "Econ": 8.4,
                                "SR": "30.00",
                                "4W": 0,
                                "5W": 0
                        },
                        {
                                "Bowling": "2014",
                                "Mat": 2,
                                "Balls": 42,
                                "Runs": 75,
                                "WKTS": 0,
                                "BBM": "0/37",
                                "Ave": "-",
                                "Econ": 10.71,
                                "SR": "-",
                                "4W": 0,
                                "5W": 0
                        },
                        {
                                "Bowling": "2013",
                                "Mat": 1,
                                "Balls": 24,
                                "Runs": 28,
                                "WKTS": 0,
                                "BBM": "0/28",
                                "Ave": "-",
                                "Econ": 7.0,
                                "SR": "-",
                                "4W": 0,
                                "5W": 0
                        },
                        {
                                "Bowling": "2012",
                                "Mat": 8,
                                "Balls": 132,
                                "Runs": 152,
                                "WKTS": 7,
                                "BBM": "4/18",
                                "Ave": "21.71",
                                "Econ": 6.9,
                                "SR": "18.85",
                                "4W": 1,
                                "5W": 0
                        }
                ]
        }
}