{
        "Piyush Chawla": {
                "team_name": "chennai-super-kings",
                "stats": {
                        "Matches": "13",
                        "Runs": "42",
                        "Wickets": "10"
                },
                "details": {
                        "Role": "",
                        "Batting Style": "Left-handed",
                        "Bowling Style": "",
                        "Nationality": "Indian",
                        "Nickname": "",
                        "DOB": "24 December 1988",
                        "IPL Debut": ""
                },
                "Batting and Fielding": [
                        {
                                "Batting and Fielding": "Career",
                                "Mat": 157,
                                "No": 32,
                                "Runs": 584,
                                "HS": "24",
                                "Ave": 11.91,
                                "BF": 524,
                                "SR": 111.45,
                                "100": 0,
                                "50": 0,
                                "4s": 54,
                                "6s": 18,
                                "CT": 40,
                                "ST": 0
                        },
                        {
                                "Batting and Fielding": "2019",
                                "Mat": 13,
                                "No": 2,
                                "Runs": 42,
                                "HS": "14",
                                "Ave": 14.0,
                                "BF": 37,
                                "SR": 113.51,
                                "100": 0,
                                "50": 0,
                                "4s": 4,
                                "6s": 2,
                                "CT": 5,
                                "ST": 0
                        },
                        {
                                "Batting and Fielding": "2018",
                                "Mat": 15,
                                "No": 3,
                                "Runs": 27,
                                "HS": "12",
                                "Ave": 6.75,
                                "BF": 34,
                                "SR": 79.41,
                                "100": 0,
                                "50": 0,
                                "4s": 1,
                                "6s": 1,
                                "CT": 4,
                                "ST": 0
                        },
                        {
                                "Batting and Fielding": "2017",
                                "Mat": 6,
                                "No": 0,
                                "Runs": 2,
                                "HS": "2",
                                "Ave": 2.0,
                                "BF": 6,
                                "SR": 33.33,
                                "100": 0,
                                "50": 0,
                                "4s": 0,
                                "6s": 0,
                                "CT": 1,
                                "ST": 0
                        },
                        {
                                "Batting and Fielding": "2016",
                                "Mat": 12,
                                "No": 0,
                                "Runs": 27,
                                "HS": "11",
                                "Ave": 9.0,
                                "BF": 26,
                                "SR": 103.84,
                                "100": 0,
                                "50": 0,
                                "4s": 4,
                                "6s": 0,
                                "CT": 3,
                                "ST": 0
                        },
                        {
                                "Batting and Fielding": "2015",
                                "Mat": 13,
                                "No": 4,
                                "Runs": 54,
                                "HS": "22",
                                "Ave": 13.5,
                                "BF": 47,
                                "SR": 114.89,
                                "100": 0,
                                "50": 0,
                                "4s": 5,
                                "6s": 2,
                                "CT": 2,
                                "ST": 0
                        },
                        {
                                "Batting and Fielding": "2014",
                                "Mat": 11,
                                "No": 2,
                                "Runs": 31,
                                "HS": "17",
                                "Ave": 10.33,
                                "BF": 19,
                                "SR": 163.15,
                                "100": 0,
                                "50": 0,
                                "4s": 4,
                                "6s": 1,
                                "CT": 3,
                                "ST": 0
                        },
                        {
                                "Batting and Fielding": "2013",
                                "Mat": 16,
                                "No": 5,
                                "Runs": 64,
                                "HS": "23",
                                "Ave": 10.66,
                                "BF": 57,
                                "SR": 112.28,
                                "100": 0,
                                "50": 0,
                                "4s": 5,
                                "6s": 3,
                                "CT": 1,
                                "ST": 0
                        },
                        {
                                "Batting and Fielding": "2012",
                                "Mat": 16,
                                "No": 4,
                                "Runs": 106,
                                "HS": "21",
                                "Ave": 13.25,
                                "BF": 88,
                                "SR": 120.45,
                                "100": 0,
                                "50": 0,
                                "4s": 9,
                                "6s": 4,
                                "CT": 3,
                                "ST": 0
                        },
                        {
                                "Batting and Fielding": "2011",
                                "Mat": 12,
                                "No": 3,
                                "Runs": 48,
                                "HS": "15",
                                "Ave": 16.0,
                                "BF": 55,
                                "SR": 87.27,
                                "100": 0,
                                "50": 0,
                                "4s": 2,
                                "6s": 2,
                                "CT": 3,
                                "ST": 0
                        },
                        {
                                "Batting and Fielding": "2010",
                                "Mat": 14,
                                "No": 1,
                                "Runs": 62,
                                "HS": "22",
                                "Ave": 12.4,
                                "BF": 60,
                                "SR": 103.33,
                                "100": 0,
                                "50": 0,
                                "4s": 7,
                                "6s": 0,
                                "CT": 3,
                                "ST": 0
                        },
                        {
                                "Batting and Fielding": "2009",
                                "Mat": 14,
                                "No": 5,
                                "Runs": 31,
                                "HS": "8",
                                "Ave": 6.2,
                                "BF": 36,
                                "SR": 86.11,
                                "100": 0,
                                "50": 0,
                                "4s": 3,
                                "6s": 0,
                                "CT": 6,
                                "ST": 0
                        },
                        {
                                "Batting and Fielding": "2008",
                                "Mat": 15,
                                "No": 3,
                                "Runs": 90,
                                "HS": "24",
                                "Ave": 22.5,
                                "BF": 59,
                                "SR": 152.54,
                                "100": 0,
                                "50": 0,
                                "4s": 10,
                                "6s": 3,
                                "CT": 6,
                                "ST": 0
                        }
                ],
                "Bowling": [
                        {
                                "Bowling": "Career",
                                "Mat": 157,
                                "Balls": 3124,
                                "Runs": 4072,
                                "WKTS": 150,
                                "BBM": "4/17",
                                "Ave": 27.14,
                                "Econ": 7.82,
                                "SR": 20.82,
                                "4W": 2,
                                "5W": 0
                        },
                        {
                                "Bowling": "2019",
                                "Mat": 13,
                                "Balls": 267,
                                "Runs": 399,
                                "WKTS": 10,
                                "BBM": "3/20",
                                "Ave": 39.9,
                                "Econ": 8.96,
                                "SR": 26.7,
                                "4W": 0,
                                "5W": 0
                        },
                        {
                                "Bowling": "2018",
                                "Mat": 15,
                                "Balls": 294,
                                "Runs": 412,
                                "WKTS": 14,
                                "BBM": "3/48",
                                "Ave": 29.42,
                                "Econ": 8.4,
                                "SR": 21.0,
                                "4W": 0,
                                "5W": 0
                        },
                        {
                                "Bowling": "2017",
                                "Mat": 6,
                                "Balls": 120,
                                "Runs": 179,
                                "WKTS": 6,
                                "BBM": "2/34",
                                "Ave": 29.83,
                                "Econ": 8.95,
                                "SR": 20.0,
                                "4W": 0,
                                "5W": 0
                        },
                        {
                                "Bowling": "2016",
                                "Mat": 12,
                                "Balls": 212,
                                "Runs": 273,
                                "WKTS": 11,
                                "BBM": "2/21",
                                "Ave": 24.81,
                                "Econ": 7.72,
                                "SR": 19.27,
                                "4W": 0,
                                "5W": 0
                        },
                        {
                                "Bowling": "2015",
                                "Mat": 13,
                                "Balls": 210,
                                "Runs": 269,
                                "WKTS": 11,
                                "BBM": "4/32",
                                "Ave": 24.45,
                                "Econ": 7.68,
                                "SR": 19.09,
                                "4W": 1,
                                "5W": 0
                        },
                        {
                                "Bowling": "2014",
                                "Mat": 11,
                                "Balls": 237,
                                "Runs": 303,
                                "WKTS": 14,
                                "BBM": "3/19",
                                "Ave": 21.64,
                                "Econ": 7.67,
                                "SR": 16.92,
                                "4W": 0,
                                "5W": 0
                        },
                        {
                                "Bowling": "2013",
                                "Mat": 16,
                                "Balls": 350,
                                "Runs": 418,
                                "WKTS": 11,
                                "BBM": "2/20",
                                "Ave": 38.0,
                                "Econ": 7.16,
                                "SR": 31.81,
                                "4W": 0,
                                "5W": 0
                        },
                        {
                                "Bowling": "2012",
                                "Mat": 16,
                                "Balls": 342,
                                "Runs": 419,
                                "WKTS": 16,
                                "BBM": "3/18",
                                "Ave": 26.18,
                                "Econ": 7.35,
                                "SR": 21.37,
                                "4W": 0,
                                "5W": 0
                        },
                        {
                                "Bowling": "2011",
                                "Mat": 12,
                                "Balls": 248,
                                "Runs": 336,
                                "WKTS": 16,
                                "BBM": "4/17",
                                "Ave": 21.0,
                                "Econ": 8.12,
                                "SR": 15.5,
                                "4W": 1,
                                "5W": 0
                        },
                        {
                                "Bowling": "2010",
                                "Mat": 14,
                                "Balls": 294,
                                "Runs": 367,
                                "WKTS": 12,
                                "BBM": "3/24",
                                "Ave": 30.58,
                                "Econ": 7.48,
                                "SR": 24.5,
                                "4W": 0,
                                "5W": 0
                        },
                        {
                                "Bowling": "2009",
                                "Mat": 14,
                                "Balls": 269,
                                "Runs": 308,
                                "WKTS": 12,
                                "BBM": "2/22",
                                "Ave": 25.66,
                                "Econ": 6.86,
                                "SR": 22.41,
                                "4W": 0,
                                "5W": 0
                        },
                        {
                                "Bowling": "2008",
                                "Mat": 15,
                                "Balls": 281,
                                "Runs": 389,
                                "WKTS": 17,
                                "BBM": "3/25",
                                "Ave": 22.88,
                                "Econ": 8.3,
                                "SR": 16.52,
                                "4W": 0,
                                "5W": 0
                        }
                ]
        }
}