{
        "Pravin Tambe": {
                "team_name": "kolkata-knight-riders",
                "stats": {
                        "Matches": "0",
                        "Runs": "0",
                        "Wickets": "0"
                },
                "details": {
                        "Role": "",
                        "Batting Style": "Right-handed",
                        "Bowling Style": "",
                        "Nationality": "Indian",
                        "Nickname": "",
                        "DOB": "08 October 1971",
                        "IPL Debut": ""
                },
                "Batting and Fielding": [
                        {
                                "Batting and Fielding": "Career",
                                "Mat": 33,
                                "No": 4,
                                "Runs": 18,
                                "HS": "7",
                                "Ave": "9.00",
                                "BF": 39,
                                "SR": 46.15,
                                "100": 0,
                                "50": 0,
                                "4s": 1,
                                "6s": 0,
                                "CT": 4,
                                "ST": 0
                        },
                        {
                                "Batting and Fielding": "2016",
                                "Mat": 7,
                                "No": 1,
                                "Runs": 7,
                                "HS": "7",
                                "Ave": "-",
                                "BF": 19,
                                "SR": 36.84,
                                "100": 0,
                                "50": 0,
                                "4s": 1,
                                "6s": 0,
                                "CT": 1,
                                "ST": 0
                        },
                        {
                                "Batting and Fielding": "2015",
                                "Mat": 10,
                                "No": 2,
                                "Runs": 3,
                                "HS": "2",
                                "Ave": "-",
                                "BF": 5,
                                "SR": 60.0,
                                "100": 0,
                                "50": 0,
                                "4s": 0,
                                "6s": 0,
                                "CT": 1,
                                "ST": 0
                        },
                        {
                                "Batting and Fielding": "2014",
                                "Mat": 13,
                                "No": 0,
                                "Runs": 5,
                                "HS": "3",
                                "Ave": "2.50",
                                "BF": 9,
                                "SR": 55.55,
                                "100": 0,
                                "50": 0,
                                "4s": 0,
                                "6s": 0,
                                "CT": 2,
                                "ST": 0
                        },
                        {
                                "Batting and Fielding": "2013",
                                "Mat": 3,
                                "No": 1,
                                "Runs": 3,
                                "HS": "3",
                                "Ave": "-",
                                "BF": 6,
                                "SR": 50.0,
                                "100": 0,
                                "50": 0,
                                "4s": 0,
                                "6s": 0,
                                "CT": 0,
                                "ST": 0
                        }
                ],
                "Bowling": [
                        {
                                "Bowling": "Career",
                                "Mat": 33,
                                "Balls": 660,
                                "Runs": 853,
                                "WKTS": 28,
                                "BBM": "4/20",
                                "Ave": 30.46,
                                "Econ": 7.75,
                                "SR": 23.57,
                                "4W": 1,
                                "5W": 0
                        },
                        {
                                "Bowling": "2016",
                                "Mat": 7,
                                "Balls": 96,
                                "Runs": 143,
                                "WKTS": 5,
                                "BBM": "2/12",
                                "Ave": 28.6,
                                "Econ": 8.93,
                                "SR": 19.2,
                                "4W": 0,
                                "5W": 0
                        },
                        {
                                "Bowling": "2015",
                                "Mat": 10,
                                "Balls": 204,
                                "Runs": 266,
                                "WKTS": 7,
                                "BBM": "2/21",
                                "Ave": 38.0,
                                "Econ": 7.82,
                                "SR": 29.14,
                                "4W": 0,
                                "5W": 0
                        },
                        {
                                "Bowling": "2014",
                                "Mat": 13,
                                "Balls": 294,
                                "Runs": 356,
                                "WKTS": 15,
                                "BBM": "4/20",
                                "Ave": 23.73,
                                "Econ": 7.26,
                                "SR": 19.6,
                                "4W": 1,
                                "5W": 0
                        },
                        {
                                "Bowling": "2013",
                                "Mat": 3,
                                "Balls": 66,
                                "Runs": 88,
                                "WKTS": 1,
                                "BBM": "1/38",
                                "Ave": 88.0,
                                "Econ": 8.0,
                                "SR": 66.0,
                                "4W": 0,
                                "5W": 0
                        }
                ]
        }
}