{
        "Quinton de Kock": {
                "team_name": "mumbai-indians",
                "stats": {
                        "Matches": "16",
                        "Runs": "529",
                        "Wickets": "0"
                },
                "details": {
                        "Role": "",
                        "Batting Style": "Left-handed",
                        "Bowling Style": "",
                        "Nationality": "South African",
                        "Nickname": "",
                        "DOB": "17 December 1992",
                        "IPL Debut": ""
                },
                "Batting and Fielding": [
                        {
                                "Batting and Fielding": "Career",
                                "Mat": 50,
                                "No": 2,
                                "Runs": 1456,
                                "HS": 108,
                                "Ave": 30.33,
                                "BF": 1109,
                                "SR": 131.28,
                                "100": 1,
                                "50": 10,
                                "4s": 155,
                                "6s": 54,
                                "CT": 31,
                                "ST": 8
                        },
                        {
                                "Batting and Fielding": "2019",
                                "Mat": 16,
                                "No": 1,
                                "Runs": 529,
                                "HS": 81,
                                "Ave": 35.26,
                                "BF": 398,
                                "SR": 132.91,
                                "100": 0,
                                "50": 4,
                                "4s": 45,
                                "6s": 25,
                                "CT": 17,
                                "ST": 2
                        },
                        {
                                "Batting and Fielding": "2018",
                                "Mat": 8,
                                "No": 0,
                                "Runs": 201,
                                "HS": 53,
                                "Ave": 25.12,
                                "BF": 162,
                                "SR": 124.07,
                                "100": 0,
                                "50": 1,
                                "4s": 20,
                                "6s": 8,
                                "CT": 7,
                                "ST": 3
                        },
                        {
                                "Batting and Fielding": "2016",
                                "Mat": 13,
                                "No": 1,
                                "Runs": 445,
                                "HS": 108,
                                "Ave": 37.08,
                                "BF": 327,
                                "SR": 136.08,
                                "100": 1,
                                "50": 3,
                                "4s": 52,
                                "6s": 13,
                                "CT": 2,
                                "ST": 2
                        },
                        {
                                "Batting and Fielding": "2015",
                                "Mat": 3,
                                "No": 0,
                                "Runs": 122,
                                "HS": 69,
                                "Ave": 40.66,
                                "BF": 77,
                                "SR": 158.44,
                                "100": 0,
                                "50": 2,
                                "4s": 18,
                                "6s": 4,
                                "CT": 0,
                                "ST": 0
                        },
                        {
                                "Batting and Fielding": "2014",
                                "Mat": 7,
                                "No": 0,
                                "Runs": 153,
                                "HS": 48,
                                "Ave": 21.85,
                                "BF": 130,
                                "SR": 117.69,
                                "100": 0,
                                "50": 0,
                                "4s": 19,
                                "6s": 4,
                                "CT": 2,
                                "ST": 0
                        },
                        {
                                "Batting and Fielding": "2013",
                                "Mat": 3,
                                "No": 0,
                                "Runs": 6,
                                "HS": 4,
                                "Ave": 2.0,
                                "BF": 15,
                                "SR": 40.0,
                                "100": 0,
                                "50": 0,
                                "4s": 1,
                                "6s": 0,
                                "CT": 3,
                                "ST": 1
                        }
                ],
                "Bowling": [
                        {
                                "Bowling": "Career",
                                "Mat": 50,
                                "Balls": 0,
                                "Runs": 0,
                                "WKTS": 0,
                                "BBM": "0/0",
                                "Ave": "-",
                                "Econ": "-",
                                "SR": "-",
                                "4W": 0,
                                "5W": 0
                        },
                        {
                                "Bowling": "2019",
                                "Mat": 16,
                                "Balls": 0,
                                "Runs": 0,
                                "WKTS": 0,
                                "BBM": "0/0",
                                "Ave": "-",
                                "Econ": "-",
                                "SR": "-",
                                "4W": 0,
                                "5W": 0
                        },
                        {
                                "Bowling": "2018",
                                "Mat": 8,
                                "Balls": 0,
                                "Runs": 0,
                                "WKTS": 0,
                                "BBM": "0/0",
                                "Ave": "-",
                                "Econ": "-",
                                "SR": "-",
                                "4W": 0,
                                "5W": 0
                        },
                        {
                                "Bowling": "2016",
                                "Mat": 13,
                                "Balls": 0,
                                "Runs": 0,
                                "WKTS": 0,
                                "BBM": "0/0",
                                "Ave": "-",
                                "Econ": "-",
                                "SR": "-",
                                "4W": 0,
                                "5W": 0
                        },
                        {
                                "Bowling": "2015",
                                "Mat": 3,
                                "Balls": 0,
                                "Runs": 0,
                                "WKTS": 0,
                                "BBM": "0/0",
                                "Ave": "-",
                                "Econ": "-",
                                "SR": "-",
                                "4W": 0,
                                "5W": 0
                        },
                        {
                                "Bowling": "2014",
                                "Mat": 7,
                                "Balls": 0,
                                "Runs": 0,
                                "WKTS": 0,
                                "BBM": "0/0",
                                "Ave": "-",
                                "Econ": "-",
                                "SR": "-",
                                "4W": 0,
                                "5W": 0
                        },
                        {
                                "Bowling": "2013",
                                "Mat": 3,
                                "Balls": 0,
                                "Runs": 0,
                                "WKTS": 0,
                                "BBM": "0/0",
                                "Ave": "-",
                                "Econ": "-",
                                "SR": "-",
                                "4W": 0,
                                "5W": 0
                        }
                ]
        }
}