{
        "Rahul Tewatia": {
                "team_name": "rajasthan-royals",
                "stats": {
                        "Matches": "5",
                        "Runs": "26",
                        "Wickets": "2"
                },
                "details": {
                        "Role": "",
                        "Batting Style": "Right-handed",
                        "Bowling Style": "",
                        "Nationality": "Indian",
                        "Nickname": "",
                        "DOB": "20 May 1993",
                        "IPL Debut": ""
                },
                "Batting and Fielding": [
                        {
                                "Batting and Fielding": "Career",
                                "Mat": 20,
                                "No": 6,
                                "Runs": 111,
                                "HS": "24",
                                "Ave": "18.50",
                                "BF": 89,
                                "SR": "124.71",
                                "100": 0,
                                "50": 0,
                                "4s": 11,
                                "6s": 3,
                                "CT": 8,
                                "ST": 0
                        },
                        {
                                "Batting and Fielding": "2019",
                                "Mat": 5,
                                "No": 3,
                                "Runs": 26,
                                "HS": "11",
                                "Ave": "26.00",
                                "BF": 22,
                                "SR": "118.18",
                                "100": 0,
                                "50": 0,
                                "4s": 2,
                                "6s": 1,
                                "CT": 6,
                                "ST": 0
                        },
                        {
                                "Batting and Fielding": "2018",
                                "Mat": 8,
                                "No": 2,
                                "Runs": 50,
                                "HS": "24",
                                "Ave": "16.66",
                                "BF": 43,
                                "SR": "116.27",
                                "100": 0,
                                "50": 0,
                                "4s": 5,
                                "6s": 1,
                                "CT": 2,
                                "ST": 0
                        },
                        {
                                "Batting and Fielding": "2017",
                                "Mat": 3,
                                "No": 1,
                                "Runs": 19,
                                "HS": "15",
                                "Ave": "19.00",
                                "BF": 11,
                                "SR": "172.72",
                                "100": 0,
                                "50": 0,
                                "4s": 4,
                                "6s": 0,
                                "CT": 0,
                                "ST": 0
                        },
                        {
                                "Batting and Fielding": "2015",
                                "Mat": 1,
                                "No": 0,
                                "Runs": 0,
                                "HS": "0",
                                "Ave": "-",
                                "BF": 0,
                                "SR": "-",
                                "100": 0,
                                "50": 0,
                                "4s": 0,
                                "6s": 0,
                                "CT": 0,
                                "ST": 0
                        },
                        {
                                "Batting and Fielding": "2014",
                                "Mat": 3,
                                "No": 0,
                                "Runs": 16,
                                "HS": "16",
                                "Ave": "16.00",
                                "BF": 13,
                                "SR": "123.07",
                                "100": 0,
                                "50": 0,
                                "4s": 0,
                                "6s": 1,
                                "CT": 0,
                                "ST": 0
                        }
                ],
                "Bowling": [
                        {
                                "Bowling": "Career",
                                "Mat": 20,
                                "Balls": 296,
                                "Runs": 354,
                                "WKTS": 14,
                                "BBM": "3/18",
                                "Ave": 25.28,
                                "Econ": 7.17,
                                "SR": 21.14,
                                "4W": 0,
                                "5W": 0
                        },
                        {
                                "Bowling": "2019",
                                "Mat": 5,
                                "Balls": 38,
                                "Runs": 42,
                                "WKTS": 2,
                                "BBM": "1/10",
                                "Ave": 21.0,
                                "Econ": 6.63,
                                "SR": 19.0,
                                "4W": 0,
                                "5W": 0
                        },
                        {
                                "Bowling": "2018",
                                "Mat": 8,
                                "Balls": 132,
                                "Runs": 173,
                                "WKTS": 6,
                                "BBM": "3/18",
                                "Ave": 28.83,
                                "Econ": 7.86,
                                "SR": 22.0,
                                "4W": 0,
                                "5W": 0
                        },
                        {
                                "Bowling": "2017",
                                "Mat": 3,
                                "Balls": 54,
                                "Runs": 49,
                                "WKTS": 3,
                                "BBM": "2/18",
                                "Ave": 16.33,
                                "Econ": 5.44,
                                "SR": 18.0,
                                "4W": 0,
                                "5W": 0
                        },
                        {
                                "Bowling": "2015",
                                "Mat": 1,
                                "Balls": 18,
                                "Runs": 31,
                                "WKTS": 1,
                                "BBM": "1/31",
                                "Ave": 31.0,
                                "Econ": 10.33,
                                "SR": 18.0,
                                "4W": 0,
                                "5W": 0
                        },
                        {
                                "Bowling": "2014",
                                "Mat": 3,
                                "Balls": 54,
                                "Runs": 59,
                                "WKTS": 2,
                                "BBM": "1/17",
                                "Ave": 29.5,
                                "Econ": 6.55,
                                "SR": 27.0,
                                "4W": 0,
                                "5W": 0
                        }
                ]
        }
}