{
        "Ravindra Jadeja": {
                "team_name": "chennai-super-kings",
                "stats": {
                        "Matches": "16",
                        "Runs": "106",
                        "Wickets": "15"
                },
                "details": {
                        "Role": "",
                        "Batting Style": "Left-handed",
                        "Bowling Style": "",
                        "Nationality": "Indian",
                        "Nickname": "",
                        "DOB": "06 December 1988",
                        "IPL Debut": ""
                },
                "Batting and Fielding": [
                        {
                                "Batting and Fielding": "Career",
                                "Mat": 170,
                                "No": 48,
                                "Runs": 1927,
                                "HS": "48",
                                "Ave": 24.08,
                                "BF": 1572,
                                "SR": 122.58,
                                "100": 0,
                                "50": 0,
                                "4s": 135,
                                "6s": 65,
                                "CT": 63,
                                "ST": 0
                        },
                        {
                                "Batting and Fielding": "2019",
                                "Mat": 16,
                                "No": 6,
                                "Runs": 106,
                                "HS": "31",
                                "Ave": 35.33,
                                "BF": 88,
                                "SR": 120.45,
                                "100": 0,
                                "50": 0,
                                "4s": 7,
                                "6s": 4,
                                "CT": 9,
                                "ST": 0
                        },
                        {
                                "Batting and Fielding": "2018",
                                "Mat": 16,
                                "No": 5,
                                "Runs": 89,
                                "HS": "27",
                                "Ave": 17.8,
                                "BF": 74,
                                "SR": 120.27,
                                "100": 0,
                                "50": 0,
                                "4s": 3,
                                "6s": 4,
                                "CT": 11,
                                "ST": 0
                        },
                        {
                                "Batting and Fielding": "2017",
                                "Mat": 12,
                                "No": 6,
                                "Runs": 158,
                                "HS": "28",
                                "Ave": 39.5,
                                "BF": 113,
                                "SR": 139.82,
                                "100": 0,
                                "50": 0,
                                "4s": 13,
                                "6s": 4,
                                "CT": 2,
                                "ST": 0
                        },
                        {
                                "Batting and Fielding": "2016",
                                "Mat": 15,
                                "No": 6,
                                "Runs": 191,
                                "HS": "36",
                                "Ave": 21.22,
                                "BF": 178,
                                "SR": 107.3,
                                "100": 0,
                                "50": 0,
                                "4s": 14,
                                "6s": 4,
                                "CT": 4,
                                "ST": 0
                        },
                        {
                                "Batting and Fielding": "2015",
                                "Mat": 17,
                                "No": 5,
                                "Runs": 132,
                                "HS": "24",
                                "Ave": 18.85,
                                "BF": 126,
                                "SR": 104.76,
                                "100": 0,
                                "50": 0,
                                "4s": 7,
                                "6s": 3,
                                "CT": 13,
                                "ST": 0
                        },
                        {
                                "Batting and Fielding": "2014",
                                "Mat": 16,
                                "No": 5,
                                "Runs": 146,
                                "HS": "36",
                                "Ave": 29.2,
                                "BF": 110,
                                "SR": 132.72,
                                "100": 0,
                                "50": 0,
                                "4s": 9,
                                "6s": 5,
                                "CT": 4,
                                "ST": 0
                        },
                        {
                                "Batting and Fielding": "2013",
                                "Mat": 18,
                                "No": 6,
                                "Runs": 201,
                                "HS": "38",
                                "Ave": 25.12,
                                "BF": 135,
                                "SR": 148.88,
                                "100": 0,
                                "50": 0,
                                "4s": 17,
                                "6s": 6,
                                "CT": 6,
                                "ST": 0
                        },
                        {
                                "Batting and Fielding": "2012",
                                "Mat": 19,
                                "No": 2,
                                "Runs": 191,
                                "HS": "48",
                                "Ave": 15.91,
                                "BF": 151,
                                "SR": 126.49,
                                "100": 0,
                                "50": 0,
                                "4s": 13,
                                "6s": 9,
                                "CT": 2,
                                "ST": 0
                        },
                        {
                                "Batting and Fielding": "2011",
                                "Mat": 14,
                                "No": 3,
                                "Runs": 283,
                                "HS": "47",
                                "Ave": 31.44,
                                "BF": 228,
                                "SR": 124.12,
                                "100": 0,
                                "50": 0,
                                "4s": 20,
                                "6s": 14,
                                "CT": 1,
                                "ST": 0
                        },
                        {
                                "Batting and Fielding": "2009",
                                "Mat": 13,
                                "No": 2,
                                "Runs": 295,
                                "HS": "42",
                                "Ave": 26.81,
                                "BF": 266,
                                "SR": 110.9,
                                "100": 0,
                                "50": 0,
                                "4s": 21,
                                "6s": 6,
                                "CT": 4,
                                "ST": 0
                        },
                        {
                                "Batting and Fielding": "2008",
                                "Mat": 14,
                                "No": 2,
                                "Runs": 135,
                                "HS": "36",
                                "Ave": 19.28,
                                "BF": 103,
                                "SR": 131.06,
                                "100": 0,
                                "50": 0,
                                "4s": 11,
                                "6s": 6,
                                "CT": 7,
                                "ST": 0
                        }
                ],
                "Bowling": [
                        {
                                "Bowling": "Career",
                                "Mat": 170,
                                "Balls": 2495,
                                "Runs": 3152,
                                "WKTS": 108,
                                "BBM": "5/16",
                                "Ave": "29.18",
                                "Econ": 7.57,
                                "SR": "23.10",
                                "4W": 3,
                                "5W": 1
                        },
                        {
                                "Bowling": "2019",
                                "Mat": 16,
                                "Balls": 324,
                                "Runs": 343,
                                "WKTS": 15,
                                "BBM": "3/9",
                                "Ave": "22.86",
                                "Econ": 6.35,
                                "SR": "21.60",
                                "4W": 0,
                                "5W": 0
                        },
                        {
                                "Bowling": "2018",
                                "Mat": 16,
                                "Balls": 246,
                                "Runs": 303,
                                "WKTS": 11,
                                "BBM": "3/18",
                                "Ave": "27.54",
                                "Econ": 7.39,
                                "SR": "22.36",
                                "4W": 0,
                                "5W": 0
                        },
                        {
                                "Bowling": "2017",
                                "Mat": 12,
                                "Balls": 228,
                                "Runs": 349,
                                "WKTS": 5,
                                "BBM": "2/28",
                                "Ave": "69.80",
                                "Econ": 9.18,
                                "SR": "45.60",
                                "4W": 0,
                                "5W": 0
                        },
                        {
                                "Bowling": "2016",
                                "Mat": 15,
                                "Balls": 241,
                                "Runs": 311,
                                "WKTS": 8,
                                "BBM": "2/18",
                                "Ave": "38.87",
                                "Econ": 7.74,
                                "SR": "30.12",
                                "4W": 0,
                                "5W": 0
                        },
                        {
                                "Bowling": "2015",
                                "Mat": 17,
                                "Balls": 256,
                                "Runs": 330,
                                "WKTS": 11,
                                "BBM": "4/11",
                                "Ave": "30.00",
                                "Econ": 7.73,
                                "SR": "23.27",
                                "4W": 1,
                                "5W": 0
                        },
                        {
                                "Bowling": "2014",
                                "Mat": 16,
                                "Balls": 326,
                                "Runs": 443,
                                "WKTS": 19,
                                "BBM": "4/12",
                                "Ave": "23.31",
                                "Econ": 8.15,
                                "SR": "17.15",
                                "4W": 2,
                                "5W": 0
                        },
                        {
                                "Bowling": "2013",
                                "Mat": 18,
                                "Balls": 259,
                                "Runs": 323,
                                "WKTS": 13,
                                "BBM": "3/20",
                                "Ave": "24.84",
                                "Econ": 7.48,
                                "SR": "19.92",
                                "4W": 0,
                                "5W": 0
                        },
                        {
                                "Bowling": "2012",
                                "Mat": 19,
                                "Balls": 210,
                                "Runs": 273,
                                "WKTS": 12,
                                "BBM": "5/16",
                                "Ave": "22.75",
                                "Econ": 7.8,
                                "SR": "17.50",
                                "4W": 0,
                                "5W": 1
                        },
                        {
                                "Bowling": "2011",
                                "Mat": 14,
                                "Balls": 252,
                                "Runs": 305,
                                "WKTS": 8,
                                "BBM": "2/25",
                                "Ave": "38.12",
                                "Econ": 7.26,
                                "SR": "31.50",
                                "4W": 0,
                                "5W": 0
                        },
                        {
                                "Bowling": "2009",
                                "Mat": 13,
                                "Balls": 140,
                                "Runs": 151,
                                "WKTS": 6,
                                "BBM": "3/15",
                                "Ave": "25.16",
                                "Econ": 6.47,
                                "SR": "23.33",
                                "4W": 0,
                                "5W": 0
                        },
                        {
                                "Bowling": "2008",
                                "Mat": 14,
                                "Balls": 13,
                                "Runs": 21,
                                "WKTS": 0,
                                "BBM": "0/0",
                                "Ave": "-",
                                "Econ": 9.69,
                                "SR": "-",
                                "4W": 0,
                                "5W": 0
                        }
                ]
        }
}