{
        "Ravichandran Ashwin": {
                "team_name": "delhi-capitals",
                "stats": {
                        "Matches": "14",
                        "Runs": "42",
                        "Wickets": "15"
                },
                "details": {
                        "Role": "",
                        "Batting Style": "Left-handed",
                        "Bowling Style": "",
                        "Nationality": "Indian",
                        "Nickname": "",
                        "DOB": "17 September 1986",
                        "IPL Debut": ""
                },
                "Batting and Fielding": [
                        {
                                "Batting and Fielding": "Career",
                                "Mat": 139,
                                "No": 17,
                                "Runs": 375,
                                "HS": "45",
                                "Ave": 10.71,
                                "BF": 339,
                                "SR": 110.61,
                                "100": 0,
                                "50": 0,
                                "4s": 32,
                                "6s": 10,
                                "CT": 32,
                                "ST": 0
                        },
                        {
                                "Batting and Fielding": "2019",
                                "Mat": 14,
                                "No": 1,
                                "Runs": 42,
                                "HS": "17",
                                "Ave": 8.4,
                                "BF": 28,
                                "SR": 150.0,
                                "100": 0,
                                "50": 0,
                                "4s": 3,
                                "6s": 3,
                                "CT": 4,
                                "ST": 0
                        },
                        {
                                "Batting and Fielding": "2018",
                                "Mat": 14,
                                "No": 1,
                                "Runs": 102,
                                "HS": "45",
                                "Ave": 12.75,
                                "BF": 71,
                                "SR": 143.66,
                                "100": 0,
                                "50": 0,
                                "4s": 7,
                                "6s": 5,
                                "CT": 5,
                                "ST": 0
                        },
                        {
                                "Batting and Fielding": "2016",
                                "Mat": 14,
                                "No": 4,
                                "Runs": 41,
                                "HS": "29",
                                "Ave": 20.5,
                                "BF": 38,
                                "SR": 107.89,
                                "100": 0,
                                "50": 0,
                                "4s": 3,
                                "6s": 1,
                                "CT": 3,
                                "ST": 0
                        },
                        {
                                "Batting and Fielding": "2015",
                                "Mat": 14,
                                "No": 3,
                                "Runs": 52,
                                "HS": "23",
                                "Ave": 17.33,
                                "BF": 32,
                                "SR": 162.5,
                                "100": 0,
                                "50": 0,
                                "4s": 6,
                                "6s": 1,
                                "CT": 3,
                                "ST": 0
                        },
                        {
                                "Batting and Fielding": "2014",
                                "Mat": 16,
                                "No": 3,
                                "Runs": 45,
                                "HS": "14",
                                "Ave": 15.0,
                                "BF": 45,
                                "SR": 100.0,
                                "100": 0,
                                "50": 0,
                                "4s": 4,
                                "6s": 0,
                                "CT": 1,
                                "ST": 0
                        },
                        {
                                "Batting and Fielding": "2013",
                                "Mat": 18,
                                "No": 1,
                                "Runs": 35,
                                "HS": "11",
                                "Ave": 8.75,
                                "BF": 49,
                                "SR": 71.42,
                                "100": 0,
                                "50": 0,
                                "4s": 4,
                                "6s": 0,
                                "CT": 4,
                                "ST": 0
                        },
                        {
                                "Batting and Fielding": "2012",
                                "Mat": 19,
                                "No": 2,
                                "Runs": 18,
                                "HS": "8",
                                "Ave": 6.0,
                                "BF": 15,
                                "SR": 120.0,
                                "100": 0,
                                "50": 0,
                                "4s": 2,
                                "6s": 0,
                                "CT": 5,
                                "ST": 0
                        },
                        {
                                "Batting and Fielding": "2011",
                                "Mat": 16,
                                "No": 0,
                                "Runs": 2,
                                "HS": "2",
                                "Ave": 1.0,
                                "BF": 6,
                                "SR": 33.33,
                                "100": 0,
                                "50": 0,
                                "4s": 0,
                                "6s": 0,
                                "CT": 4,
                                "ST": 0
                        },
                        {
                                "Batting and Fielding": "2010",
                                "Mat": 12,
                                "No": 2,
                                "Runs": 30,
                                "HS": "11",
                                "Ave": 7.5,
                                "BF": 40,
                                "SR": 75.0,
                                "100": 0,
                                "50": 0,
                                "4s": 2,
                                "6s": 0,
                                "CT": 1,
                                "ST": 0
                        },
                        {
                                "Batting and Fielding": "2009",
                                "Mat": 2,
                                "No": 0,
                                "Runs": 8,
                                "HS": "8",
                                "Ave": 8.0,
                                "BF": 15,
                                "SR": 53.33,
                                "100": 0,
                                "50": 0,
                                "4s": 1,
                                "6s": 0,
                                "CT": 2,
                                "ST": 0
                        }
                ],
                "Bowling": [
                        {
                                "Bowling": "Career",
                                "Mat": 139,
                                "Balls": 2924,
                                "Runs": 3310,
                                "WKTS": 125,
                                "BBM": "4/34",
                                "Ave": 26.48,
                                "Econ": 6.79,
                                "SR": 23.39,
                                "4W": 1,
                                "5W": 0
                        },
                        {
                                "Bowling": "2019",
                                "Mat": 14,
                                "Balls": 330,
                                "Runs": 400,
                                "WKTS": 15,
                                "BBM": "3/23",
                                "Ave": 26.66,
                                "Econ": 7.27,
                                "SR": 22.0,
                                "4W": 0,
                                "5W": 0
                        },
                        {
                                "Bowling": "2018",
                                "Mat": 14,
                                "Balls": 304,
                                "Runs": 410,
                                "WKTS": 10,
                                "BBM": "2/18",
                                "Ave": 41.0,
                                "Econ": 8.09,
                                "SR": 30.4,
                                "4W": 0,
                                "5W": 0
                        },
                        {
                                "Bowling": "2016",
                                "Mat": 14,
                                "Balls": 264,
                                "Runs": 319,
                                "WKTS": 10,
                                "BBM": "4/34",
                                "Ave": 31.9,
                                "Econ": 7.25,
                                "SR": 26.4,
                                "4W": 1,
                                "5W": 0
                        },
                        {
                                "Bowling": "2015",
                                "Mat": 14,
                                "Balls": 234,
                                "Runs": 228,
                                "WKTS": 10,
                                "BBM": "2/5",
                                "Ave": 22.8,
                                "Econ": 5.84,
                                "SR": 23.4,
                                "4W": 0,
                                "5W": 0
                        },
                        {
                                "Bowling": "2014",
                                "Mat": 16,
                                "Balls": 359,
                                "Runs": 437,
                                "WKTS": 16,
                                "BBM": "3/30",
                                "Ave": 27.31,
                                "Econ": 7.3,
                                "SR": 22.43,
                                "4W": 0,
                                "5W": 0
                        },
                        {
                                "Bowling": "2013",
                                "Mat": 18,
                                "Balls": 348,
                                "Runs": 390,
                                "WKTS": 15,
                                "BBM": "2/18",
                                "Ave": 26.0,
                                "Econ": 6.72,
                                "SR": 23.2,
                                "4W": 0,
                                "5W": 0
                        },
                        {
                                "Bowling": "2012",
                                "Mat": 19,
                                "Balls": 395,
                                "Runs": 432,
                                "WKTS": 14,
                                "BBM": "3/24",
                                "Ave": 30.85,
                                "Econ": 6.56,
                                "SR": 28.21,
                                "4W": 0,
                                "5W": 0
                        },
                        {
                                "Bowling": "2011",
                                "Mat": 16,
                                "Balls": 378,
                                "Runs": 388,
                                "WKTS": 20,
                                "BBM": "3/16",
                                "Ave": 19.4,
                                "Econ": 6.15,
                                "SR": 18.9,
                                "4W": 0,
                                "5W": 0
                        },
                        {
                                "Bowling": "2010",
                                "Mat": 12,
                                "Balls": 288,
                                "Runs": 293,
                                "WKTS": 13,
                                "BBM": "3/16",
                                "Ave": 22.53,
                                "Econ": 6.1,
                                "SR": 22.15,
                                "4W": 0,
                                "5W": 0
                        },
                        {
                                "Bowling": "2009",
                                "Mat": 2,
                                "Balls": 24,
                                "Runs": 13,
                                "WKTS": 2,
                                "BBM": "2/13",
                                "Ave": 6.5,
                                "Econ": 3.25,
                                "SR": 12.0,
                                "4W": 0,
                                "5W": 0
                        }
                ]
        }
}