{
        "Robin Uthappa": {
                "team_name": "rajasthan-royals",
                "stats": {
                        "Matches": "12",
                        "Runs": "282",
                        "Wickets": "0"
                },
                "details": {
                        "Role": "",
                        "Batting Style": "Right-handed",
                        "Bowling Style": "",
                        "Nationality": "Indian",
                        "Nickname": "",
                        "DOB": "11 November 1985",
                        "IPL Debut": ""
                },
                "Batting and Fielding": [
                        {
                                "Batting and Fielding": "Career",
                                "Mat": 177,
                                "No": 17,
                                "Runs": 4411,
                                "HS": "87",
                                "Ave": 28.83,
                                "BF": 3380,
                                "SR": 130.5,
                                "100": 0,
                                "50": 24,
                                "4s": 435,
                                "6s": 156,
                                "CT": 84,
                                "ST": 32
                        },
                        {
                                "Batting and Fielding": "2019",
                                "Mat": 12,
                                "No": 2,
                                "Runs": 282,
                                "HS": "67",
                                "Ave": 31.33,
                                "BF": 245,
                                "SR": 115.1,
                                "100": 0,
                                "50": 1,
                                "4s": 28,
                                "6s": 10,
                                "CT": 4,
                                "ST": 0
                        },
                        {
                                "Batting and Fielding": "2018",
                                "Mat": 16,
                                "No": 0,
                                "Runs": 351,
                                "HS": "54",
                                "Ave": 21.93,
                                "BF": 265,
                                "SR": 132.45,
                                "100": 0,
                                "50": 1,
                                "4s": 30,
                                "6s": 21,
                                "CT": 5,
                                "ST": 0
                        },
                        {
                                "Batting and Fielding": "2017",
                                "Mat": 14,
                                "No": 0,
                                "Runs": 388,
                                "HS": "87",
                                "Ave": 29.84,
                                "BF": 235,
                                "SR": 165.1,
                                "100": 0,
                                "50": 5,
                                "4s": 36,
                                "6s": 21,
                                "CT": 9,
                                "ST": 6
                        },
                        {
                                "Batting and Fielding": "2016",
                                "Mat": 15,
                                "No": 0,
                                "Runs": 394,
                                "HS": "72",
                                "Ave": 26.26,
                                "BF": 289,
                                "SR": 136.33,
                                "100": 0,
                                "50": 3,
                                "4s": 45,
                                "6s": 8,
                                "CT": 10,
                                "ST": 4
                        },
                        {
                                "Batting and Fielding": "2015",
                                "Mat": 13,
                                "No": 1,
                                "Runs": 364,
                                "HS": "80",
                                "Ave": 30.33,
                                "BF": 277,
                                "SR": 131.4,
                                "100": 0,
                                "50": 1,
                                "4s": 42,
                                "6s": 7,
                                "CT": 7,
                                "ST": 5
                        },
                        {
                                "Batting and Fielding": "2014",
                                "Mat": 16,
                                "No": 1,
                                "Runs": 660,
                                "HS": "83",
                                "Ave": 44.0,
                                "BF": 479,
                                "SR": 137.78,
                                "100": 0,
                                "50": 5,
                                "4s": 74,
                                "6s": 18,
                                "CT": 1,
                                "ST": 7
                        },
                        {
                                "Batting and Fielding": "2013",
                                "Mat": 16,
                                "No": 0,
                                "Runs": 434,
                                "HS": "75",
                                "Ave": 27.12,
                                "BF": 371,
                                "SR": 116.98,
                                "100": 0,
                                "50": 2,
                                "4s": 42,
                                "6s": 12,
                                "CT": 7,
                                "ST": 0
                        },
                        {
                                "Batting and Fielding": "2012",
                                "Mat": 16,
                                "No": 1,
                                "Runs": 405,
                                "HS": "69",
                                "Ave": 27.0,
                                "BF": 343,
                                "SR": 118.07,
                                "100": 0,
                                "50": 2,
                                "4s": 38,
                                "6s": 10,
                                "CT": 6,
                                "ST": 3
                        },
                        {
                                "Batting and Fielding": "2011",
                                "Mat": 14,
                                "No": 3,
                                "Runs": 264,
                                "HS": "45",
                                "Ave": 26.4,
                                "BF": 209,
                                "SR": 126.31,
                                "100": 0,
                                "50": 0,
                                "4s": 27,
                                "6s": 10,
                                "CT": 12,
                                "ST": 3
                        },
                        {
                                "Batting and Fielding": "2010",
                                "Mat": 16,
                                "No": 2,
                                "Runs": 374,
                                "HS": "68",
                                "Ave": 31.16,
                                "BF": 218,
                                "SR": 171.55,
                                "100": 0,
                                "50": 3,
                                "4s": 21,
                                "6s": 27,
                                "CT": 7,
                                "ST": 3
                        },
                        {
                                "Batting and Fielding": "2009",
                                "Mat": 15,
                                "No": 2,
                                "Runs": 175,
                                "HS": "66",
                                "Ave": 15.9,
                                "BF": 170,
                                "SR": 102.94,
                                "100": 0,
                                "50": 1,
                                "4s": 18,
                                "6s": 3,
                                "CT": 7,
                                "ST": 1
                        },
                        {
                                "Batting and Fielding": "2008",
                                "Mat": 14,
                                "No": 5,
                                "Runs": 320,
                                "HS": "48",
                                "Ave": 35.55,
                                "BF": 279,
                                "SR": 114.69,
                                "100": 0,
                                "50": 0,
                                "4s": 34,
                                "6s": 9,
                                "CT": 9,
                                "ST": 0
                        }
                ],
                "Bowling": [
                        {
                                "Bowling": "Career",
                                "Mat": 177,
                                "Balls": 0,
                                "Runs": 0,
                                "WKTS": 0,
                                "BBM": "0/0",
                                "Ave": "-",
                                "Econ": "-",
                                "SR": "-",
                                "4W": 0,
                                "5W": 0
                        },
                        {
                                "Bowling": "2019",
                                "Mat": 12,
                                "Balls": 0,
                                "Runs": 0,
                                "WKTS": 0,
                                "BBM": "0/0",
                                "Ave": "-",
                                "Econ": "-",
                                "SR": "-",
                                "4W": 0,
                                "5W": 0
                        },
                        {
                                "Bowling": "2018",
                                "Mat": 16,
                                "Balls": 0,
                                "Runs": 0,
                                "WKTS": 0,
                                "BBM": "0/0",
                                "Ave": "-",
                                "Econ": "-",
                                "SR": "-",
                                "4W": 0,
                                "5W": 0
                        },
                        {
                                "Bowling": "2017",
                                "Mat": 14,
                                "Balls": 0,
                                "Runs": 0,
                                "WKTS": 0,
                                "BBM": "0/0",
                                "Ave": "-",
                                "Econ": "-",
                                "SR": "-",
                                "4W": 0,
                                "5W": 0
                        },
                        {
                                "Bowling": "2016",
                                "Mat": 15,
                                "Balls": 0,
                                "Runs": 0,
                                "WKTS": 0,
                                "BBM": "0/0",
                                "Ave": "-",
                                "Econ": "-",
                                "SR": "-",
                                "4W": 0,
                                "5W": 0
                        },
                        {
                                "Bowling": "2015",
                                "Mat": 13,
                                "Balls": 0,
                                "Runs": 0,
                                "WKTS": 0,
                                "BBM": "0/0",
                                "Ave": "-",
                                "Econ": "-",
                                "SR": "-",
                                "4W": 0,
                                "5W": 0
                        },
                        {
                                "Bowling": "2014",
                                "Mat": 16,
                                "Balls": 0,
                                "Runs": 0,
                                "WKTS": 0,
                                "BBM": "0/0",
                                "Ave": "-",
                                "Econ": "-",
                                "SR": "-",
                                "4W": 0,
                                "5W": 0
                        },
                        {
                                "Bowling": "2013",
                                "Mat": 16,
                                "Balls": 0,
                                "Runs": 0,
                                "WKTS": 0,
                                "BBM": "0/0",
                                "Ave": "-",
                                "Econ": "-",
                                "SR": "-",
                                "4W": 0,
                                "5W": 0
                        },
                        {
                                "Bowling": "2012",
                                "Mat": 16,
                                "Balls": 0,
                                "Runs": 0,
                                "WKTS": 0,
                                "BBM": "0/0",
                                "Ave": "-",
                                "Econ": "-",
                                "SR": "-",
                                "4W": 0,
                                "5W": 0
                        },
                        {
                                "Bowling": "2011",
                                "Mat": 14,
                                "Balls": 0,
                                "Runs": 0,
                                "WKTS": 0,
                                "BBM": "0/0",
                                "Ave": "-",
                                "Econ": "-",
                                "SR": "-",
                                "4W": 0,
                                "5W": 0
                        },
                        {
                                "Bowling": "2010",
                                "Mat": 16,
                                "Balls": 0,
                                "Runs": 0,
                                "WKTS": 0,
                                "BBM": "0/0",
                                "Ave": "-",
                                "Econ": "-",
                                "SR": "-",
                                "4W": 0,
                                "5W": 0
                        },
                        {
                                "Bowling": "2009",
                                "Mat": 15,
                                "Balls": 0,
                                "Runs": 0,
                                "WKTS": 0,
                                "BBM": "0/0",
                                "Ave": "-",
                                "Econ": "-",
                                "SR": "-",
                                "4W": 0,
                                "5W": 0
                        },
                        {
                                "Bowling": "2008",
                                "Mat": 14,
                                "Balls": 0,
                                "Runs": 0,
                                "WKTS": 0,
                                "BBM": "0/0",
                                "Ave": "-",
                                "Econ": "-",
                                "SR": "-",
                                "4W": 0,
                                "5W": 0
                        }
                ]
        }
}