{
        "Rohit Sharma": {
                "team_name": "mumbai-indians",
                "stats": {
                        "Matches": "15",
                        "Runs": "405",
                        "Wickets": "0"
                },
                "details": {
                        "Role": "",
                        "Batting Style": "Right-handed",
                        "Bowling Style": "",
                        "Nationality": "Indian",
                        "Nickname": "",
                        "DOB": "30 April 1987",
                        "IPL Debut": ""
                },
                "Batting and Fielding": [
                        {
                                "Batting and Fielding": "Career",
                                "Mat": 188,
                                "No": 28,
                                "Runs": 4898,
                                "HS": "109",
                                "Ave": 31.6,
                                "BF": 3744,
                                "SR": 130.82,
                                "100": 1,
                                "50": 36,
                                "4s": 431,
                                "6s": 194,
                                "CT": 83,
                                "ST": 0
                        },
                        {
                                "Batting and Fielding": "2019",
                                "Mat": 15,
                                "No": 1,
                                "Runs": 405,
                                "HS": "67",
                                "Ave": 28.92,
                                "BF": 315,
                                "SR": 128.57,
                                "100": 0,
                                "50": 2,
                                "4s": 52,
                                "6s": 10,
                                "CT": 4,
                                "ST": 0
                        },
                        {
                                "Batting and Fielding": "2018",
                                "Mat": 14,
                                "No": 2,
                                "Runs": 286,
                                "HS": "94",
                                "Ave": 23.83,
                                "BF": 215,
                                "SR": 133.02,
                                "100": 0,
                                "50": 2,
                                "4s": 25,
                                "6s": 12,
                                "CT": 8,
                                "ST": 0
                        },
                        {
                                "Batting and Fielding": "2017",
                                "Mat": 17,
                                "No": 2,
                                "Runs": 333,
                                "HS": "67",
                                "Ave": 23.78,
                                "BF": 273,
                                "SR": 121.97,
                                "100": 0,
                                "50": 3,
                                "4s": 31,
                                "6s": 9,
                                "CT": 10,
                                "ST": 0
                        },
                        {
                                "Batting and Fielding": "2016",
                                "Mat": 14,
                                "No": 3,
                                "Runs": 489,
                                "HS": "85",
                                "Ave": 44.45,
                                "BF": 368,
                                "SR": 132.88,
                                "100": 0,
                                "50": 5,
                                "4s": 49,
                                "6s": 16,
                                "CT": 2,
                                "ST": 0
                        },
                        {
                                "Batting and Fielding": "2015",
                                "Mat": 16,
                                "No": 2,
                                "Runs": 482,
                                "HS": "98",
                                "Ave": 34.42,
                                "BF": 333,
                                "SR": 144.74,
                                "100": 0,
                                "50": 3,
                                "4s": 41,
                                "6s": 21,
                                "CT": 5,
                                "ST": 0
                        },
                        {
                                "Batting and Fielding": "2014",
                                "Mat": 15,
                                "No": 2,
                                "Runs": 390,
                                "HS": "59",
                                "Ave": 30.0,
                                "BF": 302,
                                "SR": 129.13,
                                "100": 0,
                                "50": 3,
                                "4s": 31,
                                "6s": 16,
                                "CT": 5,
                                "ST": 0
                        },
                        {
                                "Batting and Fielding": "2013",
                                "Mat": 19,
                                "No": 5,
                                "Runs": 538,
                                "HS": "79",
                                "Ave": 38.42,
                                "BF": 409,
                                "SR": 131.54,
                                "100": 0,
                                "50": 4,
                                "4s": 35,
                                "6s": 28,
                                "CT": 7,
                                "ST": 0
                        },
                        {
                                "Batting and Fielding": "2012",
                                "Mat": 17,
                                "No": 2,
                                "Runs": 433,
                                "HS": "109",
                                "Ave": 30.92,
                                "BF": 342,
                                "SR": 126.6,
                                "100": 1,
                                "50": 3,
                                "4s": 39,
                                "6s": 18,
                                "CT": 13,
                                "ST": 0
                        },
                        {
                                "Batting and Fielding": "2011",
                                "Mat": 16,
                                "No": 3,
                                "Runs": 372,
                                "HS": "87",
                                "Ave": 33.81,
                                "BF": 297,
                                "SR": 125.25,
                                "100": 0,
                                "50": 3,
                                "4s": 32,
                                "6s": 13,
                                "CT": 7,
                                "ST": 0
                        },
                        {
                                "Batting and Fielding": "2010",
                                "Mat": 16,
                                "No": 2,
                                "Runs": 404,
                                "HS": "73",
                                "Ave": 28.85,
                                "BF": 302,
                                "SR": 133.77,
                                "100": 0,
                                "50": 3,
                                "4s": 36,
                                "6s": 14,
                                "CT": 9,
                                "ST": 0
                        },
                        {
                                "Batting and Fielding": "2009",
                                "Mat": 16,
                                "No": 3,
                                "Runs": 362,
                                "HS": "52",
                                "Ave": 27.84,
                                "BF": 315,
                                "SR": 114.92,
                                "100": 0,
                                "50": 1,
                                "4s": 22,
                                "6s": 18,
                                "CT": 5,
                                "ST": 0
                        },
                        {
                                "Batting and Fielding": "2008",
                                "Mat": 13,
                                "No": 1,
                                "Runs": 404,
                                "HS": "76",
                                "Ave": 36.72,
                                "BF": 273,
                                "SR": 147.98,
                                "100": 0,
                                "50": 4,
                                "4s": 38,
                                "6s": 19,
                                "CT": 8,
                                "ST": 0
                        }
                ],
                "Bowling": [
                        {
                                "Bowling": "Career",
                                "Mat": 188,
                                "Balls": 332,
                                "Runs": 440,
                                "WKTS": 15,
                                "BBM": "4/6",
                                "Ave": "29.33",
                                "Econ": "7.95",
                                "SR": "22.13",
                                "4W": 1,
                                "5W": 0
                        },
                        {
                                "Bowling": "2019",
                                "Mat": 15,
                                "Balls": 0,
                                "Runs": 0,
                                "WKTS": 0,
                                "BBM": "0/0",
                                "Ave": "-",
                                "Econ": "-",
                                "SR": "-",
                                "4W": 0,
                                "5W": 0
                        },
                        {
                                "Bowling": "2018",
                                "Mat": 14,
                                "Balls": 0,
                                "Runs": 0,
                                "WKTS": 0,
                                "BBM": "0/0",
                                "Ave": "-",
                                "Econ": "-",
                                "SR": "-",
                                "4W": 0,
                                "5W": 0
                        },
                        {
                                "Bowling": "2017",
                                "Mat": 17,
                                "Balls": 0,
                                "Runs": 0,
                                "WKTS": 0,
                                "BBM": "0/0",
                                "Ave": "-",
                                "Econ": "-",
                                "SR": "-",
                                "4W": 0,
                                "5W": 0
                        },
                        {
                                "Bowling": "2016",
                                "Mat": 14,
                                "Balls": 0,
                                "Runs": 0,
                                "WKTS": 0,
                                "BBM": "0/0",
                                "Ave": "-",
                                "Econ": "-",
                                "SR": "-",
                                "4W": 0,
                                "5W": 0
                        },
                        {
                                "Bowling": "2015",
                                "Mat": 16,
                                "Balls": 0,
                                "Runs": 0,
                                "WKTS": 0,
                                "BBM": "0/0",
                                "Ave": "-",
                                "Econ": "-",
                                "SR": "-",
                                "4W": 0,
                                "5W": 0
                        },
                        {
                                "Bowling": "2014",
                                "Mat": 15,
                                "Balls": 18,
                                "Runs": 26,
                                "WKTS": 1,
                                "BBM": "1/20",
                                "Ave": "26.00",
                                "Econ": "8.66",
                                "SR": "18.00",
                                "4W": 0,
                                "5W": 0
                        },
                        {
                                "Bowling": "2013",
                                "Mat": 19,
                                "Balls": 8,
                                "Runs": 6,
                                "WKTS": 0,
                                "BBM": "0/0",
                                "Ave": "-",
                                "Econ": "4.50",
                                "SR": "-",
                                "4W": 0,
                                "5W": 0
                        },
                        {
                                "Bowling": "2012",
                                "Mat": 17,
                                "Balls": 6,
                                "Runs": 16,
                                "WKTS": 0,
                                "BBM": "0/0",
                                "Ave": "-",
                                "Econ": "16.00",
                                "SR": "-",
                                "4W": 0,
                                "5W": 0
                        },
                        {
                                "Bowling": "2011",
                                "Mat": 16,
                                "Balls": 24,
                                "Runs": 53,
                                "WKTS": 0,
                                "BBM": "0/0",
                                "Ave": "-",
                                "Econ": "13.25",
                                "SR": "-",
                                "4W": 0,
                                "5W": 0
                        },
                        {
                                "Bowling": "2010",
                                "Mat": 16,
                                "Balls": 114,
                                "Runs": 153,
                                "WKTS": 2,
                                "BBM": "1/19",
                                "Ave": "76.50",
                                "Econ": "8.05",
                                "SR": "57.00",
                                "4W": 0,
                                "5W": 0
                        },
                        {
                                "Bowling": "2009",
                                "Mat": 16,
                                "Balls": 138,
                                "Runs": 161,
                                "WKTS": 11,
                                "BBM": "4/6",
                                "Ave": "14.63",
                                "Econ": "7.00",
                                "SR": "12.54",
                                "4W": 1,
                                "5W": 0
                        },
                        {
                                "Bowling": "2008",
                                "Mat": 13,
                                "Balls": 24,
                                "Runs": 25,
                                "WKTS": 1,
                                "BBM": "1/25",
                                "Ave": "25.00",
                                "Econ": "6.25",
                                "SR": "24.00",
                                "4W": 0,
                                "5W": 0
                        }
                ]
        }
}