{
        "Sandeep Sharma": {
                "team_name": "sunrisers-hyderabad",
                "stats": {
                        "Matches": "11",
                        "Runs": "6",
                        "Wickets": "12"
                },
                "details": {
                        "Role": "",
                        "Batting Style": "Right-handed",
                        "Bowling Style": "",
                        "Nationality": "Indian",
                        "Nickname": "",
                        "DOB": "18 May 1993",
                        "IPL Debut": ""
                },
                "Batting and Fielding": [
                        {
                                "Batting and Fielding": "Career",
                                "Mat": 79,
                                "No": 15,
                                "Runs": 32,
                                "HS": "7",
                                "Ave": "10.66",
                                "BF": 42,
                                "SR": 76.19,
                                "100": 0,
                                "50": 0,
                                "4s": 2,
                                "6s": 0,
                                "CT": 11,
                                "ST": 0
                        },
                        {
                                "Batting and Fielding": "2019",
                                "Mat": 11,
                                "No": 2,
                                "Runs": 6,
                                "HS": "5",
                                "Ave": "-",
                                "BF": 3,
                                "SR": 200.0,
                                "100": 0,
                                "50": 0,
                                "4s": 1,
                                "6s": 0,
                                "CT": 1,
                                "ST": 0
                        },
                        {
                                "Batting and Fielding": "2018",
                                "Mat": 12,
                                "No": 1,
                                "Runs": 0,
                                "HS": "0",
                                "Ave": "0.00",
                                "BF": 4,
                                "SR": 0.0,
                                "100": 0,
                                "50": 0,
                                "4s": 0,
                                "6s": 0,
                                "CT": 2,
                                "ST": 0
                        },
                        {
                                "Batting and Fielding": "2017",
                                "Mat": 13,
                                "No": 4,
                                "Runs": 7,
                                "HS": "5",
                                "Ave": "-",
                                "BF": 6,
                                "SR": 116.66,
                                "100": 0,
                                "50": 0,
                                "4s": 0,
                                "6s": 0,
                                "CT": 3,
                                "ST": 0
                        },
                        {
                                "Batting and Fielding": "2016",
                                "Mat": 14,
                                "No": 4,
                                "Runs": 8,
                                "HS": "5",
                                "Ave": "-",
                                "BF": 9,
                                "SR": 88.88,
                                "100": 0,
                                "50": 0,
                                "4s": 0,
                                "6s": 0,
                                "CT": 2,
                                "ST": 0
                        },
                        {
                                "Batting and Fielding": "2015",
                                "Mat": 14,
                                "No": 2,
                                "Runs": 9,
                                "HS": "7",
                                "Ave": "9.00",
                                "BF": 14,
                                "SR": 64.28,
                                "100": 0,
                                "50": 0,
                                "4s": 1,
                                "6s": 0,
                                "CT": 2,
                                "ST": 0
                        },
                        {
                                "Batting and Fielding": "2014",
                                "Mat": 11,
                                "No": 1,
                                "Runs": 2,
                                "HS": "2",
                                "Ave": "-",
                                "BF": 5,
                                "SR": 40.0,
                                "100": 0,
                                "50": 0,
                                "4s": 0,
                                "6s": 0,
                                "CT": 1,
                                "ST": 0
                        },
                        {
                                "Batting and Fielding": "2013",
                                "Mat": 4,
                                "No": 1,
                                "Runs": 0,
                                "HS": "0",
                                "Ave": "-",
                                "BF": 1,
                                "SR": 0.0,
                                "100": 0,
                                "50": 0,
                                "4s": 0,
                                "6s": 0,
                                "CT": 0,
                                "ST": 0
                        }
                ],
                "Bowling": [
                        {
                                "Bowling": "Career",
                                "Mat": 79,
                                "Balls": 1745,
                                "Runs": 2272,
                                "WKTS": 95,
                                "BBM": "4/20",
                                "Ave": 23.91,
                                "Econ": 7.81,
                                "SR": 18.36,
                                "4W": 2,
                                "5W": 0
                        },
                        {
                                "Bowling": "2019",
                                "Mat": 11,
                                "Balls": 256,
                                "Runs": 352,
                                "WKTS": 12,
                                "BBM": "3/19",
                                "Ave": 29.33,
                                "Econ": 8.25,
                                "SR": 21.33,
                                "4W": 0,
                                "5W": 0
                        },
                        {
                                "Bowling": "2018",
                                "Mat": 12,
                                "Balls": 264,
                                "Runs": 333,
                                "WKTS": 12,
                                "BBM": "2/17",
                                "Ave": 27.75,
                                "Econ": 7.56,
                                "SR": 22.0,
                                "4W": 0,
                                "5W": 0
                        },
                        {
                                "Bowling": "2017",
                                "Mat": 13,
                                "Balls": 288,
                                "Runs": 398,
                                "WKTS": 17,
                                "BBM": "4/20",
                                "Ave": 23.41,
                                "Econ": 8.29,
                                "SR": 16.94,
                                "4W": 1,
                                "5W": 0
                        },
                        {
                                "Bowling": "2016",
                                "Mat": 14,
                                "Balls": 300,
                                "Runs": 366,
                                "WKTS": 15,
                                "BBM": "2/11",
                                "Ave": 24.4,
                                "Econ": 7.32,
                                "SR": 20.0,
                                "4W": 0,
                                "5W": 0
                        },
                        {
                                "Bowling": "2015",
                                "Mat": 14,
                                "Balls": 300,
                                "Runs": 350,
                                "WKTS": 13,
                                "BBM": "4/25",
                                "Ave": 26.92,
                                "Econ": 7.0,
                                "SR": 23.07,
                                "4W": 1,
                                "5W": 0
                        },
                        {
                                "Bowling": "2014",
                                "Mat": 11,
                                "Balls": 241,
                                "Runs": 354,
                                "WKTS": 18,
                                "BBM": "3/15",
                                "Ave": 19.66,
                                "Econ": 8.81,
                                "SR": 13.38,
                                "4W": 0,
                                "5W": 0
                        },
                        {
                                "Bowling": "2013",
                                "Mat": 4,
                                "Balls": 96,
                                "Runs": 119,
                                "WKTS": 8,
                                "BBM": "3/21",
                                "Ave": 14.87,
                                "Econ": 7.43,
                                "SR": 12.0,
                                "4W": 0,
                                "5W": 0
                        }
                ]
        }
}