{
        "Sanju Samson": {
                "team_name": "rajasthan-royals",
                "stats": {
                        "Matches": "12",
                        "Runs": "342",
                        "Wickets": "0"
                },
                "details": {
                        "Role": "",
                        "Batting Style": "Right-handed",
                        "Bowling Style": "",
                        "Nationality": "Indian",
                        "Nickname": "",
                        "DOB": "11 November 1994",
                        "IPL Debut": ""
                },
                "Batting and Fielding": [
                        {
                                "Batting and Fielding": "Career",
                                "Mat": 93,
                                "No": 9,
                                "Runs": 2209,
                                "HS": "102",
                                "Ave": 27.61,
                                "BF": 1696,
                                "SR": 130.24,
                                "100": 2,
                                "50": 10,
                                "4s": 170,
                                "6s": 89,
                                "CT": 43,
                                "ST": 4
                        },
                        {
                                "Batting and Fielding": "2019",
                                "Mat": 12,
                                "No": 2,
                                "Runs": 342,
                                "HS": "102",
                                "Ave": 34.2,
                                "BF": 230,
                                "SR": 148.69,
                                "100": 1,
                                "50": 0,
                                "4s": 28,
                                "6s": 13,
                                "CT": 4,
                                "ST": 1
                        },
                        {
                                "Batting and Fielding": "2018",
                                "Mat": 15,
                                "No": 1,
                                "Runs": 441,
                                "HS": "92",
                                "Ave": 31.5,
                                "BF": 320,
                                "SR": 137.81,
                                "100": 0,
                                "50": 3,
                                "4s": 30,
                                "6s": 19,
                                "CT": 5,
                                "ST": 0
                        },
                        {
                                "Batting and Fielding": "2017",
                                "Mat": 14,
                                "No": 0,
                                "Runs": 386,
                                "HS": "102",
                                "Ave": 27.57,
                                "BF": 273,
                                "SR": 141.39,
                                "100": 1,
                                "50": 2,
                                "4s": 32,
                                "6s": 19,
                                "CT": 4,
                                "ST": 0
                        },
                        {
                                "Batting and Fielding": "2016",
                                "Mat": 14,
                                "No": 3,
                                "Runs": 291,
                                "HS": "60",
                                "Ave": 26.45,
                                "BF": 259,
                                "SR": 112.35,
                                "100": 0,
                                "50": 1,
                                "4s": 20,
                                "6s": 8,
                                "CT": 3,
                                "ST": 1
                        },
                        {
                                "Batting and Fielding": "2015",
                                "Mat": 14,
                                "No": 1,
                                "Runs": 204,
                                "HS": "76",
                                "Ave": 20.4,
                                "BF": 163,
                                "SR": 125.15,
                                "100": 0,
                                "50": 1,
                                "4s": 16,
                                "6s": 8,
                                "CT": 9,
                                "ST": 0
                        },
                        {
                                "Batting and Fielding": "2014",
                                "Mat": 13,
                                "No": 0,
                                "Runs": 339,
                                "HS": "74",
                                "Ave": 26.07,
                                "BF": 273,
                                "SR": 124.17,
                                "100": 0,
                                "50": 2,
                                "4s": 25,
                                "6s": 17,
                                "CT": 5,
                                "ST": 2
                        },
                        {
                                "Batting and Fielding": "2013",
                                "Mat": 11,
                                "No": 2,
                                "Runs": 206,
                                "HS": "63",
                                "Ave": 25.75,
                                "BF": 178,
                                "SR": 115.73,
                                "100": 0,
                                "50": 1,
                                "4s": 19,
                                "6s": 5,
                                "CT": 13,
                                "ST": 0
                        }
                ],
                "Bowling": [
                        {
                                "Bowling": "Career",
                                "Mat": 93,
                                "Balls": 0,
                                "Runs": 0,
                                "WKTS": 0,
                                "BBM": "0/0",
                                "Ave": "-",
                                "Econ": "-",
                                "SR": "-",
                                "4W": 0,
                                "5W": 0
                        },
                        {
                                "Bowling": "2019",
                                "Mat": 12,
                                "Balls": 0,
                                "Runs": 0,
                                "WKTS": 0,
                                "BBM": "0/0",
                                "Ave": "-",
                                "Econ": "-",
                                "SR": "-",
                                "4W": 0,
                                "5W": 0
                        },
                        {
                                "Bowling": "2018",
                                "Mat": 15,
                                "Balls": 0,
                                "Runs": 0,
                                "WKTS": 0,
                                "BBM": "0/0",
                                "Ave": "-",
                                "Econ": "-",
                                "SR": "-",
                                "4W": 0,
                                "5W": 0
                        },
                        {
                                "Bowling": "2017",
                                "Mat": 14,
                                "Balls": 0,
                                "Runs": 0,
                                "WKTS": 0,
                                "BBM": "0/0",
                                "Ave": "-",
                                "Econ": "-",
                                "SR": "-",
                                "4W": 0,
                                "5W": 0
                        },
                        {
                                "Bowling": "2016",
                                "Mat": 14,
                                "Balls": 0,
                                "Runs": 0,
                                "WKTS": 0,
                                "BBM": "0/0",
                                "Ave": "-",
                                "Econ": "-",
                                "SR": "-",
                                "4W": 0,
                                "5W": 0
                        },
                        {
                                "Bowling": "2015",
                                "Mat": 14,
                                "Balls": 0,
                                "Runs": 0,
                                "WKTS": 0,
                                "BBM": "0/0",
                                "Ave": "-",
                                "Econ": "-",
                                "SR": "-",
                                "4W": 0,
                                "5W": 0
                        },
                        {
                                "Bowling": "2014",
                                "Mat": 13,
                                "Balls": 0,
                                "Runs": 0,
                                "WKTS": 0,
                                "BBM": "0/0",
                                "Ave": "-",
                                "Econ": "-",
                                "SR": "-",
                                "4W": 0,
                                "5W": 0
                        },
                        {
                                "Bowling": "2013",
                                "Mat": 11,
                                "Balls": 0,
                                "Runs": 0,
                                "WKTS": 0,
                                "BBM": "0/0",
                                "Ave": "-",
                                "Econ": "-",
                                "SR": "-",
                                "4W": 0,
                                "5W": 0
                        }
                ]
        }
}