{
        "Saurabh Tiwary": {
                "team_name": "mumbai-indians",
                "stats": {
                        "Matches": "0",
                        "Runs": "0",
                        "Wickets": "0"
                },
                "details": {
                        "Role": "",
                        "Batting Style": "Left-handed",
                        "Bowling Style": "",
                        "Nationality": "Indian",
                        "Nickname": "",
                        "DOB": "30 December 1989",
                        "IPL Debut": ""
                },
                "Batting and Fielding": [
                        {
                                "Batting and Fielding": "Career",
                                "Mat": 81,
                                "No": 19,
                                "Runs": 1276,
                                "HS": "61",
                                "Ave": "28.35",
                                "BF": 1067,
                                "SR": 119.58,
                                "100": 0,
                                "50": 7,
                                "4s": 93,
                                "6s": 45,
                                "CT": 23,
                                "ST": 0
                        },
                        {
                                "Batting and Fielding": "2017",
                                "Mat": 1,
                                "No": 0,
                                "Runs": 52,
                                "HS": "52",
                                "Ave": "52.00",
                                "BF": 43,
                                "SR": 120.93,
                                "100": 0,
                                "50": 1,
                                "4s": 9,
                                "6s": 0,
                                "CT": 0,
                                "ST": 0
                        },
                        {
                                "Batting and Fielding": "2016",
                                "Mat": 10,
                                "No": 0,
                                "Runs": 170,
                                "HS": "57",
                                "Ave": "24.28",
                                "BF": 141,
                                "SR": 120.56,
                                "100": 0,
                                "50": 2,
                                "4s": 17,
                                "6s": 4,
                                "CT": 4,
                                "ST": 0
                        },
                        {
                                "Batting and Fielding": "2015",
                                "Mat": 7,
                                "No": 6,
                                "Runs": 109,
                                "HS": "28",
                                "Ave": "-",
                                "BF": 78,
                                "SR": 139.74,
                                "100": 0,
                                "50": 0,
                                "4s": 9,
                                "6s": 5,
                                "CT": 5,
                                "ST": 0
                        },
                        {
                                "Batting and Fielding": "2013",
                                "Mat": 9,
                                "No": 2,
                                "Runs": 109,
                                "HS": "52",
                                "Ave": "27.25",
                                "BF": 106,
                                "SR": 102.83,
                                "100": 0,
                                "50": 1,
                                "4s": 4,
                                "6s": 4,
                                "CT": 2,
                                "ST": 0
                        },
                        {
                                "Batting and Fielding": "2012",
                                "Mat": 15,
                                "No": 3,
                                "Runs": 191,
                                "HS": "36",
                                "Ave": "23.87",
                                "BF": 170,
                                "SR": 112.35,
                                "100": 0,
                                "50": 0,
                                "4s": 9,
                                "6s": 8,
                                "CT": 3,
                                "ST": 0
                        },
                        {
                                "Batting and Fielding": "2011",
                                "Mat": 16,
                                "No": 5,
                                "Runs": 187,
                                "HS": "42",
                                "Ave": "23.37",
                                "BF": 188,
                                "SR": 99.46,
                                "100": 0,
                                "50": 0,
                                "4s": 13,
                                "6s": 5,
                                "CT": 5,
                                "ST": 0
                        },
                        {
                                "Batting and Fielding": "2010",
                                "Mat": 16,
                                "No": 1,
                                "Runs": 419,
                                "HS": "61",
                                "Ave": "29.92",
                                "BF": 309,
                                "SR": 135.59,
                                "100": 0,
                                "50": 3,
                                "4s": 29,
                                "6s": 18,
                                "CT": 3,
                                "ST": 0
                        },
                        {
                                "Batting and Fielding": "2009",
                                "Mat": 4,
                                "No": 2,
                                "Runs": 13,
                                "HS": "6",
                                "Ave": "13.00",
                                "BF": 12,
                                "SR": 108.33,
                                "100": 0,
                                "50": 0,
                                "4s": 0,
                                "6s": 0,
                                "CT": 0,
                                "ST": 0
                        },
                        {
                                "Batting and Fielding": "2008",
                                "Mat": 3,
                                "No": 0,
                                "Runs": 26,
                                "HS": "17",
                                "Ave": "13.00",
                                "BF": 20,
                                "SR": 130.0,
                                "100": 0,
                                "50": 0,
                                "4s": 3,
                                "6s": 1,
                                "CT": 1,
                                "ST": 0
                        }
                ],
                "Bowling": [
                        {
                                "Bowling": "Career",
                                "Mat": 81,
                                "Balls": 0,
                                "Runs": 0,
                                "WKTS": 0,
                                "BBM": "0/0",
                                "Ave": "-",
                                "Econ": "-",
                                "SR": "-",
                                "4W": 0,
                                "5W": 0
                        },
                        {
                                "Bowling": "2017",
                                "Mat": 1,
                                "Balls": 0,
                                "Runs": 0,
                                "WKTS": 0,
                                "BBM": "0/0",
                                "Ave": "-",
                                "Econ": "-",
                                "SR": "-",
                                "4W": 0,
                                "5W": 0
                        },
                        {
                                "Bowling": "2016",
                                "Mat": 10,
                                "Balls": 0,
                                "Runs": 0,
                                "WKTS": 0,
                                "BBM": "0/0",
                                "Ave": "-",
                                "Econ": "-",
                                "SR": "-",
                                "4W": 0,
                                "5W": 0
                        },
                        {
                                "Bowling": "2015",
                                "Mat": 7,
                                "Balls": 0,
                                "Runs": 0,
                                "WKTS": 0,
                                "BBM": "0/0",
                                "Ave": "-",
                                "Econ": "-",
                                "SR": "-",
                                "4W": 0,
                                "5W": 0
                        },
                        {
                                "Bowling": "2013",
                                "Mat": 9,
                                "Balls": 0,
                                "Runs": 0,
                                "WKTS": 0,
                                "BBM": "0/0",
                                "Ave": "-",
                                "Econ": "-",
                                "SR": "-",
                                "4W": 0,
                                "5W": 0
                        },
                        {
                                "Bowling": "2012",
                                "Mat": 15,
                                "Balls": 0,
                                "Runs": 0,
                                "WKTS": 0,
                                "BBM": "0/0",
                                "Ave": "-",
                                "Econ": "-",
                                "SR": "-",
                                "4W": 0,
                                "5W": 0
                        },
                        {
                                "Bowling": "2011",
                                "Mat": 16,
                                "Balls": 0,
                                "Runs": 0,
                                "WKTS": 0,
                                "BBM": "0/0",
                                "Ave": "-",
                                "Econ": "-",
                                "SR": "-",
                                "4W": 0,
                                "5W": 0
                        },
                        {
                                "Bowling": "2010",
                                "Mat": 16,
                                "Balls": 0,
                                "Runs": 0,
                                "WKTS": 0,
                                "BBM": "0/0",
                                "Ave": "-",
                                "Econ": "-",
                                "SR": "-",
                                "4W": 0,
                                "5W": 0
                        },
                        {
                                "Bowling": "2009",
                                "Mat": 4,
                                "Balls": 0,
                                "Runs": 0,
                                "WKTS": 0,
                                "BBM": "0/0",
                                "Ave": "-",
                                "Econ": "-",
                                "SR": "-",
                                "4W": 0,
                                "5W": 0
                        },
                        {
                                "Bowling": "2008",
                                "Mat": 3,
                                "Balls": 0,
                                "Runs": 0,
                                "WKTS": 0,
                                "BBM": "0/0",
                                "Ave": "-",
                                "Econ": "-",
                                "SR": "-",
                                "4W": 0,
                                "5W": 0
                        }
                ]
        }
}