{
        "Shahbaz Nadeem": {
                "team_name": "sunrisers-hyderabad",
                "stats": {
                        "Matches": "3",
                        "Runs": "0",
                        "Wickets": "2"
                },
                "details": {
                        "Role": "",
                        "Batting Style": "Right-handed",
                        "Bowling Style": "",
                        "Nationality": "Indian",
                        "Nickname": "",
                        "DOB": "12 August 1989",
                        "IPL Debut": ""
                },
                "Batting and Fielding": [
                        {
                                "Batting and Fielding": "Career",
                                "Mat": 64,
                                "No": 7,
                                "Runs": 32,
                                "HS": "6",
                                "Ave": "2.66",
                                "BF": 78,
                                "SR": "41.02",
                                "100": 0,
                                "50": 0,
                                "4s": 1,
                                "6s": 0,
                                "CT": 14,
                                "ST": 0
                        },
                        {
                                "Batting and Fielding": "2019",
                                "Mat": 3,
                                "No": 0,
                                "Runs": 0,
                                "HS": "0",
                                "Ave": "-",
                                "BF": 0,
                                "SR": "-",
                                "100": 0,
                                "50": 0,
                                "4s": 0,
                                "6s": 0,
                                "CT": 0,
                                "ST": 0
                        },
                        {
                                "Batting and Fielding": "2018",
                                "Mat": 6,
                                "No": 1,
                                "Runs": 6,
                                "HS": "6",
                                "Ave": "-",
                                "BF": 8,
                                "SR": "75.00",
                                "100": 0,
                                "50": 0,
                                "4s": 0,
                                "6s": 0,
                                "CT": 1,
                                "ST": 0
                        },
                        {
                                "Batting and Fielding": "2017",
                                "Mat": 7,
                                "No": 1,
                                "Runs": 2,
                                "HS": "2",
                                "Ave": "0.66",
                                "BF": 9,
                                "SR": "22.22",
                                "100": 0,
                                "50": 0,
                                "4s": 0,
                                "6s": 0,
                                "CT": 2,
                                "ST": 0
                        },
                        {
                                "Batting and Fielding": "2016",
                                "Mat": 4,
                                "No": 1,
                                "Runs": 1,
                                "HS": "1",
                                "Ave": "-",
                                "BF": 5,
                                "SR": "20.00",
                                "100": 0,
                                "50": 0,
                                "4s": 0,
                                "6s": 0,
                                "CT": 0,
                                "ST": 0
                        },
                        {
                                "Batting and Fielding": "2015",
                                "Mat": 4,
                                "No": 0,
                                "Runs": 2,
                                "HS": "2",
                                "Ave": "2.00",
                                "BF": 7,
                                "SR": "28.57",
                                "100": 0,
                                "50": 0,
                                "4s": 0,
                                "6s": 0,
                                "CT": 3,
                                "ST": 0
                        },
                        {
                                "Batting and Fielding": "2014",
                                "Mat": 11,
                                "No": 1,
                                "Runs": 7,
                                "HS": "3",
                                "Ave": "3.50",
                                "BF": 19,
                                "SR": "36.84",
                                "100": 0,
                                "50": 0,
                                "4s": 0,
                                "6s": 0,
                                "CT": 0,
                                "ST": 0
                        },
                        {
                                "Batting and Fielding": "2013",
                                "Mat": 12,
                                "No": 1,
                                "Runs": 14,
                                "HS": "6",
                                "Ave": "2.80",
                                "BF": 27,
                                "SR": "51.85",
                                "100": 0,
                                "50": 0,
                                "4s": 1,
                                "6s": 0,
                                "CT": 5,
                                "ST": 0
                        },
                        {
                                "Batting and Fielding": "2012",
                                "Mat": 12,
                                "No": 1,
                                "Runs": 0,
                                "HS": "0",
                                "Ave": "-",
                                "BF": 2,
                                "SR": "0.00",
                                "100": 0,
                                "50": 0,
                                "4s": 0,
                                "6s": 0,
                                "CT": 3,
                                "ST": 0
                        },
                        {
                                "Batting and Fielding": "2011",
                                "Mat": 5,
                                "No": 1,
                                "Runs": 0,
                                "HS": "0",
                                "Ave": "0.00",
                                "BF": 1,
                                "SR": "0.00",
                                "100": 0,
                                "50": 0,
                                "4s": 0,
                                "6s": 0,
                                "CT": 0,
                                "ST": 0
                        }
                ],
                "Bowling": [
                        {
                                "Bowling": "Career",
                                "Mat": 64,
                                "Balls": 1259,
                                "Runs": 1570,
                                "WKTS": 42,
                                "BBM": "3/16",
                                "Ave": "37.38",
                                "Econ": 7.48,
                                "SR": "29.97",
                                "4W": 0,
                                "5W": 0
                        },
                        {
                                "Bowling": "2019",
                                "Mat": 3,
                                "Balls": 54,
                                "Runs": 90,
                                "WKTS": 2,
                                "BBM": "1/24",
                                "Ave": "45.00",
                                "Econ": 10.0,
                                "SR": "27.00",
                                "4W": 0,
                                "5W": 0
                        },
                        {
                                "Bowling": "2018",
                                "Mat": 6,
                                "Balls": 90,
                                "Runs": 161,
                                "WKTS": 3,
                                "BBM": "2/34",
                                "Ave": "53.66",
                                "Econ": 10.73,
                                "SR": "30.00",
                                "4W": 0,
                                "5W": 0
                        },
                        {
                                "Bowling": "2017",
                                "Mat": 7,
                                "Balls": 107,
                                "Runs": 119,
                                "WKTS": 6,
                                "BBM": "2/13",
                                "Ave": "19.83",
                                "Econ": 6.67,
                                "SR": "17.83",
                                "4W": 0,
                                "5W": 0
                        },
                        {
                                "Bowling": "2016",
                                "Mat": 4,
                                "Balls": 90,
                                "Runs": 127,
                                "WKTS": 2,
                                "BBM": "2/23",
                                "Ave": "63.50",
                                "Econ": 8.46,
                                "SR": "45.00",
                                "4W": 0,
                                "5W": 0
                        },
                        {
                                "Bowling": "2015",
                                "Mat": 4,
                                "Balls": 42,
                                "Runs": 43,
                                "WKTS": 0,
                                "BBM": "0/0",
                                "Ave": "-",
                                "Econ": 6.14,
                                "SR": "-",
                                "4W": 0,
                                "5W": 0
                        },
                        {
                                "Bowling": "2014",
                                "Mat": 11,
                                "Balls": 228,
                                "Runs": 311,
                                "WKTS": 8,
                                "BBM": "2/35",
                                "Ave": "38.87",
                                "Econ": 8.18,
                                "SR": "28.50",
                                "4W": 0,
                                "5W": 0
                        },
                        {
                                "Bowling": "2013",
                                "Mat": 12,
                                "Balls": 264,
                                "Runs": 259,
                                "WKTS": 9,
                                "BBM": "2/17",
                                "Ave": "28.77",
                                "Econ": 5.88,
                                "SR": "29.33",
                                "4W": 0,
                                "5W": 0
                        },
                        {
                                "Bowling": "2012",
                                "Mat": 12,
                                "Balls": 270,
                                "Runs": 318,
                                "WKTS": 8,
                                "BBM": "3/16",
                                "Ave": "39.75",
                                "Econ": 7.06,
                                "SR": "33.75",
                                "4W": 0,
                                "5W": 0
                        },
                        {
                                "Bowling": "2011",
                                "Mat": 5,
                                "Balls": 114,
                                "Runs": 142,
                                "WKTS": 4,
                                "BBM": "2/39",
                                "Ave": "35.50",
                                "Econ": 7.47,
                                "SR": "28.50",
                                "4W": 0,
                                "5W": 0
                        }
                ]
        }
}