{
        "Shane Watson": {
                "team_name": "chennai-super-kings",
                "stats": {
                        "Matches": "17",
                        "Runs": "398",
                        "Wickets": "0"
                },
                "details": {
                        "Role": "",
                        "Batting Style": "Right-handed",
                        "Bowling Style": "",
                        "Nationality": "Australian",
                        "Nickname": "",
                        "DOB": "17 June 1981",
                        "IPL Debut": ""
                },
                "Batting and Fielding": [
                        {
                                "Batting and Fielding": "Career",
                                "Mat": 134,
                                "No": 15,
                                "Runs": 3575,
                                "HS": "117",
                                "Ave": 31.08,
                                "BF": 2562,
                                "SR": 139.53,
                                "100": 4,
                                "50": 19,
                                "4s": 343,
                                "6s": 177,
                                "CT": 38,
                                "ST": 0
                        },
                        {
                                "Batting and Fielding": "2019",
                                "Mat": 17,
                                "No": 0,
                                "Runs": 398,
                                "HS": "96",
                                "Ave": 23.41,
                                "BF": 312,
                                "SR": 127.56,
                                "100": 0,
                                "50": 3,
                                "4s": 42,
                                "6s": 20,
                                "CT": 6,
                                "ST": 0
                        },
                        {
                                "Batting and Fielding": "2018",
                                "Mat": 15,
                                "No": 1,
                                "Runs": 555,
                                "HS": "117",
                                "Ave": 39.64,
                                "BF": 359,
                                "SR": 154.59,
                                "100": 2,
                                "50": 2,
                                "4s": 44,
                                "6s": 35,
                                "CT": 3,
                                "ST": 0
                        },
                        {
                                "Batting and Fielding": "2017",
                                "Mat": 8,
                                "No": 1,
                                "Runs": 71,
                                "HS": "24",
                                "Ave": 11.83,
                                "BF": 78,
                                "SR": 91.02,
                                "100": 0,
                                "50": 0,
                                "4s": 6,
                                "6s": 1,
                                "CT": 2,
                                "ST": 0
                        },
                        {
                                "Batting and Fielding": "2016",
                                "Mat": 16,
                                "No": 2,
                                "Runs": 179,
                                "HS": "36",
                                "Ave": 13.76,
                                "BF": 134,
                                "SR": 133.58,
                                "100": 0,
                                "50": 0,
                                "4s": 14,
                                "6s": 12,
                                "CT": 6,
                                "ST": 0
                        },
                        {
                                "Batting and Fielding": "2015",
                                "Mat": 10,
                                "No": 1,
                                "Runs": 347,
                                "HS": "104",
                                "Ave": 43.37,
                                "BF": 257,
                                "SR": 135.01,
                                "100": 1,
                                "50": 1,
                                "4s": 37,
                                "6s": 14,
                                "CT": 1,
                                "ST": 0
                        },
                        {
                                "Batting and Fielding": "2014",
                                "Mat": 13,
                                "No": 1,
                                "Runs": 240,
                                "HS": "51",
                                "Ave": 20.0,
                                "BF": 196,
                                "SR": 122.44,
                                "100": 0,
                                "50": 2,
                                "4s": 19,
                                "6s": 14,
                                "CT": 3,
                                "ST": 0
                        },
                        {
                                "Batting and Fielding": "2013",
                                "Mat": 16,
                                "No": 2,
                                "Runs": 543,
                                "HS": "101",
                                "Ave": 38.78,
                                "BF": 380,
                                "SR": 142.89,
                                "100": 1,
                                "50": 2,
                                "4s": 59,
                                "6s": 22,
                                "CT": 6,
                                "ST": 0
                        },
                        {
                                "Batting and Fielding": "2012",
                                "Mat": 7,
                                "No": 1,
                                "Runs": 255,
                                "HS": "90",
                                "Ave": 42.5,
                                "BF": 168,
                                "SR": 151.78,
                                "100": 0,
                                "50": 2,
                                "4s": 26,
                                "6s": 14,
                                "CT": 2,
                                "ST": 0
                        },
                        {
                                "Batting and Fielding": "2011",
                                "Mat": 11,
                                "No": 1,
                                "Runs": 330,
                                "HS": "89",
                                "Ave": 33.0,
                                "BF": 253,
                                "SR": 130.43,
                                "100": 0,
                                "50": 1,
                                "4s": 31,
                                "6s": 17,
                                "CT": 4,
                                "ST": 0
                        },
                        {
                                "Batting and Fielding": "2010",
                                "Mat": 6,
                                "No": 0,
                                "Runs": 185,
                                "HS": "60",
                                "Ave": 37.0,
                                "BF": 114,
                                "SR": 162.28,
                                "100": 0,
                                "50": 2,
                                "4s": 18,
                                "6s": 9,
                                "CT": 3,
                                "ST": 0
                        },
                        {
                                "Batting and Fielding": "2008",
                                "Mat": 15,
                                "No": 5,
                                "Runs": 472,
                                "HS": "76",
                                "Ave": 47.2,
                                "BF": 311,
                                "SR": 151.76,
                                "100": 0,
                                "50": 4,
                                "4s": 47,
                                "6s": 19,
                                "CT": 2,
                                "ST": 0
                        }
                ],
                "Bowling": [
                        {
                                "Bowling": "Career",
                                "Mat": 134,
                                "Balls": 2029,
                                "Runs": 2682,
                                "WKTS": 92,
                                "BBM": "4/29",
                                "Ave": "29.15",
                                "Econ": "7.93",
                                "SR": "22.05",
                                "4W": 1,
                                "5W": 0
                        },
                        {
                                "Bowling": "2019",
                                "Mat": 17,
                                "Balls": 0,
                                "Runs": 0,
                                "WKTS": 0,
                                "BBM": "0/0",
                                "Ave": "-",
                                "Econ": "-",
                                "SR": "-",
                                "4W": 0,
                                "5W": 0
                        },
                        {
                                "Bowling": "2018",
                                "Mat": 15,
                                "Balls": 168,
                                "Runs": 251,
                                "WKTS": 6,
                                "BBM": "2/29",
                                "Ave": "41.83",
                                "Econ": "8.96",
                                "SR": "28.00",
                                "4W": 0,
                                "5W": 0
                        },
                        {
                                "Bowling": "2017",
                                "Mat": 8,
                                "Balls": 161,
                                "Runs": 245,
                                "WKTS": 5,
                                "BBM": "1/16",
                                "Ave": "49.00",
                                "Econ": "9.13",
                                "SR": "32.20",
                                "4W": 0,
                                "5W": 0
                        },
                        {
                                "Bowling": "2016",
                                "Mat": 16,
                                "Balls": 339,
                                "Runs": 485,
                                "WKTS": 20,
                                "BBM": "4/29",
                                "Ave": "24.25",
                                "Econ": "8.58",
                                "SR": "16.95",
                                "4W": 1,
                                "5W": 0
                        },
                        {
                                "Bowling": "2015",
                                "Mat": 10,
                                "Balls": 174,
                                "Runs": 269,
                                "WKTS": 6,
                                "BBM": "2/36",
                                "Ave": "44.83",
                                "Econ": "9.27",
                                "SR": "29.00",
                                "4W": 0,
                                "5W": 0
                        },
                        {
                                "Bowling": "2014",
                                "Mat": 13,
                                "Balls": 126,
                                "Runs": 165,
                                "WKTS": 7,
                                "BBM": "3/13",
                                "Ave": "23.57",
                                "Econ": "7.85",
                                "SR": "18.00",
                                "4W": 0,
                                "5W": 0
                        },
                        {
                                "Bowling": "2013",
                                "Mat": 16,
                                "Balls": 250,
                                "Runs": 298,
                                "WKTS": 13,
                                "BBM": "3/22",
                                "Ave": "22.92",
                                "Econ": "7.15",
                                "SR": "19.23",
                                "4W": 0,
                                "5W": 0
                        },
                        {
                                "Bowling": "2012",
                                "Mat": 7,
                                "Balls": 138,
                                "Runs": 161,
                                "WKTS": 6,
                                "BBM": "2/19",
                                "Ave": "26.83",
                                "Econ": "7.00",
                                "SR": "23.00",
                                "4W": 0,
                                "5W": 0
                        },
                        {
                                "Bowling": "2011",
                                "Mat": 11,
                                "Balls": 216,
                                "Runs": 241,
                                "WKTS": 6,
                                "BBM": "3/19",
                                "Ave": "40.16",
                                "Econ": "6.69",
                                "SR": "36.00",
                                "4W": 0,
                                "5W": 0
                        },
                        {
                                "Bowling": "2010",
                                "Mat": 6,
                                "Balls": 132,
                                "Runs": 184,
                                "WKTS": 6,
                                "BBM": "3/37",
                                "Ave": "30.66",
                                "Econ": "8.36",
                                "SR": "22.00",
                                "4W": 0,
                                "5W": 0
                        },
                        {
                                "Bowling": "2008",
                                "Mat": 15,
                                "Balls": 325,
                                "Runs": 383,
                                "WKTS": 17,
                                "BBM": "3/10",
                                "Ave": "22.52",
                                "Econ": "7.07",
                                "SR": "19.11",
                                "4W": 0,
                                "5W": 0
                        }
                ]
        }
}