{
        "Shikhar Dhawan": {
                "team_name": "delhi-capitals",
                "stats": {
                        "Matches": "16",
                        "Runs": "521",
                        "Wickets": "0"
                },
                "details": {
                        "Role": "",
                        "Batting Style": "Left-handed",
                        "Bowling Style": "",
                        "Nationality": "Indian",
                        "Nickname": "",
                        "DOB": "05 December 1985",
                        "IPL Debut": ""
                },
                "Batting and Fielding": [
                        {
                                "Batting and Fielding": "Career",
                                "Mat": 159,
                                "No": 21,
                                "Runs": 4579,
                                "HS": "97",
                                "Ave": 33.42,
                                "BF": 3669,
                                "SR": 124.8,
                                "100": 0,
                                "50": 37,
                                "4s": 524,
                                "6s": 96,
                                "CT": 69,
                                "ST": 0
                        },
                        {
                                "Batting and Fielding": "2019",
                                "Mat": 16,
                                "No": 1,
                                "Runs": 521,
                                "HS": "97",
                                "Ave": 34.73,
                                "BF": 384,
                                "SR": 135.67,
                                "100": 0,
                                "50": 5,
                                "4s": 64,
                                "6s": 11,
                                "CT": 5,
                                "ST": 0
                        },
                        {
                                "Batting and Fielding": "2018",
                                "Mat": 16,
                                "No": 3,
                                "Runs": 497,
                                "HS": "92",
                                "Ave": 38.23,
                                "BF": 363,
                                "SR": 136.91,
                                "100": 0,
                                "50": 4,
                                "4s": 59,
                                "6s": 14,
                                "CT": 12,
                                "ST": 0
                        },
                        {
                                "Batting and Fielding": "2017",
                                "Mat": 14,
                                "No": 1,
                                "Runs": 479,
                                "HS": "77",
                                "Ave": 36.84,
                                "BF": 376,
                                "SR": 127.39,
                                "100": 0,
                                "50": 3,
                                "4s": 53,
                                "6s": 9,
                                "CT": 7,
                                "ST": 0
                        },
                        {
                                "Batting and Fielding": "2016",
                                "Mat": 17,
                                "No": 4,
                                "Runs": 501,
                                "HS": "82",
                                "Ave": 38.53,
                                "BF": 429,
                                "SR": 116.78,
                                "100": 0,
                                "50": 4,
                                "4s": 51,
                                "6s": 8,
                                "CT": 5,
                                "ST": 0
                        },
                        {
                                "Batting and Fielding": "2015",
                                "Mat": 14,
                                "No": 1,
                                "Runs": 353,
                                "HS": "54",
                                "Ave": 27.15,
                                "BF": 286,
                                "SR": 123.42,
                                "100": 0,
                                "50": 3,
                                "4s": 45,
                                "6s": 6,
                                "CT": 6,
                                "ST": 0
                        },
                        {
                                "Batting and Fielding": "2014",
                                "Mat": 14,
                                "No": 1,
                                "Runs": 377,
                                "HS": "64",
                                "Ave": 29.0,
                                "BF": 319,
                                "SR": 118.18,
                                "100": 0,
                                "50": 2,
                                "4s": 49,
                                "6s": 7,
                                "CT": 5,
                                "ST": 0
                        },
                        {
                                "Batting and Fielding": "2013",
                                "Mat": 10,
                                "No": 2,
                                "Runs": 311,
                                "HS": "73",
                                "Ave": 38.87,
                                "BF": 253,
                                "SR": 122.92,
                                "100": 0,
                                "50": 3,
                                "4s": 37,
                                "6s": 5,
                                "CT": 3,
                                "ST": 0
                        },
                        {
                                "Batting and Fielding": "2012",
                                "Mat": 15,
                                "No": 1,
                                "Runs": 569,
                                "HS": "84",
                                "Ave": 40.64,
                                "BF": 439,
                                "SR": 129.61,
                                "100": 0,
                                "50": 5,
                                "4s": 58,
                                "6s": 18,
                                "CT": 5,
                                "ST": 0
                        },
                        {
                                "Batting and Fielding": "2011",
                                "Mat": 14,
                                "No": 2,
                                "Runs": 400,
                                "HS": "95",
                                "Ave": 33.33,
                                "BF": 310,
                                "SR": 129.03,
                                "100": 0,
                                "50": 2,
                                "4s": 47,
                                "6s": 7,
                                "CT": 6,
                                "ST": 0
                        },
                        {
                                "Batting and Fielding": "2010",
                                "Mat": 10,
                                "No": 0,
                                "Runs": 191,
                                "HS": "56",
                                "Ave": 19.1,
                                "BF": 170,
                                "SR": 112.35,
                                "100": 0,
                                "50": 2,
                                "4s": 23,
                                "6s": 3,
                                "CT": 5,
                                "ST": 0
                        },
                        {
                                "Batting and Fielding": "2009",
                                "Mat": 5,
                                "No": 0,
                                "Runs": 40,
                                "HS": "22",
                                "Ave": 10.0,
                                "BF": 45,
                                "SR": 88.88,
                                "100": 0,
                                "50": 0,
                                "4s": 3,
                                "6s": 0,
                                "CT": 2,
                                "ST": 0
                        },
                        {
                                "Batting and Fielding": "2008",
                                "Mat": 14,
                                "No": 5,
                                "Runs": 340,
                                "HS": "68",
                                "Ave": 37.77,
                                "BF": 295,
                                "SR": 115.25,
                                "100": 0,
                                "50": 4,
                                "4s": 35,
                                "6s": 8,
                                "CT": 8,
                                "ST": 0
                        }
                ],
                "Bowling": [
                        {
                                "Bowling": "Career",
                                "Mat": 159,
                                "Balls": 48,
                                "Runs": 66,
                                "WKTS": 4,
                                "BBM": "1/7",
                                "Ave": "16.50",
                                "Econ": "8.25",
                                "SR": "12.00",
                                "4W": 0,
                                "5W": 0
                        },
                        {
                                "Bowling": "2019",
                                "Mat": 16,
                                "Balls": 0,
                                "Runs": 0,
                                "WKTS": 0,
                                "BBM": "0/0",
                                "Ave": "-",
                                "Econ": "-",
                                "SR": "-",
                                "4W": 0,
                                "5W": 0
                        },
                        {
                                "Bowling": "2018",
                                "Mat": 16,
                                "Balls": 0,
                                "Runs": 0,
                                "WKTS": 0,
                                "BBM": "0/0",
                                "Ave": "-",
                                "Econ": "-",
                                "SR": "-",
                                "4W": 0,
                                "5W": 0
                        },
                        {
                                "Bowling": "2017",
                                "Mat": 14,
                                "Balls": 0,
                                "Runs": 0,
                                "WKTS": 0,
                                "BBM": "0/0",
                                "Ave": "-",
                                "Econ": "-",
                                "SR": "-",
                                "4W": 0,
                                "5W": 0
                        },
                        {
                                "Bowling": "2016",
                                "Mat": 17,
                                "Balls": 0,
                                "Runs": 0,
                                "WKTS": 0,
                                "BBM": "0/0",
                                "Ave": "-",
                                "Econ": "-",
                                "SR": "-",
                                "4W": 0,
                                "5W": 0
                        },
                        {
                                "Bowling": "2015",
                                "Mat": 14,
                                "Balls": 0,
                                "Runs": 0,
                                "WKTS": 0,
                                "BBM": "0/0",
                                "Ave": "-",
                                "Econ": "-",
                                "SR": "-",
                                "4W": 0,
                                "5W": 0
                        },
                        {
                                "Bowling": "2014",
                                "Mat": 14,
                                "Balls": 0,
                                "Runs": 0,
                                "WKTS": 0,
                                "BBM": "0/0",
                                "Ave": "-",
                                "Econ": "-",
                                "SR": "-",
                                "4W": 0,
                                "5W": 0
                        },
                        {
                                "Bowling": "2013",
                                "Mat": 10,
                                "Balls": 0,
                                "Runs": 0,
                                "WKTS": 0,
                                "BBM": "0/0",
                                "Ave": "-",
                                "Econ": "-",
                                "SR": "-",
                                "4W": 0,
                                "5W": 0
                        },
                        {
                                "Bowling": "2012",
                                "Mat": 15,
                                "Balls": 36,
                                "Runs": 55,
                                "WKTS": 3,
                                "BBM": "1/8",
                                "Ave": "18.33",
                                "Econ": "9.16",
                                "SR": "12.00",
                                "4W": 0,
                                "5W": 0
                        },
                        {
                                "Bowling": "2011",
                                "Mat": 14,
                                "Balls": 12,
                                "Runs": 11,
                                "WKTS": 1,
                                "BBM": "1/7",
                                "Ave": "11.00",
                                "Econ": "5.50",
                                "SR": "12.00",
                                "4W": 0,
                                "5W": 0
                        },
                        {
                                "Bowling": "2010",
                                "Mat": 10,
                                "Balls": 0,
                                "Runs": 0,
                                "WKTS": 0,
                                "BBM": "0/0",
                                "Ave": "-",
                                "Econ": "-",
                                "SR": "-",
                                "4W": 0,
                                "5W": 0
                        },
                        {
                                "Bowling": "2009",
                                "Mat": 5,
                                "Balls": 0,
                                "Runs": 0,
                                "WKTS": 0,
                                "BBM": "0/0",
                                "Ave": "-",
                                "Econ": "-",
                                "SR": "-",
                                "4W": 0,
                                "5W": 0
                        },
                        {
                                "Bowling": "2008",
                                "Mat": 14,
                                "Balls": 0,
                                "Runs": 0,
                                "WKTS": 0,
                                "BBM": "0/0",
                                "Ave": "-",
                                "Econ": "-",
                                "SR": "-",
                                "4W": 0,
                                "5W": 0
                        }
                ]
        }
}