{
        "Shreyas Gopal": {
                "team_name": "rajasthan-royals",
                "stats": {
                        "Matches": "14",
                        "Runs": "63",
                        "Wickets": "20"
                },
                "details": {
                        "Role": "",
                        "Batting Style": "Right-handed",
                        "Bowling Style": "",
                        "Nationality": "Indian",
                        "Nickname": "",
                        "DOB": "04 September 1993",
                        "IPL Debut": ""
                },
                "Batting and Fielding": [
                        {
                                "Batting and Fielding": "Career",
                                "Mat": 31,
                                "No": 5,
                                "Runs": 127,
                                "HS": "24",
                                "Ave": "14.11",
                                "BF": 118,
                                "SR": 107.62,
                                "100": 0,
                                "50": 0,
                                "4s": 14,
                                "6s": 1,
                                "CT": 9,
                                "ST": 0
                        },
                        {
                                "Batting and Fielding": "2019",
                                "Mat": 14,
                                "No": 3,
                                "Runs": 63,
                                "HS": "19",
                                "Ave": "15.75",
                                "BF": 46,
                                "SR": 136.95,
                                "100": 0,
                                "50": 0,
                                "4s": 8,
                                "6s": 1,
                                "CT": 5,
                                "ST": 0
                        },
                        {
                                "Batting and Fielding": "2018",
                                "Mat": 11,
                                "No": 1,
                                "Runs": 50,
                                "HS": "24",
                                "Ave": "16.66",
                                "BF": 45,
                                "SR": 111.11,
                                "100": 0,
                                "50": 0,
                                "4s": 5,
                                "6s": 0,
                                "CT": 3,
                                "ST": 0
                        },
                        {
                                "Batting and Fielding": "2016",
                                "Mat": 1,
                                "No": 0,
                                "Runs": 2,
                                "HS": "2",
                                "Ave": "2.00",
                                "BF": 16,
                                "SR": 12.5,
                                "100": 0,
                                "50": 0,
                                "4s": 0,
                                "6s": 0,
                                "CT": 0,
                                "ST": 0
                        },
                        {
                                "Batting and Fielding": "2015",
                                "Mat": 1,
                                "No": 1,
                                "Runs": 1,
                                "HS": "1",
                                "Ave": "-",
                                "BF": 1,
                                "SR": 100.0,
                                "100": 0,
                                "50": 0,
                                "4s": 0,
                                "6s": 0,
                                "CT": 0,
                                "ST": 0
                        },
                        {
                                "Batting and Fielding": "2014",
                                "Mat": 4,
                                "No": 0,
                                "Runs": 11,
                                "HS": "11",
                                "Ave": "11.00",
                                "BF": 10,
                                "SR": 110.0,
                                "100": 0,
                                "50": 0,
                                "4s": 1,
                                "6s": 0,
                                "CT": 1,
                                "ST": 0
                        }
                ],
                "Bowling": [
                        {
                                "Bowling": "Career",
                                "Mat": 31,
                                "Balls": 589,
                                "Runs": 737,
                                "WKTS": 38,
                                "BBM": "4/16",
                                "Ave": "19.39",
                                "Econ": 7.5,
                                "SR": "15.50",
                                "4W": 1,
                                "5W": 0
                        },
                        {
                                "Bowling": "2019",
                                "Mat": 14,
                                "Balls": 288,
                                "Runs": 347,
                                "WKTS": 20,
                                "BBM": "3/12",
                                "Ave": "17.35",
                                "Econ": 7.22,
                                "SR": "14.40",
                                "4W": 0,
                                "5W": 0
                        },
                        {
                                "Bowling": "2018",
                                "Mat": 11,
                                "Balls": 186,
                                "Runs": 236,
                                "WKTS": 11,
                                "BBM": "4/16",
                                "Ave": "21.45",
                                "Econ": 7.61,
                                "SR": "16.90",
                                "4W": 1,
                                "5W": 0
                        },
                        {
                                "Bowling": "2016",
                                "Mat": 1,
                                "Balls": 18,
                                "Runs": 18,
                                "WKTS": 0,
                                "BBM": "0/18",
                                "Ave": "-",
                                "Econ": 6.0,
                                "SR": "-",
                                "4W": 0,
                                "5W": 0
                        },
                        {
                                "Bowling": "2015",
                                "Mat": 1,
                                "Balls": 13,
                                "Runs": 23,
                                "WKTS": 1,
                                "BBM": "1/23",
                                "Ave": "23.00",
                                "Econ": 10.61,
                                "SR": "13.00",
                                "4W": 0,
                                "5W": 0
                        },
                        {
                                "Bowling": "2014",
                                "Mat": 4,
                                "Balls": 84,
                                "Runs": 113,
                                "WKTS": 6,
                                "BBM": "2/25",
                                "Ave": "18.83",
                                "Econ": 8.07,
                                "SR": "14.00",
                                "4W": 0,
                                "5W": 0
                        }
                ]
        }
}