{
        "Shreevats Goswami": {
                "team_name": "sunrisers-hyderabad",
                "stats": {
                        "Matches": "0",
                        "Runs": "0",
                        "Wickets": "0"
                },
                "details": {
                        "Role": "",
                        "Batting Style": "Left-handed",
                        "Bowling Style": "",
                        "Nationality": "Indian",
                        "Nickname": "",
                        "DOB": "18 May 1989",
                        "IPL Debut": ""
                },
                "Batting and Fielding": [
                        {
                                "Batting and Fielding": "Career",
                                "Mat": 29,
                                "No": 1,
                                "Runs": 293,
                                "HS": 52,
                                "Ave": 16.27,
                                "BF": 291,
                                "SR": 100.68,
                                "100": 0,
                                "50": 1,
                                "4s": 32,
                                "6s": 3,
                                "CT": 16,
                                "ST": 7
                        },
                        {
                                "Batting and Fielding": "2018",
                                "Mat": 6,
                                "No": 0,
                                "Runs": 52,
                                "HS": 35,
                                "Ave": 17.33,
                                "BF": 40,
                                "SR": 130.0,
                                "100": 0,
                                "50": 0,
                                "4s": 6,
                                "6s": 1,
                                "CT": 5,
                                "ST": 0
                        },
                        {
                                "Batting and Fielding": "2012",
                                "Mat": 11,
                                "No": 1,
                                "Runs": 69,
                                "HS": 24,
                                "Ave": 13.8,
                                "BF": 67,
                                "SR": 102.98,
                                "100": 0,
                                "50": 0,
                                "4s": 4,
                                "6s": 1,
                                "CT": 4,
                                "ST": 4
                        },
                        {
                                "Batting and Fielding": "2011",
                                "Mat": 5,
                                "No": 0,
                                "Runs": 29,
                                "HS": 22,
                                "Ave": 7.25,
                                "BF": 29,
                                "SR": 100.0,
                                "100": 0,
                                "50": 0,
                                "4s": 5,
                                "6s": 0,
                                "CT": 4,
                                "ST": 1
                        },
                        {
                                "Batting and Fielding": "2010",
                                "Mat": 1,
                                "No": 0,
                                "Runs": 8,
                                "HS": 8,
                                "Ave": 8.0,
                                "BF": 10,
                                "SR": 80.0,
                                "100": 0,
                                "50": 0,
                                "4s": 2,
                                "6s": 0,
                                "CT": 0,
                                "ST": 0
                        },
                        {
                                "Batting and Fielding": "2009",
                                "Mat": 2,
                                "No": 0,
                                "Runs": 53,
                                "HS": 43,
                                "Ave": 26.5,
                                "BF": 60,
                                "SR": 88.33,
                                "100": 0,
                                "50": 0,
                                "4s": 6,
                                "6s": 0,
                                "CT": 1,
                                "ST": 0
                        },
                        {
                                "Batting and Fielding": "2008",
                                "Mat": 4,
                                "No": 0,
                                "Runs": 82,
                                "HS": 52,
                                "Ave": 27.33,
                                "BF": 85,
                                "SR": 96.47,
                                "100": 0,
                                "50": 1,
                                "4s": 9,
                                "6s": 1,
                                "CT": 2,
                                "ST": 2
                        }
                ],
                "Bowling": [
                        {
                                "Bowling": "Career",
                                "Mat": 29,
                                "Balls": 0,
                                "Runs": 0,
                                "WKTS": 0,
                                "BBM": "0/0",
                                "Ave": "-",
                                "Econ": "-",
                                "SR": "-",
                                "4W": 0,
                                "5W": 0
                        },
                        {
                                "Bowling": "2018",
                                "Mat": 6,
                                "Balls": 0,
                                "Runs": 0,
                                "WKTS": 0,
                                "BBM": "0/0",
                                "Ave": "-",
                                "Econ": "-",
                                "SR": "-",
                                "4W": 0,
                                "5W": 0
                        },
                        {
                                "Bowling": "2012",
                                "Mat": 11,
                                "Balls": 0,
                                "Runs": 0,
                                "WKTS": 0,
                                "BBM": "0/0",
                                "Ave": "-",
                                "Econ": "-",
                                "SR": "-",
                                "4W": 0,
                                "5W": 0
                        },
                        {
                                "Bowling": "2011",
                                "Mat": 5,
                                "Balls": 0,
                                "Runs": 0,
                                "WKTS": 0,
                                "BBM": "0/0",
                                "Ave": "-",
                                "Econ": "-",
                                "SR": "-",
                                "4W": 0,
                                "5W": 0
                        },
                        {
                                "Bowling": "2010",
                                "Mat": 1,
                                "Balls": 0,
                                "Runs": 0,
                                "WKTS": 0,
                                "BBM": "0/0",
                                "Ave": "-",
                                "Econ": "-",
                                "SR": "-",
                                "4W": 0,
                                "5W": 0
                        },
                        {
                                "Bowling": "2009",
                                "Mat": 2,
                                "Balls": 0,
                                "Runs": 0,
                                "WKTS": 0,
                                "BBM": "0/0",
                                "Ave": "-",
                                "Econ": "-",
                                "SR": "-",
                                "4W": 0,
                                "5W": 0
                        },
                        {
                                "Bowling": "2008",
                                "Mat": 4,
                                "Balls": 0,
                                "Runs": 0,
                                "WKTS": 0,
                                "BBM": "0/0",
                                "Ave": "-",
                                "Econ": "-",
                                "SR": "-",
                                "4W": 0,
                                "5W": 0
                        }
                ]
        }
}