{
        "Shreyas Iyer": {
                "team_name": "delhi-capitals",
                "stats": {
                        "Matches": "16",
                        "Runs": "463",
                        "Wickets": "0"
                },
                "details": {
                        "Role": "",
                        "Batting Style": "Right-handed",
                        "Bowling Style": "",
                        "Nationality": "Indian",
                        "Nickname": "",
                        "DOB": "06 December 1994",
                        "IPL Debut": ""
                },
                "Batting and Fielding": [
                        {
                                "Batting and Fielding": "Career",
                                "Mat": 62,
                                "No": 7,
                                "Runs": 1681,
                                "HS": "96",
                                "Ave": 30.56,
                                "BF": 1324,
                                "SR": 126.96,
                                "100": 0,
                                "50": 13,
                                "4s": 149,
                                "6s": 67,
                                "CT": 22,
                                "ST": 0
                        },
                        {
                                "Batting and Fielding": "2019",
                                "Mat": 16,
                                "No": 1,
                                "Runs": 463,
                                "HS": "67",
                                "Ave": 30.86,
                                "BF": 386,
                                "SR": 119.94,
                                "100": 0,
                                "50": 3,
                                "4s": 41,
                                "6s": 14,
                                "CT": 8,
                                "ST": 0
                        },
                        {
                                "Batting and Fielding": "2018",
                                "Mat": 14,
                                "No": 3,
                                "Runs": 411,
                                "HS": "93",
                                "Ave": 37.36,
                                "BF": 310,
                                "SR": 132.58,
                                "100": 0,
                                "50": 4,
                                "4s": 29,
                                "6s": 21,
                                "CT": 5,
                                "ST": 0
                        },
                        {
                                "Batting and Fielding": "2017",
                                "Mat": 12,
                                "No": 2,
                                "Runs": 338,
                                "HS": "96",
                                "Ave": 33.8,
                                "BF": 243,
                                "SR": 139.09,
                                "100": 0,
                                "50": 2,
                                "4s": 36,
                                "6s": 10,
                                "CT": 3,
                                "ST": 0
                        },
                        {
                                "Batting and Fielding": "2016",
                                "Mat": 6,
                                "No": 0,
                                "Runs": 30,
                                "HS": "19",
                                "Ave": 5.0,
                                "BF": 43,
                                "SR": 69.76,
                                "100": 0,
                                "50": 0,
                                "4s": 2,
                                "6s": 1,
                                "CT": 4,
                                "ST": 0
                        },
                        {
                                "Batting and Fielding": "2015",
                                "Mat": 14,
                                "No": 1,
                                "Runs": 439,
                                "HS": "83",
                                "Ave": 33.76,
                                "BF": 342,
                                "SR": 128.36,
                                "100": 0,
                                "50": 4,
                                "4s": 41,
                                "6s": 21,
                                "CT": 2,
                                "ST": 0
                        }
                ],
                "Bowling": [
                        {
                                "Bowling": "Career",
                                "Mat": 62,
                                "Balls": 0,
                                "Runs": 0,
                                "WKTS": 0,
                                "BBM": "0/0",
                                "Ave": "-",
                                "Econ": "-",
                                "SR": "-",
                                "4W": 0,
                                "5W": 0
                        },
                        {
                                "Bowling": "2019",
                                "Mat": 16,
                                "Balls": 0,
                                "Runs": 0,
                                "WKTS": 0,
                                "BBM": "0/0",
                                "Ave": "-",
                                "Econ": "-",
                                "SR": "-",
                                "4W": 0,
                                "5W": 0
                        },
                        {
                                "Bowling": "2018",
                                "Mat": 14,
                                "Balls": 0,
                                "Runs": 0,
                                "WKTS": 0,
                                "BBM": "0/0",
                                "Ave": "-",
                                "Econ": "-",
                                "SR": "-",
                                "4W": 0,
                                "5W": 0
                        },
                        {
                                "Bowling": "2017",
                                "Mat": 12,
                                "Balls": 0,
                                "Runs": 0,
                                "WKTS": 0,
                                "BBM": "0/0",
                                "Ave": "-",
                                "Econ": "-",
                                "SR": "-",
                                "4W": 0,
                                "5W": 0
                        },
                        {
                                "Bowling": "2016",
                                "Mat": 6,
                                "Balls": 0,
                                "Runs": 0,
                                "WKTS": 0,
                                "BBM": "0/0",
                                "Ave": "-",
                                "Econ": "-",
                                "SR": "-",
                                "4W": 0,
                                "5W": 0
                        },
                        {
                                "Bowling": "2015",
                                "Mat": 14,
                                "Balls": 0,
                                "Runs": 0,
                                "WKTS": 0,
                                "BBM": "0/0",
                                "Ave": "-",
                                "Econ": "-",
                                "SR": "-",
                                "4W": 0,
                                "5W": 0
                        }
                ]
        }
}