{
        "Siddarth Kaul": {
                "team_name": "sunrisers-hyderabad",
                "stats": {
                        "Matches": "7",
                        "Runs": "0",
                        "Wickets": "6"
                },
                "details": {
                        "Role": "",
                        "Batting Style": "Right-handed",
                        "Bowling Style": "",
                        "Nationality": "Indian",
                        "Nickname": "",
                        "DOB": "19 May 1990",
                        "IPL Debut": ""
                },
                "Batting and Fielding": [
                        {
                                "Batting and Fielding": "Career",
                                "Mat": 45,
                                "No": 6,
                                "Runs": 12,
                                "HS": "7",
                                "Ave": "3.00",
                                "BF": 28,
                                "SR": 42.85,
                                "100": 0,
                                "50": 0,
                                "4s": 0,
                                "6s": 0,
                                "CT": 7,
                                "ST": 0
                        },
                        {
                                "Batting and Fielding": "2019",
                                "Mat": 7,
                                "No": 1,
                                "Runs": 0,
                                "HS": "0",
                                "Ave": "0.00",
                                "BF": 1,
                                "SR": 0.0,
                                "100": 0,
                                "50": 0,
                                "4s": 0,
                                "6s": 0,
                                "CT": 1,
                                "ST": 0
                        },
                        {
                                "Batting and Fielding": "2018",
                                "Mat": 17,
                                "No": 1,
                                "Runs": 3,
                                "HS": "2",
                                "Ave": "1.00",
                                "BF": 14,
                                "SR": 21.42,
                                "100": 0,
                                "50": 0,
                                "4s": 0,
                                "6s": 0,
                                "CT": 2,
                                "ST": 0
                        },
                        {
                                "Batting and Fielding": "2017",
                                "Mat": 10,
                                "No": 1,
                                "Runs": 0,
                                "HS": "0",
                                "Ave": "-",
                                "BF": 2,
                                "SR": 0.0,
                                "100": 0,
                                "50": 0,
                                "4s": 0,
                                "6s": 0,
                                "CT": 3,
                                "ST": 0
                        },
                        {
                                "Batting and Fielding": "2014",
                                "Mat": 5,
                                "No": 1,
                                "Runs": 2,
                                "HS": "2",
                                "Ave": "-",
                                "BF": 2,
                                "SR": 100.0,
                                "100": 0,
                                "50": 0,
                                "4s": 0,
                                "6s": 0,
                                "CT": 0,
                                "ST": 0
                        },
                        {
                                "Batting and Fielding": "2013",
                                "Mat": 6,
                                "No": 2,
                                "Runs": 7,
                                "HS": "7",
                                "Ave": "-",
                                "BF": 9,
                                "SR": 77.77,
                                "100": 0,
                                "50": 0,
                                "4s": 0,
                                "6s": 0,
                                "CT": 1,
                                "ST": 0
                        }
                ],
                "Bowling": [
                        {
                                "Bowling": "Career",
                                "Mat": 45,
                                "Balls": 981,
                                "Runs": 1385,
                                "WKTS": 49,
                                "BBM": "4/29",
                                "Ave": 28.26,
                                "Econ": 8.47,
                                "SR": 20.02,
                                "4W": 1,
                                "5W": 0
                        },
                        {
                                "Bowling": "2019",
                                "Mat": 7,
                                "Balls": 162,
                                "Runs": 242,
                                "WKTS": 6,
                                "BBM": "2/34",
                                "Ave": 40.33,
                                "Econ": 8.96,
                                "SR": 27.0,
                                "4W": 0,
                                "5W": 0
                        },
                        {
                                "Bowling": "2018",
                                "Mat": 17,
                                "Balls": 396,
                                "Runs": 547,
                                "WKTS": 21,
                                "BBM": "3/23",
                                "Ave": 26.04,
                                "Econ": 8.28,
                                "SR": 18.85,
                                "4W": 0,
                                "5W": 0
                        },
                        {
                                "Bowling": "2017",
                                "Mat": 10,
                                "Balls": 214,
                                "Runs": 300,
                                "WKTS": 16,
                                "BBM": "4/29",
                                "Ave": 18.75,
                                "Econ": 8.41,
                                "SR": 13.37,
                                "4W": 1,
                                "5W": 0
                        },
                        {
                                "Bowling": "2014",
                                "Mat": 5,
                                "Balls": 78,
                                "Runs": 126,
                                "WKTS": 2,
                                "BBM": "1/5",
                                "Ave": 63.0,
                                "Econ": 9.69,
                                "SR": 39.0,
                                "4W": 0,
                                "5W": 0
                        },
                        {
                                "Bowling": "2013",
                                "Mat": 6,
                                "Balls": 131,
                                "Runs": 170,
                                "WKTS": 4,
                                "BBM": "2/27",
                                "Ave": 42.5,
                                "Econ": 7.78,
                                "SR": 32.75,
                                "4W": 0,
                                "5W": 0
                        }
                ]
        }
}