{
        "Steve Smith": {
                "team_name": "rajasthan-royals",
                "stats": {
                        "Matches": "12",
                        "Runs": "319",
                        "Wickets": "0"
                },
                "details": {
                        "Role": "",
                        "Batting Style": "Right-handed",
                        "Bowling Style": "",
                        "Nationality": "Australian",
                        "Nickname": "",
                        "DOB": "02 June 1989",
                        "IPL Debut": ""
                },
                "Batting and Fielding": [
                        {
                                "Batting and Fielding": "Career",
                                "Mat": 81,
                                "No": 18,
                                "Runs": 2022,
                                "HS": "101",
                                "Ave": 37.44,
                                "BF": 1568,
                                "SR": 128.95,
                                "100": 1,
                                "50": 8,
                                "4s": 180,
                                "6s": 49,
                                "CT": 42,
                                "ST": 0
                        },
                        {
                                "Batting and Fielding": "2019",
                                "Mat": 12,
                                "No": 2,
                                "Runs": 319,
                                "HS": "73",
                                "Ave": 39.87,
                                "BF": 275,
                                "SR": 116.0,
                                "100": 0,
                                "50": 3,
                                "4s": 30,
                                "6s": 4,
                                "CT": 3,
                                "ST": 0
                        },
                        {
                                "Batting and Fielding": "2017",
                                "Mat": 15,
                                "No": 3,
                                "Runs": 472,
                                "HS": "84",
                                "Ave": 39.33,
                                "BF": 387,
                                "SR": 121.96,
                                "100": 0,
                                "50": 3,
                                "4s": 38,
                                "6s": 12,
                                "CT": 7,
                                "ST": 0
                        },
                        {
                                "Batting and Fielding": "2016",
                                "Mat": 8,
                                "No": 1,
                                "Runs": 270,
                                "HS": "101",
                                "Ave": 45.0,
                                "BF": 176,
                                "SR": 153.4,
                                "100": 1,
                                "50": 0,
                                "4s": 27,
                                "6s": 8,
                                "CT": 2,
                                "ST": 0
                        },
                        {
                                "Batting and Fielding": "2015",
                                "Mat": 14,
                                "No": 1,
                                "Runs": 293,
                                "HS": "79",
                                "Ave": 26.63,
                                "BF": 221,
                                "SR": 132.57,
                                "100": 0,
                                "50": 2,
                                "4s": 33,
                                "6s": 3,
                                "CT": 7,
                                "ST": 0
                        },
                        {
                                "Batting and Fielding": "2014",
                                "Mat": 10,
                                "No": 3,
                                "Runs": 147,
                                "HS": "48",
                                "Ave": 36.75,
                                "BF": 110,
                                "SR": 133.63,
                                "100": 0,
                                "50": 0,
                                "4s": 13,
                                "6s": 4,
                                "CT": 9,
                                "ST": 0
                        },
                        {
                                "Batting and Fielding": "2013",
                                "Mat": 7,
                                "No": 3,
                                "Runs": 159,
                                "HS": "41",
                                "Ave": 39.75,
                                "BF": 132,
                                "SR": 120.45,
                                "100": 0,
                                "50": 0,
                                "4s": 15,
                                "6s": 4,
                                "CT": 4,
                                "ST": 0
                        },
                        {
                                "Batting and Fielding": "2012",
                                "Mat": 15,
                                "No": 5,
                                "Runs": 362,
                                "HS": "47",
                                "Ave": 40.22,
                                "BF": 267,
                                "SR": 135.58,
                                "100": 0,
                                "50": 0,
                                "4s": 24,
                                "6s": 14,
                                "CT": 10,
                                "ST": 0
                        }
                ],
                "Bowling": [
                        {
                                "Bowling": "Career",
                                "Mat": 81,
                                "Balls": 2,
                                "Runs": 5,
                                "WKTS": 0,
                                "BBM": "0/0",
                                "Ave": "-",
                                "Econ": "15.00",
                                "SR": "-",
                                "4W": 0,
                                "5W": 0
                        },
                        {
                                "Bowling": "2019",
                                "Mat": 12,
                                "Balls": 0,
                                "Runs": 0,
                                "WKTS": 0,
                                "BBM": "0/0",
                                "Ave": "-",
                                "Econ": "-",
                                "SR": "-",
                                "4W": 0,
                                "5W": 0
                        },
                        {
                                "Bowling": "2017",
                                "Mat": 15,
                                "Balls": 0,
                                "Runs": 0,
                                "WKTS": 0,
                                "BBM": "0/0",
                                "Ave": "-",
                                "Econ": "-",
                                "SR": "-",
                                "4W": 0,
                                "5W": 0
                        },
                        {
                                "Bowling": "2016",
                                "Mat": 8,
                                "Balls": 0,
                                "Runs": 0,
                                "WKTS": 0,
                                "BBM": "0/0",
                                "Ave": "-",
                                "Econ": "-",
                                "SR": "-",
                                "4W": 0,
                                "5W": 0
                        },
                        {
                                "Bowling": "2015",
                                "Mat": 14,
                                "Balls": 0,
                                "Runs": 0,
                                "WKTS": 0,
                                "BBM": "0/0",
                                "Ave": "-",
                                "Econ": "-",
                                "SR": "-",
                                "4W": 0,
                                "5W": 0
                        },
                        {
                                "Bowling": "2014",
                                "Mat": 10,
                                "Balls": 0,
                                "Runs": 0,
                                "WKTS": 0,
                                "BBM": "0/0",
                                "Ave": "-",
                                "Econ": "-",
                                "SR": "-",
                                "4W": 0,
                                "5W": 0
                        },
                        {
                                "Bowling": "2013",
                                "Mat": 7,
                                "Balls": 0,
                                "Runs": 0,
                                "WKTS": 0,
                                "BBM": "0/0",
                                "Ave": "-",
                                "Econ": "-",
                                "SR": "-",
                                "4W": 0,
                                "5W": 0
                        },
                        {
                                "Bowling": "2012",
                                "Mat": 15,
                                "Balls": 2,
                                "Runs": 5,
                                "WKTS": 0,
                                "BBM": "0/0",
                                "Ave": "-",
                                "Econ": "15.00",
                                "SR": "-",
                                "4W": 0,
                                "5W": 0
                        }
                ]
        }
}