{
        "Sunil Narine": {
                "team_name": "kolkata-knight-riders",
                "stats": {
                        "Matches": "12",
                        "Runs": "143",
                        "Wickets": "10"
                },
                "details": {
                        "Role": "",
                        "Batting Style": "Left-handed",
                        "Bowling Style": "",
                        "Nationality": "West Indian",
                        "Nickname": "",
                        "DOB": "26 May 1988",
                        "IPL Debut": ""
                },
                "Batting and Fielding": [
                        {
                                "Batting and Fielding": "Career",
                                "Mat": 110,
                                "No": 13,
                                "Runs": 771,
                                "HS": "75",
                                "Ave": "17.52",
                                "BF": 458,
                                "SR": 168.34,
                                "100": 0,
                                "50": 3,
                                "4s": 93,
                                "6s": 44,
                                "CT": 17,
                                "ST": 0
                        },
                        {
                                "Batting and Fielding": "2019",
                                "Mat": 12,
                                "No": 1,
                                "Runs": 143,
                                "HS": "47",
                                "Ave": "17.87",
                                "BF": 86,
                                "SR": 166.27,
                                "100": 0,
                                "50": 0,
                                "4s": 17,
                                "6s": 9,
                                "CT": 0,
                                "ST": 0
                        },
                        {
                                "Batting and Fielding": "2018",
                                "Mat": 16,
                                "No": 0,
                                "Runs": 357,
                                "HS": "75",
                                "Ave": "22.31",
                                "BF": 188,
                                "SR": 189.89,
                                "100": 0,
                                "50": 2,
                                "4s": 40,
                                "6s": 23,
                                "CT": 1,
                                "ST": 0
                        },
                        {
                                "Batting and Fielding": "2017",
                                "Mat": 16,
                                "No": 1,
                                "Runs": 224,
                                "HS": "54",
                                "Ave": "17.23",
                                "BF": 130,
                                "SR": 172.3,
                                "100": 0,
                                "50": 1,
                                "4s": 34,
                                "6s": 10,
                                "CT": 4,
                                "ST": 0
                        },
                        {
                                "Batting and Fielding": "2016",
                                "Mat": 11,
                                "No": 3,
                                "Runs": 7,
                                "HS": "4",
                                "Ave": "7.00",
                                "BF": 13,
                                "SR": 53.84,
                                "100": 0,
                                "50": 0,
                                "4s": 0,
                                "6s": 0,
                                "CT": 2,
                                "ST": 0
                        },
                        {
                                "Batting and Fielding": "2015",
                                "Mat": 8,
                                "No": 1,
                                "Runs": 0,
                                "HS": "0",
                                "Ave": "-",
                                "BF": 1,
                                "SR": 0.0,
                                "100": 0,
                                "50": 0,
                                "4s": 0,
                                "6s": 0,
                                "CT": 1,
                                "ST": 0
                        },
                        {
                                "Batting and Fielding": "2014",
                                "Mat": 16,
                                "No": 3,
                                "Runs": 10,
                                "HS": "6",
                                "Ave": "5.00",
                                "BF": 14,
                                "SR": 71.42,
                                "100": 0,
                                "50": 0,
                                "4s": 0,
                                "6s": 0,
                                "CT": 2,
                                "ST": 0
                        },
                        {
                                "Batting and Fielding": "2013",
                                "Mat": 16,
                                "No": 3,
                                "Runs": 21,
                                "HS": "13",
                                "Ave": "7.00",
                                "BF": 19,
                                "SR": 110.52,
                                "100": 0,
                                "50": 0,
                                "4s": 0,
                                "6s": 2,
                                "CT": 6,
                                "ST": 0
                        },
                        {
                                "Batting and Fielding": "2012",
                                "Mat": 15,
                                "No": 1,
                                "Runs": 9,
                                "HS": "9",
                                "Ave": "9.00",
                                "BF": 7,
                                "SR": 128.57,
                                "100": 0,
                                "50": 0,
                                "4s": 2,
                                "6s": 0,
                                "CT": 1,
                                "ST": 0
                        }
                ],
                "Bowling": [
                        {
                                "Bowling": "Career",
                                "Mat": 110,
                                "Balls": 2558,
                                "Runs": 2845,
                                "WKTS": 122,
                                "BBM": "5/19",
                                "Ave": 23.31,
                                "Econ": 6.67,
                                "SR": 20.96,
                                "4W": 6,
                                "5W": 1
                        },
                        {
                                "Bowling": "2019",
                                "Mat": 12,
                                "Balls": 266,
                                "Runs": 347,
                                "WKTS": 10,
                                "BBM": "2/19",
                                "Ave": 34.7,
                                "Econ": 7.82,
                                "SR": 26.6,
                                "4W": 0,
                                "5W": 0
                        },
                        {
                                "Bowling": "2018",
                                "Mat": 16,
                                "Balls": 366,
                                "Runs": 467,
                                "WKTS": 17,
                                "BBM": "3/18",
                                "Ave": 27.47,
                                "Econ": 7.65,
                                "SR": 21.52,
                                "4W": 0,
                                "5W": 0
                        },
                        {
                                "Bowling": "2017",
                                "Mat": 16,
                                "Balls": 354,
                                "Runs": 412,
                                "WKTS": 10,
                                "BBM": "2/29",
                                "Ave": 41.2,
                                "Econ": 6.98,
                                "SR": 35.4,
                                "4W": 0,
                                "5W": 0
                        },
                        {
                                "Bowling": "2016",
                                "Mat": 11,
                                "Balls": 257,
                                "Runs": 304,
                                "WKTS": 11,
                                "BBM": "3/26",
                                "Ave": 27.63,
                                "Econ": 7.09,
                                "SR": 23.36,
                                "4W": 0,
                                "5W": 0
                        },
                        {
                                "Bowling": "2015",
                                "Mat": 8,
                                "Balls": 192,
                                "Runs": 234,
                                "WKTS": 7,
                                "BBM": "4/19",
                                "Ave": 33.42,
                                "Econ": 7.31,
                                "SR": 27.42,
                                "4W": 1,
                                "5W": 0
                        },
                        {
                                "Bowling": "2014",
                                "Mat": 16,
                                "Balls": 384,
                                "Runs": 407,
                                "WKTS": 21,
                                "BBM": "4/20",
                                "Ave": 19.38,
                                "Econ": 6.35,
                                "SR": 18.28,
                                "4W": 2,
                                "5W": 0
                        },
                        {
                                "Bowling": "2013",
                                "Mat": 16,
                                "Balls": 384,
                                "Runs": 350,
                                "WKTS": 22,
                                "BBM": "4/13",
                                "Ave": 15.9,
                                "Econ": 5.46,
                                "SR": 17.45,
                                "4W": 2,
                                "5W": 0
                        },
                        {
                                "Bowling": "2012",
                                "Mat": 15,
                                "Balls": 355,
                                "Runs": 324,
                                "WKTS": 24,
                                "BBM": "5/19",
                                "Ave": 13.5,
                                "Econ": 5.47,
                                "SR": 14.79,
                                "4W": 1,
                                "5W": 1
                        }
                ]
        }
}