{
        "Suresh Raina": {
                "team_name": "chennai-super-kings",
                "stats": {
                        "Matches": "17",
                        "Runs": "383",
                        "Wickets": "0"
                },
                "details": {
                        "Role": "",
                        "Batting Style": "Left-handed",
                        "Bowling Style": "",
                        "Nationality": "Indian",
                        "Nickname": "",
                        "DOB": "27 November 1986",
                        "IPL Debut": ""
                },
                "Batting and Fielding": [
                        {
                                "Batting and Fielding": "Career",
                                "Mat": 193,
                                "No": 28,
                                "Runs": 5368,
                                "HS": "100",
                                "Ave": 33.34,
                                "BF": 3914,
                                "SR": 137.14,
                                "100": 1,
                                "50": 38,
                                "4s": 493,
                                "6s": 194,
                                "CT": 101,
                                "ST": 0
                        },
                        {
                                "Batting and Fielding": "2019",
                                "Mat": 17,
                                "No": 1,
                                "Runs": 383,
                                "HS": "59",
                                "Ave": 23.93,
                                "BF": 314,
                                "SR": 121.97,
                                "100": 0,
                                "50": 3,
                                "4s": 45,
                                "6s": 9,
                                "CT": 7,
                                "ST": 0
                        },
                        {
                                "Batting and Fielding": "2018",
                                "Mat": 15,
                                "No": 3,
                                "Runs": 445,
                                "HS": "75",
                                "Ave": 37.08,
                                "BF": 336,
                                "SR": 132.44,
                                "100": 0,
                                "50": 4,
                                "4s": 46,
                                "6s": 12,
                                "CT": 9,
                                "ST": 0
                        },
                        {
                                "Batting and Fielding": "2017",
                                "Mat": 14,
                                "No": 3,
                                "Runs": 442,
                                "HS": "84",
                                "Ave": 40.18,
                                "BF": 307,
                                "SR": 143.97,
                                "100": 0,
                                "50": 3,
                                "4s": 42,
                                "6s": 13,
                                "CT": 4,
                                "ST": 0
                        },
                        {
                                "Batting and Fielding": "2016",
                                "Mat": 15,
                                "No": 1,
                                "Runs": 399,
                                "HS": "75",
                                "Ave": 28.5,
                                "BF": 312,
                                "SR": 127.88,
                                "100": 0,
                                "50": 3,
                                "4s": 39,
                                "6s": 10,
                                "CT": 7,
                                "ST": 0
                        },
                        {
                                "Batting and Fielding": "2015",
                                "Mat": 17,
                                "No": 2,
                                "Runs": 374,
                                "HS": "62",
                                "Ave": 24.93,
                                "BF": 304,
                                "SR": 123.02,
                                "100": 0,
                                "50": 2,
                                "4s": 31,
                                "6s": 16,
                                "CT": 11,
                                "ST": 0
                        },
                        {
                                "Batting and Fielding": "2014",
                                "Mat": 16,
                                "No": 3,
                                "Runs": 523,
                                "HS": "87",
                                "Ave": 40.23,
                                "BF": 358,
                                "SR": 146.08,
                                "100": 0,
                                "50": 5,
                                "4s": 51,
                                "6s": 19,
                                "CT": 11,
                                "ST": 0
                        },
                        {
                                "Batting and Fielding": "2013",
                                "Mat": 18,
                                "No": 4,
                                "Runs": 548,
                                "HS": "100",
                                "Ave": 42.15,
                                "BF": 365,
                                "SR": 150.13,
                                "100": 1,
                                "50": 4,
                                "4s": 50,
                                "6s": 18,
                                "CT": 10,
                                "ST": 0
                        },
                        {
                                "Batting and Fielding": "2012",
                                "Mat": 19,
                                "No": 1,
                                "Runs": 441,
                                "HS": "73",
                                "Ave": 25.94,
                                "BF": 325,
                                "SR": 135.69,
                                "100": 0,
                                "50": 1,
                                "4s": 36,
                                "6s": 19,
                                "CT": 11,
                                "ST": 0
                        },
                        {
                                "Batting and Fielding": "2011",
                                "Mat": 16,
                                "No": 2,
                                "Runs": 438,
                                "HS": "73",
                                "Ave": 31.28,
                                "BF": 325,
                                "SR": 134.76,
                                "100": 0,
                                "50": 4,
                                "4s": 36,
                                "6s": 17,
                                "CT": 4,
                                "ST": 0
                        },
                        {
                                "Batting and Fielding": "2010",
                                "Mat": 16,
                                "No": 5,
                                "Runs": 520,
                                "HS": "83",
                                "Ave": 47.27,
                                "BF": 364,
                                "SR": 142.85,
                                "100": 0,
                                "50": 4,
                                "4s": 45,
                                "6s": 22,
                                "CT": 10,
                                "ST": 0
                        },
                        {
                                "Batting and Fielding": "2009",
                                "Mat": 14,
                                "No": 0,
                                "Runs": 434,
                                "HS": "98",
                                "Ave": 31.0,
                                "BF": 308,
                                "SR": 140.9,
                                "100": 0,
                                "50": 2,
                                "4s": 37,
                                "6s": 21,
                                "CT": 7,
                                "ST": 0
                        },
                        {
                                "Batting and Fielding": "2008",
                                "Mat": 16,
                                "No": 3,
                                "Runs": 421,
                                "HS": "55",
                                "Ave": 38.27,
                                "BF": 296,
                                "SR": 142.22,
                                "100": 0,
                                "50": 3,
                                "4s": 35,
                                "6s": 18,
                                "CT": 10,
                                "ST": 0
                        }
                ],
                "Bowling": [
                        {
                                "Bowling": "Career",
                                "Mat": 193,
                                "Balls": 908,
                                "Runs": 1118,
                                "WKTS": 25,
                                "BBM": "2/0",
                                "Ave": "44.72",
                                "Econ": "7.38",
                                "SR": "36.32",
                                "4W": 0,
                                "5W": 0
                        },
                        {
                                "Bowling": "2019",
                                "Mat": 17,
                                "Balls": 6,
                                "Runs": 6,
                                "WKTS": 0,
                                "BBM": "0/0",
                                "Ave": "-",
                                "Econ": "6.00",
                                "SR": "-",
                                "4W": 0,
                                "5W": 0
                        },
                        {
                                "Bowling": "2018",
                                "Mat": 15,
                                "Balls": 0,
                                "Runs": 0,
                                "WKTS": 0,
                                "BBM": "0/0",
                                "Ave": "-",
                                "Econ": "-",
                                "SR": "-",
                                "4W": 0,
                                "5W": 0
                        },
                        {
                                "Bowling": "2017",
                                "Mat": 14,
                                "Balls": 72,
                                "Runs": 102,
                                "WKTS": 1,
                                "BBM": "1/11",
                                "Ave": "102.00",
                                "Econ": "8.50",
                                "SR": "72.00",
                                "4W": 0,
                                "5W": 0
                        },
                        {
                                "Bowling": "2016",
                                "Mat": 15,
                                "Balls": 60,
                                "Runs": 82,
                                "WKTS": 0,
                                "BBM": "0/0",
                                "Ave": "-",
                                "Econ": "8.20",
                                "SR": "-",
                                "4W": 0,
                                "5W": 0
                        },
                        {
                                "Bowling": "2015",
                                "Mat": 17,
                                "Balls": 72,
                                "Runs": 93,
                                "WKTS": 2,
                                "BBM": "1/29",
                                "Ave": "46.50",
                                "Econ": "7.75",
                                "SR": "36.00",
                                "4W": 0,
                                "5W": 0
                        },
                        {
                                "Bowling": "2014",
                                "Mat": 16,
                                "Balls": 108,
                                "Runs": 134,
                                "WKTS": 1,
                                "BBM": "1/17",
                                "Ave": "134.00",
                                "Econ": "7.44",
                                "SR": "108.00",
                                "4W": 0,
                                "5W": 0
                        },
                        {
                                "Bowling": "2013",
                                "Mat": 18,
                                "Balls": 12,
                                "Runs": 23,
                                "WKTS": 1,
                                "BBM": "1/4",
                                "Ave": "23.00",
                                "Econ": "11.50",
                                "SR": "12.00",
                                "4W": 0,
                                "5W": 0
                        },
                        {
                                "Bowling": "2012",
                                "Mat": 19,
                                "Balls": 84,
                                "Runs": 105,
                                "WKTS": 2,
                                "BBM": "1/5",
                                "Ave": "52.50",
                                "Econ": "7.50",
                                "SR": "42.00",
                                "4W": 0,
                                "5W": 0
                        },
                        {
                                "Bowling": "2011",
                                "Mat": 16,
                                "Balls": 165,
                                "Runs": 201,
                                "WKTS": 4,
                                "BBM": "2/0",
                                "Ave": "50.25",
                                "Econ": "7.30",
                                "SR": "41.25",
                                "4W": 0,
                                "5W": 0
                        },
                        {
                                "Bowling": "2010",
                                "Mat": 16,
                                "Balls": 143,
                                "Runs": 178,
                                "WKTS": 6,
                                "BBM": "1/0",
                                "Ave": "29.66",
                                "Econ": "7.46",
                                "SR": "23.83",
                                "4W": 0,
                                "5W": 0
                        },
                        {
                                "Bowling": "2009",
                                "Mat": 14,
                                "Balls": 166,
                                "Runs": 164,
                                "WKTS": 7,
                                "BBM": "2/17",
                                "Ave": "23.42",
                                "Econ": "5.92",
                                "SR": "23.71",
                                "4W": 0,
                                "5W": 0
                        },
                        {
                                "Bowling": "2008",
                                "Mat": 16,
                                "Balls": 20,
                                "Runs": 30,
                                "WKTS": 1,
                                "BBM": "1/20",
                                "Ave": "30.00",
                                "Econ": "9.00",
                                "SR": "20.00",
                                "4W": 0,
                                "5W": 0
                        }
                ]
        }
}