{
        "Suryakumar Yadav": {
                "team_name": "mumbai-indians",
                "stats": {
                        "Matches": "16",
                        "Runs": "424",
                        "Wickets": "0"
                },
                "details": {
                        "Role": "",
                        "Batting Style": "Right-handed",
                        "Bowling Style": "",
                        "Nationality": "Indian",
                        "Nickname": "",
                        "DOB": "14 September 1990",
                        "IPL Debut": ""
                },
                "Batting and Fielding": [
                        {
                                "Batting and Fielding": "Career",
                                "Mat": 85,
                                "No": 16,
                                "Runs": 1548,
                                "HS": "72",
                                "Ave": 28.14,
                                "BF": 1173,
                                "SR": 131.96,
                                "100": 0,
                                "50": 7,
                                "4s": 161,
                                "6s": 47,
                                "CT": 42,
                                "ST": 0
                        },
                        {
                                "Batting and Fielding": "2019",
                                "Mat": 16,
                                "No": 2,
                                "Runs": 424,
                                "HS": "71",
                                "Ave": 32.61,
                                "BF": 324,
                                "SR": 130.86,
                                "100": 0,
                                "50": 2,
                                "4s": 45,
                                "6s": 10,
                                "CT": 9,
                                "ST": 0
                        },
                        {
                                "Batting and Fielding": "2018",
                                "Mat": 14,
                                "No": 0,
                                "Runs": 512,
                                "HS": "72",
                                "Ave": 36.57,
                                "BF": 384,
                                "SR": 133.33,
                                "100": 0,
                                "50": 4,
                                "4s": 61,
                                "6s": 16,
                                "CT": 8,
                                "ST": 0
                        },
                        {
                                "Batting and Fielding": "2017",
                                "Mat": 10,
                                "No": 1,
                                "Runs": 105,
                                "HS": "31",
                                "Ave": 17.5,
                                "BF": 88,
                                "SR": 119.31,
                                "100": 0,
                                "50": 0,
                                "4s": 8,
                                "6s": 3,
                                "CT": 5,
                                "ST": 0
                        },
                        {
                                "Batting and Fielding": "2016",
                                "Mat": 15,
                                "No": 4,
                                "Runs": 186,
                                "HS": "60",
                                "Ave": 26.57,
                                "BF": 143,
                                "SR": 130.06,
                                "100": 0,
                                "50": 1,
                                "4s": 19,
                                "6s": 5,
                                "CT": 6,
                                "ST": 0
                        },
                        {
                                "Batting and Fielding": "2015",
                                "Mat": 13,
                                "No": 4,
                                "Runs": 157,
                                "HS": "46",
                                "Ave": 17.44,
                                "BF": 113,
                                "SR": 138.93,
                                "100": 0,
                                "50": 0,
                                "4s": 12,
                                "6s": 8,
                                "CT": 7,
                                "ST": 0
                        },
                        {
                                "Batting and Fielding": "2014",
                                "Mat": 16,
                                "No": 5,
                                "Runs": 164,
                                "HS": "34",
                                "Ave": 32.8,
                                "BF": 117,
                                "SR": 140.17,
                                "100": 0,
                                "50": 0,
                                "4s": 16,
                                "6s": 5,
                                "CT": 7,
                                "ST": 0
                        },
                        {
                                "Batting and Fielding": "2012",
                                "Mat": 1,
                                "No": 0,
                                "Runs": 0,
                                "HS": "0",
                                "Ave": 0.0,
                                "BF": 4,
                                "SR": 0.0,
                                "100": 0,
                                "50": 0,
                                "4s": 0,
                                "6s": 0,
                                "CT": 0,
                                "ST": 0
                        }
                ],
                "Bowling": [
                        {
                                "Bowling": "Career",
                                "Mat": 85,
                                "Balls": 6,
                                "Runs": 8,
                                "WKTS": 0,
                                "BBM": "0/0",
                                "Ave": "-",
                                "Econ": "8.00",
                                "SR": "-",
                                "4W": 0,
                                "5W": 0
                        },
                        {
                                "Bowling": "2019",
                                "Mat": 16,
                                "Balls": 0,
                                "Runs": 0,
                                "WKTS": 0,
                                "BBM": "0/0",
                                "Ave": "-",
                                "Econ": "-",
                                "SR": "-",
                                "4W": 0,
                                "5W": 0
                        },
                        {
                                "Bowling": "2018",
                                "Mat": 14,
                                "Balls": 0,
                                "Runs": 0,
                                "WKTS": 0,
                                "BBM": "0/0",
                                "Ave": "-",
                                "Econ": "-",
                                "SR": "-",
                                "4W": 0,
                                "5W": 0
                        },
                        {
                                "Bowling": "2017",
                                "Mat": 10,
                                "Balls": 0,
                                "Runs": 0,
                                "WKTS": 0,
                                "BBM": "0/0",
                                "Ave": "-",
                                "Econ": "-",
                                "SR": "-",
                                "4W": 0,
                                "5W": 0
                        },
                        {
                                "Bowling": "2016",
                                "Mat": 15,
                                "Balls": 0,
                                "Runs": 0,
                                "WKTS": 0,
                                "BBM": "0/0",
                                "Ave": "-",
                                "Econ": "-",
                                "SR": "-",
                                "4W": 0,
                                "5W": 0
                        },
                        {
                                "Bowling": "2015",
                                "Mat": 13,
                                "Balls": 0,
                                "Runs": 0,
                                "WKTS": 0,
                                "BBM": "0/0",
                                "Ave": "-",
                                "Econ": "-",
                                "SR": "-",
                                "4W": 0,
                                "5W": 0
                        },
                        {
                                "Bowling": "2014",
                                "Mat": 16,
                                "Balls": 6,
                                "Runs": 8,
                                "WKTS": 0,
                                "BBM": "0/0",
                                "Ave": "-",
                                "Econ": "8.00",
                                "SR": "-",
                                "4W": 0,
                                "5W": 0
                        },
                        {
                                "Bowling": "2012",
                                "Mat": 1,
                                "Balls": 0,
                                "Runs": 0,
                                "WKTS": 0,
                                "BBM": "0/0",
                                "Ave": "-",
                                "Econ": "-",
                                "SR": "-",
                                "4W": 0,
                                "5W": 0
                        }
                ]
        }
}