{
        "Trent Boult": {
                "team_name": "mumbai-indians",
                "stats": {
                        "Matches": "5",
                        "Runs": "7",
                        "Wickets": "5"
                },
                "details": {
                        "Role": "",
                        "Batting Style": "Right-handed",
                        "Bowling Style": "",
                        "Nationality": "New Zealander",
                        "Nickname": "",
                        "DOB": "22 July 1989",
                        "IPL Debut": ""
                },
                "Batting and Fielding": [
                        {
                                "Batting and Fielding": "Career",
                                "Mat": 33,
                                "No": 3,
                                "Runs": 12,
                                "HS": "6",
                                "Ave": "6.00",
                                "BF": 14,
                                "SR": "85.71",
                                "100": 0,
                                "50": 0,
                                "4s": 0,
                                "6s": 1,
                                "CT": 14,
                                "ST": 0
                        },
                        {
                                "Batting and Fielding": "2019",
                                "Mat": 5,
                                "No": 2,
                                "Runs": 7,
                                "HS": "6",
                                "Ave": "7.00",
                                "BF": 4,
                                "SR": "175.00",
                                "100": 0,
                                "50": 0,
                                "4s": 0,
                                "6s": 1,
                                "CT": 2,
                                "ST": 0
                        },
                        {
                                "Batting and Fielding": "2018",
                                "Mat": 14,
                                "No": 0,
                                "Runs": 0,
                                "HS": "0",
                                "Ave": "0.00",
                                "BF": 2,
                                "SR": "0.00",
                                "100": 0,
                                "50": 0,
                                "4s": 0,
                                "6s": 0,
                                "CT": 9,
                                "ST": 0
                        },
                        {
                                "Batting and Fielding": "2017",
                                "Mat": 6,
                                "No": 1,
                                "Runs": 5,
                                "HS": "5",
                                "Ave": "-",
                                "BF": 8,
                                "SR": "62.50",
                                "100": 0,
                                "50": 0,
                                "4s": 0,
                                "6s": 0,
                                "CT": 0,
                                "ST": 0
                        },
                        {
                                "Batting and Fielding": "2016",
                                "Mat": 1,
                                "No": 0,
                                "Runs": 0,
                                "HS": "0",
                                "Ave": "-",
                                "BF": 0,
                                "SR": "-",
                                "100": 0,
                                "50": 0,
                                "4s": 0,
                                "6s": 0,
                                "CT": 1,
                                "ST": 0
                        },
                        {
                                "Batting and Fielding": "2015",
                                "Mat": 7,
                                "No": 0,
                                "Runs": 0,
                                "HS": "0",
                                "Ave": "-",
                                "BF": 0,
                                "SR": "-",
                                "100": 0,
                                "50": 0,
                                "4s": 0,
                                "6s": 0,
                                "CT": 2,
                                "ST": 0
                        }
                ],
                "Bowling": [
                        {
                                "Bowling": "Career",
                                "Mat": 33,
                                "Balls": 765,
                                "Runs": 1120,
                                "WKTS": 38,
                                "BBM": "3/19",
                                "Ave": 29.47,
                                "Econ": 8.78,
                                "SR": 20.13,
                                "4W": 0,
                                "5W": 0
                        },
                        {
                                "Bowling": "2019",
                                "Mat": 5,
                                "Balls": 114,
                                "Runs": 163,
                                "WKTS": 5,
                                "BBM": "2/27",
                                "Ave": 32.6,
                                "Econ": 8.57,
                                "SR": 22.8,
                                "4W": 0,
                                "5W": 0
                        },
                        {
                                "Bowling": "2018",
                                "Mat": 14,
                                "Balls": 316,
                                "Runs": 466,
                                "WKTS": 18,
                                "BBM": "2/20",
                                "Ave": 25.88,
                                "Econ": 8.84,
                                "SR": 17.55,
                                "4W": 0,
                                "5W": 0
                        },
                        {
                                "Bowling": "2017",
                                "Mat": 6,
                                "Balls": 143,
                                "Runs": 216,
                                "WKTS": 5,
                                "BBM": "2/30",
                                "Ave": 43.2,
                                "Econ": 9.06,
                                "SR": 28.6,
                                "4W": 0,
                                "5W": 0
                        },
                        {
                                "Bowling": "2016",
                                "Mat": 1,
                                "Balls": 24,
                                "Runs": 39,
                                "WKTS": 1,
                                "BBM": "1/39",
                                "Ave": 39.0,
                                "Econ": 9.75,
                                "SR": 24.0,
                                "4W": 0,
                                "5W": 0
                        },
                        {
                                "Bowling": "2015",
                                "Mat": 7,
                                "Balls": 168,
                                "Runs": 236,
                                "WKTS": 9,
                                "BBM": "3/19",
                                "Ave": 26.22,
                                "Econ": 8.42,
                                "SR": 18.66,
                                "4W": 0,
                                "5W": 0
                        }
                ]
        }
}