{
        "Umesh Yadav": {
                "team_name": "royal-challengers-bangalore",
                "stats": {
                        "Matches": "11",
                        "Runs": "25",
                        "Wickets": "8"
                },
                "details": {
                        "Role": "",
                        "Batting Style": "Right-handed",
                        "Bowling Style": "",
                        "Nationality": "Indian",
                        "Nickname": "",
                        "DOB": "25 October 1987",
                        "IPL Debut": ""
                },
                "Batting and Fielding": [
                        {
                                "Batting and Fielding": "Career",
                                "Mat": 119,
                                "No": 24,
                                "Runs": 122,
                                "HS": "24",
                                "Ave": "9.38",
                                "BF": 126,
                                "SR": 96.82,
                                "100": 0,
                                "50": 0,
                                "4s": 11,
                                "6s": 4,
                                "CT": 30,
                                "ST": 0
                        },
                        {
                                "Batting and Fielding": "2019",
                                "Mat": 11,
                                "No": 5,
                                "Runs": 25,
                                "HS": "14",
                                "Ave": "12.50",
                                "BF": 25,
                                "SR": 100.0,
                                "100": 0,
                                "50": 0,
                                "4s": 3,
                                "6s": 1,
                                "CT": 4,
                                "ST": 0
                        },
                        {
                                "Batting and Fielding": "2018",
                                "Mat": 14,
                                "No": 1,
                                "Runs": 3,
                                "HS": "1",
                                "Ave": "0.75",
                                "BF": 11,
                                "SR": 27.27,
                                "100": 0,
                                "50": 0,
                                "4s": 0,
                                "6s": 0,
                                "CT": 2,
                                "ST": 0
                        },
                        {
                                "Batting and Fielding": "2017",
                                "Mat": 14,
                                "No": 4,
                                "Runs": 10,
                                "HS": "4",
                                "Ave": "-",
                                "BF": 13,
                                "SR": 76.92,
                                "100": 0,
                                "50": 0,
                                "4s": 0,
                                "6s": 0,
                                "CT": 4,
                                "ST": 0
                        },
                        {
                                "Batting and Fielding": "2016",
                                "Mat": 9,
                                "No": 1,
                                "Runs": 9,
                                "HS": "7",
                                "Ave": "9.00",
                                "BF": 5,
                                "SR": 180.0,
                                "100": 0,
                                "50": 0,
                                "4s": 0,
                                "6s": 1,
                                "CT": 1,
                                "ST": 0
                        },
                        {
                                "Batting and Fielding": "2015",
                                "Mat": 12,
                                "No": 3,
                                "Runs": 29,
                                "HS": "24",
                                "Ave": "29.00",
                                "BF": 14,
                                "SR": 207.14,
                                "100": 0,
                                "50": 0,
                                "4s": 5,
                                "6s": 1,
                                "CT": 5,
                                "ST": 0
                        },
                        {
                                "Batting and Fielding": "2014",
                                "Mat": 12,
                                "No": 0,
                                "Runs": 2,
                                "HS": "2",
                                "Ave": "2.00",
                                "BF": 4,
                                "SR": 50.0,
                                "100": 0,
                                "50": 0,
                                "4s": 0,
                                "6s": 0,
                                "CT": 2,
                                "ST": 0
                        },
                        {
                                "Batting and Fielding": "2013",
                                "Mat": 16,
                                "No": 7,
                                "Runs": 38,
                                "HS": "12",
                                "Ave": "38.00",
                                "BF": 38,
                                "SR": 100.0,
                                "100": 0,
                                "50": 0,
                                "4s": 3,
                                "6s": 1,
                                "CT": 5,
                                "ST": 0
                        },
                        {
                                "Batting and Fielding": "2012",
                                "Mat": 17,
                                "No": 1,
                                "Runs": 2,
                                "HS": "1",
                                "Ave": "1.00",
                                "BF": 7,
                                "SR": 28.57,
                                "100": 0,
                                "50": 0,
                                "4s": 0,
                                "6s": 0,
                                "CT": 3,
                                "ST": 0
                        },
                        {
                                "Batting and Fielding": "2011",
                                "Mat": 7,
                                "No": 1,
                                "Runs": 1,
                                "HS": "1",
                                "Ave": "1.00",
                                "BF": 5,
                                "SR": 20.0,
                                "100": 0,
                                "50": 0,
                                "4s": 0,
                                "6s": 0,
                                "CT": 3,
                                "ST": 0
                        },
                        {
                                "Batting and Fielding": "2010",
                                "Mat": 7,
                                "No": 1,
                                "Runs": 3,
                                "HS": "3",
                                "Ave": "-",
                                "BF": 4,
                                "SR": 75.0,
                                "100": 0,
                                "50": 0,
                                "4s": 0,
                                "6s": 0,
                                "CT": 1,
                                "ST": 0
                        }
                ],
                "Bowling": [
                        {
                                "Bowling": "Career",
                                "Mat": 119,
                                "Balls": 2480,
                                "Runs": 3496,
                                "WKTS": 119,
                                "BBM": "4/24",
                                "Ave": 29.37,
                                "Econ": 8.45,
                                "SR": 20.84,
                                "4W": 2,
                                "5W": 0
                        },
                        {
                                "Bowling": "2019",
                                "Mat": 11,
                                "Balls": 227,
                                "Runs": 371,
                                "WKTS": 8,
                                "BBM": "3/36",
                                "Ave": 46.37,
                                "Econ": 9.8,
                                "SR": 28.37,
                                "4W": 0,
                                "5W": 0
                        },
                        {
                                "Bowling": "2018",
                                "Mat": 14,
                                "Balls": 319,
                                "Runs": 418,
                                "WKTS": 20,
                                "BBM": "3/23",
                                "Ave": 20.9,
                                "Econ": 7.86,
                                "SR": 15.95,
                                "4W": 0,
                                "5W": 0
                        },
                        {
                                "Bowling": "2017",
                                "Mat": 14,
                                "Balls": 291,
                                "Runs": 410,
                                "WKTS": 17,
                                "BBM": "4/33",
                                "Ave": 24.11,
                                "Econ": 8.45,
                                "SR": 17.11,
                                "4W": 1,
                                "5W": 0
                        },
                        {
                                "Bowling": "2016",
                                "Mat": 9,
                                "Balls": 156,
                                "Runs": 234,
                                "WKTS": 10,
                                "BBM": "3/28",
                                "Ave": 23.4,
                                "Econ": 9.0,
                                "SR": 15.6,
                                "4W": 0,
                                "5W": 0
                        },
                        {
                                "Bowling": "2015",
                                "Mat": 12,
                                "Balls": 252,
                                "Runs": 382,
                                "WKTS": 10,
                                "BBM": "3/33",
                                "Ave": 38.2,
                                "Econ": 9.09,
                                "SR": 25.2,
                                "4W": 0,
                                "5W": 0
                        },
                        {
                                "Bowling": "2014",
                                "Mat": 12,
                                "Balls": 270,
                                "Runs": 367,
                                "WKTS": 11,
                                "BBM": "3/13",
                                "Ave": 33.36,
                                "Econ": 8.15,
                                "SR": 24.54,
                                "4W": 0,
                                "5W": 0
                        },
                        {
                                "Bowling": "2013",
                                "Mat": 16,
                                "Balls": 347,
                                "Runs": 508,
                                "WKTS": 16,
                                "BBM": "4/24",
                                "Ave": 31.75,
                                "Econ": 8.78,
                                "SR": 21.68,
                                "4W": 1,
                                "5W": 0
                        },
                        {
                                "Bowling": "2012",
                                "Mat": 17,
                                "Balls": 366,
                                "Runs": 453,
                                "WKTS": 19,
                                "BBM": "3/19",
                                "Ave": 23.84,
                                "Econ": 7.42,
                                "SR": 19.26,
                                "4W": 0,
                                "5W": 0
                        },
                        {
                                "Bowling": "2011",
                                "Mat": 7,
                                "Balls": 108,
                                "Runs": 169,
                                "WKTS": 2,
                                "BBM": "2/29",
                                "Ave": 84.5,
                                "Econ": 9.38,
                                "SR": 54.0,
                                "4W": 0,
                                "5W": 0
                        },
                        {
                                "Bowling": "2010",
                                "Mat": 7,
                                "Balls": 144,
                                "Runs": 184,
                                "WKTS": 6,
                                "BBM": "2/24",
                                "Ave": 30.66,
                                "Econ": 7.66,
                                "SR": 24.0,
                                "4W": 0,
                                "5W": 0
                        }
                ]
        }
}