{
        "Varun Aaron": {
                "team_name": "rajasthan-royals",
                "stats": {
                        "Matches": "5",
                        "Runs": "3",
                        "Wickets": "4"
                },
                "details": {
                        "Role": "",
                        "Batting Style": "Right-handed",
                        "Bowling Style": "",
                        "Nationality": "Indian",
                        "Nickname": "",
                        "DOB": "29 October 1989",
                        "IPL Debut": ""
                },
                "Batting and Fielding": [
                        {
                                "Batting and Fielding": "Career",
                                "Mat": 47,
                                "No": 7,
                                "Runs": 49,
                                "HS": "17",
                                "Ave": "12.25",
                                "BF": 62,
                                "SR": "79.03",
                                "100": 0,
                                "50": 0,
                                "4s": 2,
                                "6s": 2,
                                "CT": 3,
                                "ST": 0
                        },
                        {
                                "Batting and Fielding": "2019",
                                "Mat": 5,
                                "No": 1,
                                "Runs": 3,
                                "HS": "3",
                                "Ave": "-",
                                "BF": 7,
                                "SR": "42.85",
                                "100": 0,
                                "50": 0,
                                "4s": 0,
                                "6s": 0,
                                "CT": 1,
                                "ST": 0
                        },
                        {
                                "Batting and Fielding": "2017",
                                "Mat": 6,
                                "No": 1,
                                "Runs": 4,
                                "HS": "4",
                                "Ave": "4.00",
                                "BF": 10,
                                "SR": "40.00",
                                "100": 0,
                                "50": 0,
                                "4s": 0,
                                "6s": 0,
                                "CT": 0,
                                "ST": 0
                        },
                        {
                                "Batting and Fielding": "2016",
                                "Mat": 8,
                                "No": 1,
                                "Runs": 0,
                                "HS": "0",
                                "Ave": "-",
                                "BF": 0,
                                "SR": "-",
                                "100": 0,
                                "50": 0,
                                "4s": 0,
                                "6s": 0,
                                "CT": 0,
                                "ST": 0
                        },
                        {
                                "Batting and Fielding": "2015",
                                "Mat": 6,
                                "No": 0,
                                "Runs": 6,
                                "HS": "6",
                                "Ave": "6.00",
                                "BF": 3,
                                "SR": "200.00",
                                "100": 0,
                                "50": 0,
                                "4s": 0,
                                "6s": 1,
                                "CT": 1,
                                "ST": 0
                        },
                        {
                                "Batting and Fielding": "2014",
                                "Mat": 10,
                                "No": 3,
                                "Runs": 35,
                                "HS": "17",
                                "Ave": "-",
                                "BF": 34,
                                "SR": "102.94",
                                "100": 0,
                                "50": 0,
                                "4s": 2,
                                "6s": 1,
                                "CT": 0,
                                "ST": 0
                        },
                        {
                                "Batting and Fielding": "2012",
                                "Mat": 8,
                                "No": 0,
                                "Runs": 1,
                                "HS": "1",
                                "Ave": "0.50",
                                "BF": 3,
                                "SR": "33.33",
                                "100": 0,
                                "50": 0,
                                "4s": 0,
                                "6s": 0,
                                "CT": 1,
                                "ST": 0
                        },
                        {
                                "Batting and Fielding": "2011",
                                "Mat": 4,
                                "No": 1,
                                "Runs": 0,
                                "HS": "0",
                                "Ave": "-",
                                "BF": 5,
                                "SR": "0.00",
                                "100": 0,
                                "50": 0,
                                "4s": 0,
                                "6s": 0,
                                "CT": 0,
                                "ST": 0
                        }
                ],
                "Bowling": [
                        {
                                "Bowling": "Career",
                                "Mat": 47,
                                "Balls": 916,
                                "Runs": 1335,
                                "WKTS": 42,
                                "BBM": "3/16",
                                "Ave": 31.78,
                                "Econ": 8.74,
                                "SR": 21.8,
                                "4W": 0,
                                "5W": 0
                        },
                        {
                                "Bowling": "2019",
                                "Mat": 5,
                                "Balls": 72,
                                "Runs": 116,
                                "WKTS": 4,
                                "BBM": "2/20",
                                "Ave": 29.0,
                                "Econ": 9.66,
                                "SR": 18.0,
                                "4W": 0,
                                "5W": 0
                        },
                        {
                                "Bowling": "2017",
                                "Mat": 6,
                                "Balls": 120,
                                "Runs": 163,
                                "WKTS": 7,
                                "BBM": "2/3",
                                "Ave": 23.28,
                                "Econ": 8.15,
                                "SR": 17.14,
                                "4W": 0,
                                "5W": 0
                        },
                        {
                                "Bowling": "2016",
                                "Mat": 8,
                                "Balls": 142,
                                "Runs": 227,
                                "WKTS": 2,
                                "BBM": "2/37",
                                "Ave": 113.5,
                                "Econ": 9.59,
                                "SR": 71.0,
                                "4W": 0,
                                "5W": 0
                        },
                        {
                                "Bowling": "2015",
                                "Mat": 6,
                                "Balls": 104,
                                "Runs": 177,
                                "WKTS": 3,
                                "BBM": "2/24",
                                "Ave": 59.0,
                                "Econ": 10.21,
                                "SR": 34.66,
                                "4W": 0,
                                "5W": 0
                        },
                        {
                                "Bowling": "2014",
                                "Mat": 10,
                                "Balls": 220,
                                "Runs": 299,
                                "WKTS": 16,
                                "BBM": "3/16",
                                "Ave": 18.68,
                                "Econ": 8.15,
                                "SR": 13.75,
                                "4W": 0,
                                "5W": 0
                        },
                        {
                                "Bowling": "2012",
                                "Mat": 8,
                                "Balls": 186,
                                "Runs": 271,
                                "WKTS": 8,
                                "BBM": "2/19",
                                "Ave": 33.87,
                                "Econ": 8.74,
                                "SR": 23.25,
                                "4W": 0,
                                "5W": 0
                        },
                        {
                                "Bowling": "2011",
                                "Mat": 4,
                                "Balls": 72,
                                "Runs": 82,
                                "WKTS": 2,
                                "BBM": "1/20",
                                "Ave": 41.0,
                                "Econ": 6.83,
                                "SR": 36.0,
                                "4W": 0,
                                "5W": 0
                        }
                ]
        }
}