{
        "Virat Kohli": {
                "team_name": "royal-challengers-bangalore",
                "stats": {
                        "Matches": "14",
                        "Runs": "464",
                        "Wickets": "0"
                },
                "details": {
                        "Role": "",
                        "Batting Style": "Right-handed",
                        "Bowling Style": "",
                        "Nationality": "Indian",
                        "Nickname": "",
                        "DOB": "05 November 1988",
                        "IPL Debut": ""
                },
                "Batting and Fielding": [
                        {
                                "Batting and Fielding": "Career",
                                "Mat": 177,
                                "No": 26,
                                "Runs": 5412,
                                "HS": "113",
                                "Ave": 37.84,
                                "BF": 4112,
                                "SR": 131.61,
                                "100": 5,
                                "50": 36,
                                "4s": 480,
                                "6s": 191,
                                "CT": 74,
                                "ST": 0
                        },
                        {
                                "Batting and Fielding": "2019",
                                "Mat": 14,
                                "No": 0,
                                "Runs": 464,
                                "HS": "100",
                                "Ave": 33.14,
                                "BF": 328,
                                "SR": 141.46,
                                "100": 1,
                                "50": 2,
                                "4s": 46,
                                "6s": 13,
                                "CT": 5,
                                "ST": 0
                        },
                        {
                                "Batting and Fielding": "2018",
                                "Mat": 14,
                                "No": 3,
                                "Runs": 530,
                                "HS": "92",
                                "Ave": 48.18,
                                "BF": 381,
                                "SR": 139.1,
                                "100": 0,
                                "50": 4,
                                "4s": 52,
                                "6s": 18,
                                "CT": 8,
                                "ST": 0
                        },
                        {
                                "Batting and Fielding": "2017",
                                "Mat": 10,
                                "No": 0,
                                "Runs": 308,
                                "HS": "64",
                                "Ave": 30.8,
                                "BF": 252,
                                "SR": 122.22,
                                "100": 0,
                                "50": 4,
                                "4s": 23,
                                "6s": 11,
                                "CT": 6,
                                "ST": 0
                        },
                        {
                                "Batting and Fielding": "2016",
                                "Mat": 16,
                                "No": 4,
                                "Runs": 973,
                                "HS": "113",
                                "Ave": 81.08,
                                "BF": 640,
                                "SR": 152.03,
                                "100": 4,
                                "50": 7,
                                "4s": 83,
                                "6s": 38,
                                "CT": 6,
                                "ST": 0
                        },
                        {
                                "Batting and Fielding": "2015",
                                "Mat": 16,
                                "No": 5,
                                "Runs": 505,
                                "HS": "82",
                                "Ave": 45.9,
                                "BF": 386,
                                "SR": 130.82,
                                "100": 0,
                                "50": 3,
                                "4s": 35,
                                "6s": 23,
                                "CT": 7,
                                "ST": 0
                        },
                        {
                                "Batting and Fielding": "2014",
                                "Mat": 14,
                                "No": 1,
                                "Runs": 359,
                                "HS": "73",
                                "Ave": 27.61,
                                "BF": 294,
                                "SR": 122.1,
                                "100": 0,
                                "50": 2,
                                "4s": 23,
                                "6s": 16,
                                "CT": 7,
                                "ST": 0
                        },
                        {
                                "Batting and Fielding": "2013",
                                "Mat": 16,
                                "No": 2,
                                "Runs": 634,
                                "HS": "99",
                                "Ave": 45.28,
                                "BF": 457,
                                "SR": 138.73,
                                "100": 0,
                                "50": 6,
                                "4s": 64,
                                "6s": 22,
                                "CT": 7,
                                "ST": 0
                        },
                        {
                                "Batting and Fielding": "2012",
                                "Mat": 16,
                                "No": 2,
                                "Runs": 364,
                                "HS": "73",
                                "Ave": 28.0,
                                "BF": 326,
                                "SR": 111.65,
                                "100": 0,
                                "50": 2,
                                "4s": 33,
                                "6s": 10,
                                "CT": 7,
                                "ST": 0
                        },
                        {
                                "Batting and Fielding": "2011",
                                "Mat": 16,
                                "No": 4,
                                "Runs": 557,
                                "HS": "71",
                                "Ave": 46.41,
                                "BF": 460,
                                "SR": 121.08,
                                "100": 0,
                                "50": 4,
                                "4s": 55,
                                "6s": 16,
                                "CT": 7,
                                "ST": 0
                        },
                        {
                                "Batting and Fielding": "2010",
                                "Mat": 16,
                                "No": 2,
                                "Runs": 307,
                                "HS": "58",
                                "Ave": 27.9,
                                "BF": 212,
                                "SR": 144.81,
                                "100": 0,
                                "50": 1,
                                "4s": 26,
                                "6s": 12,
                                "CT": 3,
                                "ST": 0
                        },
                        {
                                "Batting and Fielding": "2009",
                                "Mat": 16,
                                "No": 2,
                                "Runs": 246,
                                "HS": "50",
                                "Ave": 22.36,
                                "BF": 219,
                                "SR": 112.32,
                                "100": 0,
                                "50": 1,
                                "4s": 22,
                                "6s": 8,
                                "CT": 9,
                                "ST": 0
                        },
                        {
                                "Batting and Fielding": "2008",
                                "Mat": 13,
                                "No": 1,
                                "Runs": 165,
                                "HS": "38",
                                "Ave": 15.0,
                                "BF": 157,
                                "SR": 105.09,
                                "100": 0,
                                "50": 0,
                                "4s": 18,
                                "6s": 4,
                                "CT": 2,
                                "ST": 0
                        }
                ],
                "Bowling": [
                        {
                                "Bowling": "Career",
                                "Mat": 177,
                                "Balls": 251,
                                "Runs": 368,
                                "WKTS": 4,
                                "BBM": "2/25",
                                "Ave": "92.00",
                                "Econ": "8.79",
                                "SR": "62.75",
                                "4W": 0,
                                "5W": 0
                        },
                        {
                                "Bowling": "2019",
                                "Mat": 14,
                                "Balls": 0,
                                "Runs": 0,
                                "WKTS": 0,
                                "BBM": "0/0",
                                "Ave": "-",
                                "Econ": "-",
                                "SR": "-",
                                "4W": 0,
                                "5W": 0
                        },
                        {
                                "Bowling": "2018",
                                "Mat": 14,
                                "Balls": 0,
                                "Runs": 0,
                                "WKTS": 0,
                                "BBM": "0/0",
                                "Ave": "-",
                                "Econ": "-",
                                "SR": "-",
                                "4W": 0,
                                "5W": 0
                        },
                        {
                                "Bowling": "2017",
                                "Mat": 10,
                                "Balls": 0,
                                "Runs": 0,
                                "WKTS": 0,
                                "BBM": "0/0",
                                "Ave": "-",
                                "Econ": "-",
                                "SR": "-",
                                "4W": 0,
                                "5W": 0
                        },
                        {
                                "Bowling": "2016",
                                "Mat": 16,
                                "Balls": 6,
                                "Runs": 13,
                                "WKTS": 0,
                                "BBM": "0/0",
                                "Ave": "-",
                                "Econ": "13.00",
                                "SR": "-",
                                "4W": 0,
                                "5W": 0
                        },
                        {
                                "Bowling": "2015",
                                "Mat": 16,
                                "Balls": 11,
                                "Runs": 10,
                                "WKTS": 0,
                                "BBM": "0/0",
                                "Ave": "-",
                                "Econ": "5.45",
                                "SR": "-",
                                "4W": 0,
                                "5W": 0
                        },
                        {
                                "Bowling": "2014",
                                "Mat": 14,
                                "Balls": 0,
                                "Runs": 0,
                                "WKTS": 0,
                                "BBM": "0/0",
                                "Ave": "-",
                                "Econ": "-",
                                "SR": "-",
                                "4W": 0,
                                "5W": 0
                        },
                        {
                                "Bowling": "2013",
                                "Mat": 16,
                                "Balls": 0,
                                "Runs": 0,
                                "WKTS": 0,
                                "BBM": "0/0",
                                "Ave": "-",
                                "Econ": "-",
                                "SR": "-",
                                "4W": 0,
                                "5W": 0
                        },
                        {
                                "Bowling": "2012",
                                "Mat": 16,
                                "Balls": 18,
                                "Runs": 49,
                                "WKTS": 0,
                                "BBM": "0/0",
                                "Ave": "-",
                                "Econ": "16.33",
                                "SR": "-",
                                "4W": 0,
                                "5W": 0
                        },
                        {
                                "Bowling": "2011",
                                "Mat": 16,
                                "Balls": 102,
                                "Runs": 139,
                                "WKTS": 2,
                                "BBM": "1/8",
                                "Ave": "69.50",
                                "Econ": "8.17",
                                "SR": "51.00",
                                "4W": 0,
                                "5W": 0
                        },
                        {
                                "Bowling": "2010",
                                "Mat": 16,
                                "Balls": 32,
                                "Runs": 50,
                                "WKTS": 0,
                                "BBM": "0/0",
                                "Ave": "-",
                                "Econ": "9.37",
                                "SR": "-",
                                "4W": 0,
                                "5W": 0
                        },
                        {
                                "Bowling": "2009",
                                "Mat": 16,
                                "Balls": 36,
                                "Runs": 46,
                                "WKTS": 0,
                                "BBM": "0/0",
                                "Ave": "-",
                                "Econ": "7.66",
                                "SR": "-",
                                "4W": 0,
                                "5W": 0
                        },
                        {
                                "Bowling": "2008",
                                "Mat": 13,
                                "Balls": 46,
                                "Runs": 61,
                                "WKTS": 2,
                                "BBM": "2/25",
                                "Ave": "30.50",
                                "Econ": "7.95",
                                "SR": "23.00",
                                "4W": 0,
                                "5W": 0
                        }
                ]
        }
}