{
        "Wriddhiman Saha": {
                "team_name": "sunrisers-hyderabad",
                "stats": {
                        "Matches": "5",
                        "Runs": "86",
                        "Wickets": "0"
                },
                "details": {
                        "Role": "",
                        "Batting Style": "Right-handed",
                        "Bowling Style": "",
                        "Nationality": "Indian",
                        "Nickname": "",
                        "DOB": "24 October 1984",
                        "IPL Debut": ""
                },
                "Batting and Fielding": [
                        {
                                "Batting and Fielding": "Career",
                                "Mat": 120,
                                "No": 21,
                                "Runs": 1765,
                                "HS": "115",
                                "Ave": 23.85,
                                "BF": 1346,
                                "SR": 131.12,
                                "100": 1,
                                "50": 6,
                                "4s": 160,
                                "6s": 59,
                                "CT": 60,
                                "ST": 19
                        },
                        {
                                "Batting and Fielding": "2019",
                                "Mat": 5,
                                "No": 0,
                                "Runs": 86,
                                "HS": "28",
                                "Ave": 17.2,
                                "BF": 53,
                                "SR": 162.26,
                                "100": 0,
                                "50": 0,
                                "4s": 13,
                                "6s": 1,
                                "CT": 4,
                                "ST": 1
                        },
                        {
                                "Batting and Fielding": "2018",
                                "Mat": 11,
                                "No": 2,
                                "Runs": 122,
                                "HS": "35",
                                "Ave": 15.25,
                                "BF": 102,
                                "SR": 119.6,
                                "100": 0,
                                "50": 0,
                                "4s": 17,
                                "6s": 1,
                                "CT": 5,
                                "ST": 1
                        },
                        {
                                "Batting and Fielding": "2017",
                                "Mat": 14,
                                "No": 1,
                                "Runs": 234,
                                "HS": "93",
                                "Ave": 23.4,
                                "BF": 187,
                                "SR": 125.13,
                                "100": 0,
                                "50": 1,
                                "4s": 20,
                                "6s": 8,
                                "CT": 10,
                                "ST": 2
                        },
                        {
                                "Batting and Fielding": "2016",
                                "Mat": 12,
                                "No": 1,
                                "Runs": 270,
                                "HS": "56",
                                "Ave": 24.54,
                                "BF": 212,
                                "SR": 127.35,
                                "100": 0,
                                "50": 2,
                                "4s": 29,
                                "6s": 1,
                                "CT": 7,
                                "ST": 3
                        },
                        {
                                "Batting and Fielding": "2015",
                                "Mat": 14,
                                "No": 0,
                                "Runs": 249,
                                "HS": "42",
                                "Ave": 19.15,
                                "BF": 197,
                                "SR": 126.39,
                                "100": 0,
                                "50": 0,
                                "4s": 16,
                                "6s": 10,
                                "CT": 11,
                                "ST": 3
                        },
                        {
                                "Batting and Fielding": "2014",
                                "Mat": 17,
                                "No": 2,
                                "Runs": 362,
                                "HS": "115",
                                "Ave": 32.9,
                                "BF": 249,
                                "SR": 145.38,
                                "100": 1,
                                "50": 2,
                                "4s": 33,
                                "6s": 18,
                                "CT": 8,
                                "ST": 4
                        },
                        {
                                "Batting and Fielding": "2013",
                                "Mat": 3,
                                "No": 0,
                                "Runs": 70,
                                "HS": "39",
                                "Ave": 23.33,
                                "BF": 56,
                                "SR": 125.0,
                                "100": 0,
                                "50": 0,
                                "4s": 6,
                                "6s": 4,
                                "CT": 0,
                                "ST": 0
                        },
                        {
                                "Batting and Fielding": "2012",
                                "Mat": 4,
                                "No": 0,
                                "Runs": 6,
                                "HS": "6",
                                "Ave": 6.0,
                                "BF": 14,
                                "SR": 42.85,
                                "100": 0,
                                "50": 0,
                                "4s": 0,
                                "6s": 0,
                                "CT": 0,
                                "ST": 0
                        },
                        {
                                "Batting and Fielding": "2011",
                                "Mat": 7,
                                "No": 2,
                                "Runs": 68,
                                "HS": "46",
                                "Ave": 68.0,
                                "BF": 63,
                                "SR": 107.93,
                                "100": 0,
                                "50": 0,
                                "4s": 2,
                                "6s": 4,
                                "CT": 2,
                                "ST": 0
                        },
                        {
                                "Batting and Fielding": "2010",
                                "Mat": 13,
                                "No": 4,
                                "Runs": 67,
                                "HS": "22",
                                "Ave": 22.33,
                                "BF": 53,
                                "SR": 126.41,
                                "100": 0,
                                "50": 0,
                                "4s": 9,
                                "6s": 1,
                                "CT": 3,
                                "ST": 3
                        },
                        {
                                "Batting and Fielding": "2009",
                                "Mat": 8,
                                "No": 4,
                                "Runs": 72,
                                "HS": "25",
                                "Ave": 24.0,
                                "BF": 41,
                                "SR": 175.6,
                                "100": 0,
                                "50": 0,
                                "4s": 3,
                                "6s": 4,
                                "CT": 2,
                                "ST": 0
                        },
                        {
                                "Batting and Fielding": "2008",
                                "Mat": 12,
                                "No": 5,
                                "Runs": 159,
                                "HS": "59",
                                "Ave": 31.8,
                                "BF": 119,
                                "SR": 133.61,
                                "100": 0,
                                "50": 1,
                                "4s": 12,
                                "6s": 7,
                                "CT": 8,
                                "ST": 2
                        }
                ],
                "Bowling": [
                        {
                                "Bowling": "Career",
                                "Mat": 120,
                                "Balls": 0,
                                "Runs": 0,
                                "WKTS": 0,
                                "BBM": "0/0",
                                "Ave": "-",
                                "Econ": "-",
                                "SR": "-",
                                "4W": 0,
                                "5W": 0
                        },
                        {
                                "Bowling": "2019",
                                "Mat": 5,
                                "Balls": 0,
                                "Runs": 0,
                                "WKTS": 0,
                                "BBM": "0/0",
                                "Ave": "-",
                                "Econ": "-",
                                "SR": "-",
                                "4W": 0,
                                "5W": 0
                        },
                        {
                                "Bowling": "2018",
                                "Mat": 11,
                                "Balls": 0,
                                "Runs": 0,
                                "WKTS": 0,
                                "BBM": "0/0",
                                "Ave": "-",
                                "Econ": "-",
                                "SR": "-",
                                "4W": 0,
                                "5W": 0
                        },
                        {
                                "Bowling": "2017",
                                "Mat": 14,
                                "Balls": 0,
                                "Runs": 0,
                                "WKTS": 0,
                                "BBM": "0/0",
                                "Ave": "-",
                                "Econ": "-",
                                "SR": "-",
                                "4W": 0,
                                "5W": 0
                        },
                        {
                                "Bowling": "2016",
                                "Mat": 12,
                                "Balls": 0,
                                "Runs": 0,
                                "WKTS": 0,
                                "BBM": "0/0",
                                "Ave": "-",
                                "Econ": "-",
                                "SR": "-",
                                "4W": 0,
                                "5W": 0
                        },
                        {
                                "Bowling": "2015",
                                "Mat": 14,
                                "Balls": 0,
                                "Runs": 0,
                                "WKTS": 0,
                                "BBM": "0/0",
                                "Ave": "-",
                                "Econ": "-",
                                "SR": "-",
                                "4W": 0,
                                "5W": 0
                        },
                        {
                                "Bowling": "2014",
                                "Mat": 17,
                                "Balls": 0,
                                "Runs": 0,
                                "WKTS": 0,
                                "BBM": "0/0",
                                "Ave": "-",
                                "Econ": "-",
                                "SR": "-",
                                "4W": 0,
                                "5W": 0
                        },
                        {
                                "Bowling": "2013",
                                "Mat": 3,
                                "Balls": 0,
                                "Runs": 0,
                                "WKTS": 0,
                                "BBM": "0/0",
                                "Ave": "-",
                                "Econ": "-",
                                "SR": "-",
                                "4W": 0,
                                "5W": 0
                        },
                        {
                                "Bowling": "2012",
                                "Mat": 4,
                                "Balls": 0,
                                "Runs": 0,
                                "WKTS": 0,
                                "BBM": "0/0",
                                "Ave": "-",
                                "Econ": "-",
                                "SR": "-",
                                "4W": 0,
                                "5W": 0
                        },
                        {
                                "Bowling": "2011",
                                "Mat": 7,
                                "Balls": 0,
                                "Runs": 0,
                                "WKTS": 0,
                                "BBM": "0/0",
                                "Ave": "-",
                                "Econ": "-",
                                "SR": "-",
                                "4W": 0,
                                "5W": 0
                        },
                        {
                                "Bowling": "2010",
                                "Mat": 13,
                                "Balls": 0,
                                "Runs": 0,
                                "WKTS": 0,
                                "BBM": "0/0",
                                "Ave": "-",
                                "Econ": "-",
                                "SR": "-",
                                "4W": 0,
                                "5W": 0
                        },
                        {
                                "Bowling": "2009",
                                "Mat": 8,
                                "Balls": 0,
                                "Runs": 0,
                                "WKTS": 0,
                                "BBM": "0/0",
                                "Ave": "-",
                                "Econ": "-",
                                "SR": "-",
                                "4W": 0,
                                "5W": 0
                        },
                        {
                                "Bowling": "2008",
                                "Mat": 12,
                                "Balls": 0,
                                "Runs": 0,
                                "WKTS": 0,
                                "BBM": "0/0",
                                "Ave": "-",
                                "Econ": "-",
                                "SR": "-",
                                "4W": 0,
                                "5W": 0
                        }
                ]
        }
}