{
        "Yuzvendra Chahal": {
                "team_name": "royal-challengers-bangalore",
                "stats": {
                        "Matches": "14",
                        "Runs": "6",
                        "Wickets": "18"
                },
                "details": {
                        "Role": "",
                        "Batting Style": "Right-handed",
                        "Bowling Style": "",
                        "Nationality": "Indian",
                        "Nickname": "",
                        "DOB": "23 July 1990",
                        "IPL Debut": ""
                },
                "Batting and Fielding": [
                        {
                                "Batting and Fielding": "Career",
                                "Mat": 84,
                                "No": 9,
                                "Runs": 21,
                                "HS": "4",
                                "Ave": "4.20",
                                "BF": 48,
                                "SR": "43.75",
                                "100": 0,
                                "50": 0,
                                "4s": 0,
                                "6s": 0,
                                "CT": 19,
                                "ST": 0
                        },
                        {
                                "Batting and Fielding": "2019",
                                "Mat": 14,
                                "No": 1,
                                "Runs": 6,
                                "HS": "4",
                                "Ave": "3.00",
                                "BF": 16,
                                "SR": "37.50",
                                "100": 0,
                                "50": 0,
                                "4s": 0,
                                "6s": 0,
                                "CT": 3,
                                "ST": 0
                        },
                        {
                                "Batting and Fielding": "2018",
                                "Mat": 14,
                                "No": 1,
                                "Runs": 0,
                                "HS": "0",
                                "Ave": "-",
                                "BF": 4,
                                "SR": "0.00",
                                "100": 0,
                                "50": 0,
                                "4s": 0,
                                "6s": 0,
                                "CT": 2,
                                "ST": 0
                        },
                        {
                                "Batting and Fielding": "2017",
                                "Mat": 13,
                                "No": 3,
                                "Runs": 13,
                                "HS": "4",
                                "Ave": "4.33",
                                "BF": 26,
                                "SR": "50.00",
                                "100": 0,
                                "50": 0,
                                "4s": 0,
                                "6s": 0,
                                "CT": 3,
                                "ST": 0
                        },
                        {
                                "Batting and Fielding": "2016",
                                "Mat": 13,
                                "No": 0,
                                "Runs": 0,
                                "HS": "0",
                                "Ave": "-",
                                "BF": 0,
                                "SR": "-",
                                "100": 0,
                                "50": 0,
                                "4s": 0,
                                "6s": 0,
                                "CT": 4,
                                "ST": 0
                        },
                        {
                                "Batting and Fielding": "2015",
                                "Mat": 15,
                                "No": 2,
                                "Runs": 1,
                                "HS": "1",
                                "Ave": "-",
                                "BF": 1,
                                "SR": "100.00",
                                "100": 0,
                                "50": 0,
                                "4s": 0,
                                "6s": 0,
                                "CT": 4,
                                "ST": 0
                        },
                        {
                                "Batting and Fielding": "2014",
                                "Mat": 14,
                                "No": 2,
                                "Runs": 1,
                                "HS": "1",
                                "Ave": "-",
                                "BF": 1,
                                "SR": "100.00",
                                "100": 0,
                                "50": 0,
                                "4s": 0,
                                "6s": 0,
                                "CT": 3,
                                "ST": 0
                        },
                        {
                                "Batting and Fielding": "2013",
                                "Mat": 1,
                                "No": 0,
                                "Runs": 0,
                                "HS": "0",
                                "Ave": "-",
                                "BF": 0,
                                "SR": "-",
                                "100": 0,
                                "50": 0,
                                "4s": 0,
                                "6s": 0,
                                "CT": 0,
                                "ST": 0
                        }
                ],
                "Bowling": [
                        {
                                "Bowling": "Career",
                                "Mat": 84,
                                "Balls": 1787,
                                "Runs": 2318,
                                "WKTS": 100,
                                "BBM": "4/25",
                                "Ave": "23.18",
                                "Econ": 7.78,
                                "SR": "17.87",
                                "4W": 2,
                                "5W": 0
                        },
                        {
                                "Bowling": "2019",
                                "Mat": 14,
                                "Balls": 296,
                                "Runs": 386,
                                "WKTS": 18,
                                "BBM": "4/38",
                                "Ave": "21.44",
                                "Econ": 7.82,
                                "SR": "16.44",
                                "4W": 1,
                                "5W": 0
                        },
                        {
                                "Bowling": "2018",
                                "Mat": 14,
                                "Balls": 300,
                                "Runs": 363,
                                "WKTS": 12,
                                "BBM": "2/22",
                                "Ave": "30.25",
                                "Econ": 7.26,
                                "SR": "25.00",
                                "4W": 0,
                                "5W": 0
                        },
                        {
                                "Bowling": "2017",
                                "Mat": 13,
                                "Balls": 261,
                                "Runs": 333,
                                "WKTS": 14,
                                "BBM": "3/16",
                                "Ave": "23.78",
                                "Econ": 7.65,
                                "SR": "18.64",
                                "4W": 0,
                                "5W": 0
                        },
                        {
                                "Bowling": "2016",
                                "Mat": 13,
                                "Balls": 295,
                                "Runs": 401,
                                "WKTS": 21,
                                "BBM": "4/25",
                                "Ave": "19.09",
                                "Econ": 8.15,
                                "SR": "14.04",
                                "4W": 1,
                                "5W": 0
                        },
                        {
                                "Bowling": "2015",
                                "Mat": 15,
                                "Balls": 281,
                                "Runs": 415,
                                "WKTS": 23,
                                "BBM": "3/40",
                                "Ave": "18.04",
                                "Econ": 8.86,
                                "SR": "12.21",
                                "4W": 0,
                                "5W": 0
                        },
                        {
                                "Bowling": "2014",
                                "Mat": 14,
                                "Balls": 330,
                                "Runs": 386,
                                "WKTS": 12,
                                "BBM": "2/17",
                                "Ave": "32.16",
                                "Econ": 7.01,
                                "SR": "27.50",
                                "4W": 0,
                                "5W": 0
                        },
                        {
                                "Bowling": "2013",
                                "Mat": 1,
                                "Balls": 24,
                                "Runs": 34,
                                "WKTS": 0,
                                "BBM": "0/34",
                                "Ave": "-",
                                "Econ": 8.5,
                                "SR": "-",
                                "4W": 0,
                                "5W": 0
                        }
                ]
        }
}